page,old_plan_url,new_url,old_parent,new_parent,silo,entity_type,geo_enabled,geo_region,geo_type,geo_slug,priority,notes
Главная,/,/,,,Сайт,structural,no,,,,,Корень сайта. Единственная страница карты без родителя.
Услуги,/uslugi/,/uslugi/,/,/,Каталог,structural,no,,,,,Каталог услуг. Родитель SILO первого уровня. Не отдельная коммерческая посадочная семантического ядра.
Наркологическая помощь,/uslugi/narkologicheskaya-pomosh/,/uslugi/narkologicheskaya-pomosh/,/uslugi/,/uslugi/,Наркологическая помощь,silo-root,no,,,,P0,
Консультация нарколога,/uslugi/narkologicheskaya-pomosh/konsultaciya-narkologa/,/uslugi/narkologicheskaya-pomosh/konsultaciya-narkologa/,/uslugi/narkologicheskaya-pomosh/,/uslugi/narkologicheskaya-pomosh/,Наркологическая помощь,child,no,,,,P0,
Приём психиатра-нарколога,/uslugi/narkologicheskaya-pomosh/psihiatr-narkolog/,/uslugi/narkologicheskaya-pomosh/psihiatr-narkolog/,/uslugi/narkologicheskaya-pomosh/,/uslugi/narkologicheskaya-pomosh/,Наркологическая помощь,child,no,,,,P1,
Онлайн-консультация психиатра-нарколога,/uslugi/narkologicheskaya-pomosh/onlajn-konsultaciya/,/uslugi/narkologicheskaya-pomosh/onlajn-konsultaciya/,/uslugi/narkologicheskaya-pomosh/,/uslugi/narkologicheskaya-pomosh/,Наркологическая помощь,child,no,,,,P1,
Наркологический стационар,/uslugi/narkologicheskaya-pomosh/stacionar/,/uslugi/narkologicheskaya-pomosh/stacionar/,/uslugi/narkologicheskaya-pomosh/,/uslugi/narkologicheskaya-pomosh/,Наркологическая помощь,child,no,,,,P0,
Госпитализация в стационар,/uslugi/narkologicheskaya-pomosh/gospitalizaciya/,/uslugi/narkologicheskaya-pomosh/gospitalizaciya/,/uslugi/narkologicheskaya-pomosh/,/uslugi/narkologicheskaya-pomosh/,Наркологическая помощь,child,no,,,,P1,
Частный вытрезвитель,/uslugi/narkologicheskaya-pomosh/chastnyj-vytrezvitel/,/uslugi/narkologicheskaya-pomosh/chastnyj-vytrezvitel/,/uslugi/narkologicheskaya-pomosh/,/uslugi/narkologicheskaya-pomosh/,Наркологическая помощь,child,no,,,,P1,
Срочная наркологическая помощь,/uslugi/narkologicheskaya-pomosh/srochnaya-pomosh/,/uslugi/narkologicheskaya-pomosh/srochnaya-pomosh/,/uslugi/narkologicheskaya-pomosh/,/uslugi/narkologicheskaya-pomosh/,Наркологическая помощь,child,no,,,,P1,Не использовать юридически нагруженное «скорая» без подтверждения лицензии/статуса.
Нарколог на дом,/uslugi/narkologicheskaya-pomosh/narkolog-na-dom/,/uslugi/narkolog-na-dom/,/uslugi/narkologicheskaya-pomosh/,/uslugi/,Нарколог на дом,silo-root,yes,,,,P0,"Самостоятельная пользовательская задача: выезд нарколога. Это не формат хаба «Наркологическая помощь» и не дубль вывода из запоя, капельницы или кодирования."
Нарколог на дом — Москва,,/uslugi/narkolog-na-dom/moskva/,,/uslugi/narkolog-na-dom/,Нарколог на дом,geo-hub,yes,moskva,hub,moskva,P0,"Индексируемый GEO-хаб. Родитель станций метро и административных округов. Станция и округ — параллельные URL, округ не становится родителем станции. Новый индексируемый GEO-хаб. В прежней схеме отдельной страницы региона не было."
Нарколог на дом — Московская область,,/uslugi/narkolog-na-dom/moskovskaya-oblast/,,/uslugi/narkolog-na-dom/,Нарколог на дом,geo-hub,yes,moskovskaya-oblast,hub,moskovskaya-oblast,P0,Индексируемый GEO-хаб. Родитель городов Московской области. Станции метро и округа Москвы сюда не входят. Новый индексируемый GEO-хаб. В прежней схеме отдельной страницы региона не было.
Вывод из запоя,/uslugi/lechenie-alkogolizma/vyvod-iz-zapoya/,/uslugi/vyvod-iz-zapoya/,/uslugi/lechenie-alkogolizma/,/uslugi/,Вывод из запоя,silo-root,no,,,,P0,"Самостоятельная острая задача, а не сегмент лечения алкоголизма. Форматы на дому и в стационаре остаются дочерними."
Вывод из запоя на дому,/uslugi/lechenie-alkogolizma/vyvod-iz-zapoya/na-domu/,/uslugi/vyvod-iz-zapoya/na-domu/,/uslugi/lechenie-alkogolizma/vyvod-iz-zapoya/,/uslugi/vyvod-iz-zapoya/,Вывод из запоя,child,yes,,,,P0,
Вывод из запоя на дому — Москва,,/uslugi/vyvod-iz-zapoya/na-domu/moskva/,,/uslugi/vyvod-iz-zapoya/na-domu/,Вывод из запоя,geo-hub,yes,moskva,hub,moskva,P0,"Индексируемый GEO-хаб. Родитель станций метро и административных округов. Станция и округ — параллельные URL, округ не становится родителем станции. Новый индексируемый GEO-хаб. В прежней схеме отдельной страницы региона не было."
Вывод из запоя на дому — Московская область,,/uslugi/vyvod-iz-zapoya/na-domu/moskovskaya-oblast/,,/uslugi/vyvod-iz-zapoya/na-domu/,Вывод из запоя,geo-hub,yes,moskovskaya-oblast,hub,moskovskaya-oblast,P0,Индексируемый GEO-хаб. Родитель городов Московской области. Станции метро и округа Москвы сюда не входят. Новый индексируемый GEO-хаб. В прежней схеме отдельной страницы региона не было.
Вывод из запоя в стационаре,/uslugi/lechenie-alkogolizma/vyvod-iz-zapoya/v-stacionare/,/uslugi/vyvod-iz-zapoya/v-stacionare/,/uslugi/lechenie-alkogolizma/vyvod-iz-zapoya/,/uslugi/vyvod-iz-zapoya/,Вывод из запоя,child,no,,,,P0,
Вывод из запоя + дальнейшее лечение,/uslugi/lechenie-alkogolizma/vyvod-iz-zapoya/s-dalnejshim-lecheniem/,/uslugi/vyvod-iz-zapoya/s-dalnejshim-lecheniem/,/uslugi/lechenie-alkogolizma/vyvod-iz-zapoya/,/uslugi/vyvod-iz-zapoya/,Вывод из запоя,child,no,,,,P1,
Капельницы и детокс,/uslugi/lechenie-alkogolizma/kapelnitsy/,/uslugi/kapelnitsy/,/uslugi/lechenie-alkogolizma/,/uslugi/,Капельницы и детокс,silo-root,no,,,,P0,"Самостоятельная задача детокса и капельницы. Алкогольная детоксикация, похмелье и абстинентный синдром остаются внутри этого SILO. Детоксикация от наркотиков не переносится, чтобы не дублировать SILO."
Капельница от запоя и алкоголя на дому,/uslugi/lechenie-alkogolizma/kapelnitsy/ot-zapoya-i-alkogolya/,/uslugi/kapelnitsy/ot-zapoya-i-alkogolya/,/uslugi/lechenie-alkogolizma/kapelnitsy/,/uslugi/kapelnitsy/,Капельницы и детокс,child,yes,,,,P0,"Объединяет «от запоя», «от алкоголя» и «на дому»; 301 с /kapelnica-na-domu/, /kapelnica-ot-zapoya/, /kapelnica-ot-alkogolya/, /kapelnicy-i-detoks/kapelnica-na-domu/, /kapelnicy-i-detoks/kapelnica-ot-zapoya/, /kapelnicy-i-detoks/kapelnica-ot-alkogolya/."
Капельница от запоя и алкоголя на дому — Москва,,/uslugi/kapelnitsy/ot-zapoya-i-alkogolya/moskva/,,/uslugi/kapelnitsy/ot-zapoya-i-alkogolya/,Капельницы и детокс,geo-hub,yes,moskva,hub,moskva,P0,"Индексируемый GEO-хаб. Родитель станций метро и административных округов. Станция и округ — параллельные URL, округ не становится родителем станции. Новый индексируемый GEO-хаб. В прежней схеме отдельной страницы региона не было."
Капельница от запоя и алкоголя на дому — Московская область,,/uslugi/kapelnitsy/ot-zapoya-i-alkogolya/moskovskaya-oblast/,,/uslugi/kapelnitsy/ot-zapoya-i-alkogolya/,Капельницы и детокс,geo-hub,yes,moskovskaya-oblast,hub,moskovskaya-oblast,P0,Индексируемый GEO-хаб. Родитель городов Московской области. Станции метро и округа Москвы сюда не входят. Новый индексируемый GEO-хаб. В прежней схеме отдельной страницы региона не было.
Капельница от похмелья,/uslugi/lechenie-alkogolizma/kapelnitsy/ot-pohmelya/,/uslugi/kapelnitsy/ot-pohmelya/,/uslugi/lechenie-alkogolizma/kapelnitsy/,/uslugi/kapelnitsy/,Капельницы и детокс,child,no,,,,P0,
Алкогольная детоксикация,/uslugi/lechenie-alkogolizma/kapelnitsy/detoksikaciya/,/uslugi/kapelnitsy/detoksikaciya/,/uslugi/lechenie-alkogolizma/kapelnitsy/,/uslugi/kapelnitsy/,Капельницы и детокс,child,no,,,,P1,
Алкогольная интоксикация,/uslugi/lechenie-alkogolizma/kapelnitsy/alkogolnaya-intoksikaciya/,/uslugi/kapelnitsy/alkogolnaya-intoksikaciya/,/uslugi/lechenie-alkogolizma/kapelnitsy/,/uslugi/kapelnitsy/,Капельницы и детокс,child,no,,,,P1,
Алкогольный абстинентный синдром,/uslugi/lechenie-alkogolizma/kapelnitsy/abstinentnyj-sindrom/,/uslugi/kapelnitsy/abstinentnyj-sindrom/,/uslugi/lechenie-alkogolizma/kapelnitsy/,/uslugi/kapelnitsy/,Капельницы и детокс,child,no,,,,P1,
Кодирование от алкоголизма,/uslugi/lechenie-alkogolizma/kodirovanie/,/uslugi/kodirovanie/,/uslugi/lechenie-alkogolizma/,/uslugi/,Кодирование,silo-root,yes,,,,P0,"Самостоятельная коммерческая задача. Методы, препараты и раскодирование остаются дочерними. ГЕО только у общего хаба кодирования."
Кодирование от алкоголизма — Москва,,/uslugi/kodirovanie/moskva/,,/uslugi/kodirovanie/,Кодирование,geo-hub,yes,moskva,hub,moskva,P0,"Индексируемый GEO-хаб. Родитель станций метро и административных округов. Станция и округ — параллельные URL, округ не становится родителем станции. Новый индексируемый GEO-хаб. В прежней схеме отдельной страницы региона не было."
Кодирование от алкоголизма — Московская область,,/uslugi/kodirovanie/moskovskaya-oblast/,,/uslugi/kodirovanie/,Кодирование,geo-hub,yes,moskovskaya-oblast,hub,moskovskaya-oblast,P0,Индексируемый GEO-хаб. Родитель городов Московской области. Станции метро и округа Москвы сюда не входят. Новый индексируемый GEO-хаб. В прежней схеме отдельной страницы региона не было.
Кодирование на дому,/uslugi/lechenie-alkogolizma/kodirovanie/na-domu/,/uslugi/kodirovanie/na-domu/,/uslugi/lechenie-alkogolizma/kodirovanie/,/uslugi/kodirovanie/,Кодирование,child,no,,,,P0,
Кодирование в клинике,/uslugi/lechenie-alkogolizma/kodirovanie/v-klinike/,/uslugi/kodirovanie/v-klinike/,/uslugi/lechenie-alkogolizma/kodirovanie/,/uslugi/kodirovanie/,Кодирование,child,no,,,,P1,
Медикаментозное кодирование,/uslugi/lechenie-alkogolizma/kodirovanie/medikamentoznoe/,/uslugi/kodirovanie/medikamentoznoe/,/uslugi/lechenie-alkogolizma/kodirovanie/,/uslugi/kodirovanie/,Кодирование,child,no,,,,P0,
Кодирование по методу Довженко,/uslugi/lechenie-alkogolizma/kodirovanie/metod-dovzhenko/,/uslugi/kodirovanie/metod-dovzhenko/,/uslugi/lechenie-alkogolizma/kodirovanie/,/uslugi/kodirovanie/,Кодирование,child,no,,,,P0,
Кодирование гипнозом,/uslugi/lechenie-alkogolizma/kodirovanie/gipnoz/,/uslugi/kodirovanie/gipnoz/,/uslugi/lechenie-alkogolizma/kodirovanie/,/uslugi/kodirovanie/,Кодирование,child,no,,,,P0,
Кодирование уколом,/uslugi/lechenie-alkogolizma/kodirovanie/ukol/,/uslugi/kodirovanie/ukol/,/uslugi/lechenie-alkogolizma/kodirovanie/,/uslugi/kodirovanie/,Кодирование,child,no,,,,P0,
Вшивание / подшивка,/uslugi/lechenie-alkogolizma/kodirovanie/vshivanie/,/uslugi/kodirovanie/vshivanie/,/uslugi/lechenie-alkogolizma/kodirovanie/,/uslugi/kodirovanie/,Кодирование,child,no,,,,P0,
Двойной блок,/uslugi/lechenie-alkogolizma/kodirovanie/dvojnoj-blok/,/uslugi/kodirovanie/dvojnoj-blok/,/uslugi/lechenie-alkogolizma/kodirovanie/,/uslugi/kodirovanie/,Кодирование,child,no,,,,P0,
Кодирование с провокацией,/uslugi/lechenie-alkogolizma/kodirovanie/s-provokaciej/,/uslugi/kodirovanie/s-provokaciej/,/uslugi/lechenie-alkogolizma/kodirovanie/,/uslugi/kodirovanie/,Кодирование,child,no,,,,P1,
Препараты для кодирования,/uslugi/lechenie-alkogolizma/kodirovanie/preparaty/,/uslugi/kodirovanie/preparaty/,/uslugi/lechenie-alkogolizma/kodirovanie/,/uslugi/kodirovanie/,Кодирование,child,no,,,,P1,
Кодирование: Эспераль,/uslugi/lechenie-alkogolizma/kodirovanie/preparaty/esperal/,/uslugi/kodirovanie/preparaty/esperal/,/uslugi/lechenie-alkogolizma/kodirovanie/preparaty/,/uslugi/kodirovanie/preparaty/,Кодирование,child,no,,,,P1,Публиковать только если метод/препарат реально используется клиникой; не размножать по ГЕО. Парная перелинковка с /uslugi/kodirovanie/raskodirovanie/esperal/.
Кодирование: Аквилонг,/uslugi/lechenie-alkogolizma/kodirovanie/preparaty/akvilong/,/uslugi/kodirovanie/preparaty/akvilong/,/uslugi/lechenie-alkogolizma/kodirovanie/preparaty/,/uslugi/kodirovanie/preparaty/,Кодирование,child,no,,,,P1,Публиковать только если метод/препарат реально используется клиникой; не размножать по ГЕО. Парная перелинковка с /uslugi/kodirovanie/raskodirovanie/akvilong/.
Кодирование: Алгоминал,/uslugi/lechenie-alkogolizma/kodirovanie/preparaty/algominal/,/uslugi/kodirovanie/preparaty/algominal/,/uslugi/lechenie-alkogolizma/kodirovanie/preparaty/,/uslugi/kodirovanie/preparaty/,Кодирование,child,no,,,,P1,Публиковать только если метод/препарат реально используется клиникой; не размножать по ГЕО. Парная перелинковка с /uslugi/kodirovanie/raskodirovanie/algominal/.
Кодирование: Дисульфирам,/uslugi/lechenie-alkogolizma/kodirovanie/preparaty/disulfiram/,/uslugi/kodirovanie/preparaty/disulfiram/,/uslugi/lechenie-alkogolizma/kodirovanie/preparaty/,/uslugi/kodirovanie/preparaty/,Кодирование,child,no,,,,P1,Публиковать только если метод/препарат реально используется клиникой; не размножать по ГЕО. Парная перелинковка с /uslugi/kodirovanie/raskodirovanie/disulfiram/.
Кодирование: Налтрексон,/uslugi/lechenie-alkogolizma/kodirovanie/preparaty/naltrekson/,/uslugi/kodirovanie/preparaty/naltrekson/,/uslugi/lechenie-alkogolizma/kodirovanie/preparaty/,/uslugi/kodirovanie/preparaty/,Кодирование,child,no,,,,P1,Публиковать только если метод/препарат реально используется клиникой; не размножать по ГЕО. Парная перелинковка с /uslugi/kodirovanie/raskodirovanie/naltrekson/.
Кодирование: Вивитрол,/uslugi/lechenie-alkogolizma/kodirovanie/preparaty/vivitrol/,/uslugi/kodirovanie/preparaty/vivitrol/,/uslugi/lechenie-alkogolizma/kodirovanie/preparaty/,/uslugi/kodirovanie/preparaty/,Кодирование,child,no,,,,P1,Публиковать только если метод/препарат реально используется клиникой; не размножать по ГЕО. Парная перелинковка с /uslugi/kodirovanie/raskodirovanie/vivitrol/.
Кодирование: Торпедо,/uslugi/lechenie-alkogolizma/kodirovanie/preparaty/torpedo/,/uslugi/kodirovanie/preparaty/torpedo/,/uslugi/lechenie-alkogolizma/kodirovanie/preparaty/,/uslugi/kodirovanie/preparaty/,Кодирование,child,no,,,,P1,Публиковать только если метод/препарат реально используется клиникой; не размножать по ГЕО. Парная перелинковка с /uslugi/kodirovanie/raskodirovanie/torpedo/.
Раскодирование,/uslugi/lechenie-alkogolizma/kodirovanie/raskodirovanie/,/uslugi/kodirovanie/raskodirovanie/,/uslugi/lechenie-alkogolizma/kodirovanie/,/uslugi/kodirovanie/,Кодирование,child,no,,,,P1,
Раскодирование от Эспераль,/uslugi/lechenie-alkogolizma/kodirovanie/raskodirovanie/esperal/,/uslugi/kodirovanie/raskodirovanie/esperal/,/uslugi/lechenie-alkogolizma/kodirovanie/raskodirovanie/,/uslugi/kodirovanie/raskodirovanie/,Кодирование,child,no,,,,P1,Публиковать только если препарат реально используется клиникой; не размножать по ГЕО. Парная перелинковка с /uslugi/kodirovanie/preparaty/esperal/.
Раскодирование от Аквилонг,/uslugi/lechenie-alkogolizma/kodirovanie/raskodirovanie/akvilong/,/uslugi/kodirovanie/raskodirovanie/akvilong/,/uslugi/lechenie-alkogolizma/kodirovanie/raskodirovanie/,/uslugi/kodirovanie/raskodirovanie/,Кодирование,child,no,,,,P1,Публиковать только если препарат реально используется клиникой; не размножать по ГЕО. Парная перелинковка с /uslugi/kodirovanie/preparaty/akvilong/.
Раскодирование от Алгоминал,/uslugi/lechenie-alkogolizma/kodirovanie/raskodirovanie/algominal/,/uslugi/kodirovanie/raskodirovanie/algominal/,/uslugi/lechenie-alkogolizma/kodirovanie/raskodirovanie/,/uslugi/kodirovanie/raskodirovanie/,Кодирование,child,no,,,,P1,Публиковать только если препарат реально используется клиникой; не размножать по ГЕО. Парная перелинковка с /uslugi/kodirovanie/preparaty/algominal/.
Раскодирование от Дисульфирам,/uslugi/lechenie-alkogolizma/kodirovanie/raskodirovanie/disulfiram/,/uslugi/kodirovanie/raskodirovanie/disulfiram/,/uslugi/lechenie-alkogolizma/kodirovanie/raskodirovanie/,/uslugi/kodirovanie/raskodirovanie/,Кодирование,child,no,,,,P1,Публиковать только если препарат реально используется клиникой; не размножать по ГЕО. Парная перелинковка с /uslugi/kodirovanie/preparaty/disulfiram/.
Раскодирование от Налтрексон,/uslugi/lechenie-alkogolizma/kodirovanie/raskodirovanie/naltrekson/,/uslugi/kodirovanie/raskodirovanie/naltrekson/,/uslugi/lechenie-alkogolizma/kodirovanie/raskodirovanie/,/uslugi/kodirovanie/raskodirovanie/,Кодирование,child,no,,,,P1,Публиковать только если препарат реально используется клиникой; не размножать по ГЕО. Парная перелинковка с /uslugi/kodirovanie/preparaty/naltrekson/.
Раскодирование от Вивитрол,/uslugi/lechenie-alkogolizma/kodirovanie/raskodirovanie/vivitrol/,/uslugi/kodirovanie/raskodirovanie/vivitrol/,/uslugi/lechenie-alkogolizma/kodirovanie/raskodirovanie/,/uslugi/kodirovanie/raskodirovanie/,Кодирование,child,no,,,,P1,Публиковать только если препарат реально используется клиникой; не размножать по ГЕО. Парная перелинковка с /uslugi/kodirovanie/preparaty/vivitrol/.
Раскодирование от Торпедо,/uslugi/lechenie-alkogolizma/kodirovanie/raskodirovanie/torpedo/,/uslugi/kodirovanie/raskodirovanie/torpedo/,/uslugi/lechenie-alkogolizma/kodirovanie/raskodirovanie/,/uslugi/kodirovanie/raskodirovanie/,Кодирование,child,no,,,,P1,Публиковать только если препарат реально используется клиникой; не размножать по ГЕО. Парная перелинковка с /uslugi/kodirovanie/preparaty/torpedo/.
Лечение алкоголизма,/uslugi/lechenie-alkogolizma/,/uslugi/lechenie-alkogolizma/,/uslugi/,/uslugi/,Лечение алкоголизма,silo-root,no,,,,P0,
Лечение алкоголизма на дому,/uslugi/lechenie-alkogolizma/na-domu/,/uslugi/lechenie-alkogolizma/na-domu/,/uslugi/lechenie-alkogolizma/,/uslugi/lechenie-alkogolizma/,Лечение алкоголизма,child,yes,,,,P1,
Лечение алкоголизма на дому — Московская область,,/uslugi/lechenie-alkogolizma/na-domu/moskovskaya-oblast/,,/uslugi/lechenie-alkogolizma/na-domu/,Лечение алкоголизма,geo-hub,yes,moskovskaya-oblast,hub,moskovskaya-oblast,P1,Индексируемый GEO-хаб. Родитель городов Московской области. Станции метро и округа Москвы сюда не входят. Только 30 городов tier-1. Новый индексируемый GEO-хаб. В прежней схеме отдельной страницы региона не было.
Лечение алкоголизма в стационаре,/uslugi/lechenie-alkogolizma/v-stacionare/,/uslugi/lechenie-alkogolizma/v-stacionare/,/uslugi/lechenie-alkogolizma/,/uslugi/lechenie-alkogolizma/,Лечение алкоголизма,child,no,,,,P0,
Амбулаторное лечение алкоголизма,/uslugi/lechenie-alkogolizma/ambulatorno/,/uslugi/lechenie-alkogolizma/ambulatorno/,/uslugi/lechenie-alkogolizma/,/uslugi/lechenie-alkogolizma/,Лечение алкоголизма,child,no,,,,P0,
Лечение женского алкоголизма,/uslugi/lechenie-alkogolizma/zhenskij-alkogolizm/,/uslugi/lechenie-alkogolizma/zhenskij-alkogolizm/,/uslugi/lechenie-alkogolizma/,/uslugi/lechenie-alkogolizma/,Лечение алкоголизма,child,no,,,,P0,
Лечение мужского алкоголизма,/uslugi/lechenie-alkogolizma/muzhskoj-alkogolizm/,/uslugi/lechenie-alkogolizma/muzhskoj-alkogolizm/,/uslugi/lechenie-alkogolizma/,/uslugi/lechenie-alkogolizma/,Лечение алкоголизма,child,no,,,,P1,
Лечение пивного алкоголизма,/uslugi/lechenie-alkogolizma/pivnoj-alkogolizm/,/uslugi/lechenie-alkogolizma/pivnoj-alkogolizm/,/uslugi/lechenie-alkogolizma/,/uslugi/lechenie-alkogolizma/,Лечение алкоголизма,child,no,,,,P0,
Лечение хронического алкоголизма,/uslugi/lechenie-alkogolizma/hronicheskij-alkogolizm/,/uslugi/lechenie-alkogolizma/hronicheskij-alkogolizm/,/uslugi/lechenie-alkogolizma/,/uslugi/lechenie-alkogolizma/,Лечение алкоголизма,child,no,,,,P1,
Лечение алкоголизма у пожилых,/uslugi/lechenie-alkogolizma/u-pozhilyh/,/uslugi/lechenie-alkogolizma/u-pozhilyh/,/uslugi/lechenie-alkogolizma/,/uslugi/lechenie-alkogolizma/,Лечение алкоголизма,child,no,,,,P1,
Лечение алкоголизма без кодирования,/uslugi/lechenie-alkogolizma/bez-kodirovaniya/,/uslugi/lechenie-alkogolizma/bez-kodirovaniya/,/uslugi/lechenie-alkogolizma/,/uslugi/lechenie-alkogolizma/,Лечение алкоголизма,child,no,,,,P1,
Лечение подросткового алкоголизма,/uslugi/lechenie-alkogolizma/podrostkovyj/,/uslugi/lechenie-alkogolizma/podrostkovyj/,/uslugi/lechenie-alkogolizma/,/uslugi/lechenie-alkogolizma/,Лечение алкоголизма,child,no,,,,P2,Только если клиника реально работает с несовершеннолетними и это покрыто лицензией/штатом.
Помощь при алкогольном делирии,/uslugi/lechenie-alkogolizma/alkogolnyj-delirij/,/uslugi/lechenie-alkogolizma/alkogolnyj-delirij/,/uslugi/lechenie-alkogolizma/,/uslugi/lechenie-alkogolizma/,Лечение алкоголизма,child,no,,,,P2,Высокорисковая медицинская тема; не обещать домашнее лечение.
Снятие ломки,/uslugi/lechenie-narkomanii/snyatie-lomki/,/uslugi/snyatie-lomki/,/uslugi/lechenie-narkomanii/,/uslugi/,Снятие ломки,silo-root,no,,,,P0,"Самостоятельная острая задача, аналог вывода из запоя. Форматы на дому и в стационаре остаются дочерними. УБОД остаётся внутри детоксикации от наркотиков. Отдельная ГЕО-матрица не создаётся."
Снятие ломки на дому,/uslugi/lechenie-narkomanii/snyatie-lomki/na-domu/,/uslugi/snyatie-lomki/na-domu/,/uslugi/lechenie-narkomanii/snyatie-lomki/,/uslugi/snyatie-lomki/,Снятие ломки,child,no,,,,P1,
Снятие ломки в стационаре,/uslugi/lechenie-narkomanii/snyatie-lomki/v-stacionare/,/uslugi/snyatie-lomki/v-stacionare/,/uslugi/lechenie-narkomanii/snyatie-lomki/,/uslugi/snyatie-lomki/,Снятие ломки,child,no,,,,P0,
Лечение наркомании,/uslugi/lechenie-narkomanii/,/uslugi/lechenie-narkomanii/,/uslugi/,/uslugi/,Лечение наркомании,silo-root,yes,,,,P0,
Лечение наркомании в стационаре,/uslugi/lechenie-narkomanii/v-stacionare/,/uslugi/lechenie-narkomanii/v-stacionare/,/uslugi/lechenie-narkomanii/,/uslugi/lechenie-narkomanii/,Лечение наркомании,child,no,,,,P0,
Лечение наркомании на дому,/uslugi/lechenie-narkomanii/na-domu/,/uslugi/lechenie-narkomanii/na-domu/,/uslugi/lechenie-narkomanii/,/uslugi/lechenie-narkomanii/,Лечение наркомании,child,no,,,,P1,
Амбулаторное лечение наркомании,/uslugi/lechenie-narkomanii/ambulatorno/,/uslugi/lechenie-narkomanii/ambulatorno/,/uslugi/lechenie-narkomanii/,/uslugi/lechenie-narkomanii/,Лечение наркомании,child,no,,,,P1,
Медикаментозное лечение наркомании,/uslugi/lechenie-narkomanii/medikamentoznoe/,/uslugi/lechenie-narkomanii/medikamentoznoe/,/uslugi/lechenie-narkomanii/,/uslugi/lechenie-narkomanii/,Лечение наркомании,child,no,,,,P1,
Детоксикация от наркотиков,/uslugi/lechenie-narkomanii/detoksikaciya/,/uslugi/lechenie-narkomanii/detoksikaciya/,/uslugi/lechenie-narkomanii/,/uslugi/lechenie-narkomanii/,Лечение наркомании,child,no,,,,P0,
УБОД,/uslugi/lechenie-narkomanii/detoksikaciya/ubod/,/uslugi/lechenie-narkomanii/detoksikaciya/ubod/,/uslugi/lechenie-narkomanii/detoksikaciya/,/uslugi/lechenie-narkomanii/detoksikaciya/,Лечение наркомании,child,no,,,,P0,Только если реально оказывается и есть соответствующие условия/специалисты.
Капельница при наркотической интоксикации,/uslugi/lechenie-narkomanii/detoksikaciya/kapelnica/,/uslugi/lechenie-narkomanii/detoksikaciya/kapelnica/,/uslugi/lechenie-narkomanii/detoksikaciya/,/uslugi/lechenie-narkomanii/detoksikaciya/,Лечение наркомании,child,no,,,,P1,
Лечение наркомании — Московская область,/uslugi/lechenie-narkomanii/mo/,/uslugi/lechenie-narkomanii/moskovskaya-oblast/,/uslugi/lechenie-narkomanii/,/uslugi/lechenie-narkomanii/,Лечение наркомании,geo-hub,yes,moskovskaya-oblast,hub,moskovskaya-oblast,P1,Индексируемый GEO-хаб Московской области. Технический каталог области убран из URL. Это родитель городских страниц.
Лечение героиновой зависимости,/uslugi/lechenie-narkomanii/geroin/,/uslugi/lechenie-narkomanii/geroin/,/uslugi/lechenie-narkomanii/,/uslugi/lechenie-narkomanii/,Лечение наркомании,child,no,,,,P0,Без ГЕО. Отдельный URL только под самостоятельный кластер вещества.
Лечение метадоновой зависимости,/uslugi/lechenie-narkomanii/metadon/,/uslugi/lechenie-narkomanii/metadon/,/uslugi/lechenie-narkomanii/,/uslugi/lechenie-narkomanii/,Лечение наркомании,child,no,,,,P0,Без ГЕО. Отдельный URL только под самостоятельный кластер вещества.
Лечение мефедроновой зависимости,/uslugi/lechenie-narkomanii/mefedron/,/uslugi/lechenie-narkomanii/mefedron/,/uslugi/lechenie-narkomanii/,/uslugi/lechenie-narkomanii/,Лечение наркомании,child,no,,,,P0,Без ГЕО. Отдельный URL только под самостоятельный кластер вещества.
Лечение кокаиновой зависимости,/uslugi/lechenie-narkomanii/kokain/,/uslugi/lechenie-narkomanii/kokain/,/uslugi/lechenie-narkomanii/,/uslugi/lechenie-narkomanii/,Лечение наркомании,child,no,,,,P0,Без ГЕО. Отдельный URL только под самостоятельный кластер вещества.
Лечение амфетаминовой зависимости,/uslugi/lechenie-narkomanii/amfetamin/,/uslugi/lechenie-narkomanii/amfetamin/,/uslugi/lechenie-narkomanii/,/uslugi/lechenie-narkomanii/,Лечение наркомании,child,no,,,,P0,Без ГЕО. Отдельный URL только под самостоятельный кластер вещества.
Лечение метамфетаминовой зависимости,/uslugi/lechenie-narkomanii/metamfetamin/,/uslugi/lechenie-narkomanii/metamfetamin/,/uslugi/lechenie-narkomanii/,/uslugi/lechenie-narkomanii/,Лечение наркомании,child,no,,,,P1,Без ГЕО. Отдельный URL только под самостоятельный кластер вещества.
Лечение зависимости от спайса,/uslugi/lechenie-narkomanii/spajs/,/uslugi/lechenie-narkomanii/spajs/,/uslugi/lechenie-narkomanii/,/uslugi/lechenie-narkomanii/,Лечение наркомании,child,no,,,,P0,Без ГЕО. Отдельный URL только под самостоятельный кластер вещества.
Лечение зависимости от гашиша,/uslugi/lechenie-narkomanii/gashish/,/uslugi/lechenie-narkomanii/gashish/,/uslugi/lechenie-narkomanii/,/uslugi/lechenie-narkomanii/,Лечение наркомании,child,no,,,,P0,Без ГЕО. Отдельный URL только под самостоятельный кластер вещества.
Лечение зависимости от марихуаны,/uslugi/lechenie-narkomanii/marihuana/,/uslugi/lechenie-narkomanii/marihuana/,/uslugi/lechenie-narkomanii/,/uslugi/lechenie-narkomanii/,Лечение наркомании,child,no,,,,P0,Без ГЕО. Отдельный URL только под самостоятельный кластер вещества.
Лечение зависимости от солей,/uslugi/lechenie-narkomanii/soli/,/uslugi/lechenie-narkomanii/soli/,/uslugi/lechenie-narkomanii/,/uslugi/lechenie-narkomanii/,Лечение наркомании,child,no,,,,P0,Без ГЕО. Отдельный URL только под самостоятельный кластер вещества.
Лечение зависимости от Альфа-PVP,/uslugi/lechenie-narkomanii/alfa-pvp/,/uslugi/lechenie-narkomanii/alfa-pvp/,/uslugi/lechenie-narkomanii/,/uslugi/lechenie-narkomanii/,Лечение наркомании,child,no,,,,P1,Без ГЕО. Отдельный URL только под самостоятельный кластер вещества.
Лечение зависимости от бутирата,/uslugi/lechenie-narkomanii/butirat/,/uslugi/lechenie-narkomanii/butirat/,/uslugi/lechenie-narkomanii/,/uslugi/lechenie-narkomanii/,Лечение наркомании,child,no,,,,P1,Без ГЕО. Отдельный URL только под самостоятельный кластер вещества.
Другие зависимости,/uslugi/drugie-zavisimosti/,/uslugi/drugie-zavisimosti/,/uslugi/,/uslugi/,Другие зависимости,silo-root,no,,,,P1,
Игромания / лудомания,/uslugi/drugie-zavisimosti/igromaniya/,/uslugi/drugie-zavisimosti/igromaniya/,/uslugi/drugie-zavisimosti/,/uslugi/drugie-zavisimosti/,Другие зависимости,child,no,,,,P0,
Зависимость от ставок,/uslugi/drugie-zavisimosti/stavki/,/uslugi/drugie-zavisimosti/stavki/,/uslugi/drugie-zavisimosti/,/uslugi/drugie-zavisimosti/,Другие зависимости,child,no,,,,P1,
Компьютерная зависимость,/uslugi/drugie-zavisimosti/kompyuternaya/,/uslugi/drugie-zavisimosti/kompyuternaya/,/uslugi/drugie-zavisimosti/,/uslugi/drugie-zavisimosti/,Другие зависимости,child,no,,,,P1,
Интернет-зависимость,/uslugi/drugie-zavisimosti/internet/,/uslugi/drugie-zavisimosti/internet/,/uslugi/drugie-zavisimosti/,/uslugi/drugie-zavisimosti/,Другие зависимости,child,no,,,,P1,
Никотиновая зависимость,/uslugi/drugie-zavisimosti/nikotinovaya/,/uslugi/drugie-zavisimosti/nikotinovaya/,/uslugi/drugie-zavisimosti/,/uslugi/drugie-zavisimosti/,Другие зависимости,child,no,,,,P1,
Токсикомания,/uslugi/drugie-zavisimosti/toksikomaniya/,/uslugi/drugie-zavisimosti/toksikomaniya/,/uslugi/drugie-zavisimosti/,/uslugi/drugie-zavisimosti/,Другие зависимости,child,no,,,,P0,
Лекарственная зависимость,/uslugi/drugie-zavisimosti/lekarstvennaya/,/uslugi/drugie-zavisimosti/lekarstvennaya/,/uslugi/drugie-zavisimosti/,/uslugi/drugie-zavisimosti/,Другие зависимости,child,no,,,,P0,
Прегабалин / Лирика,/uslugi/drugie-zavisimosti/lekarstvennaya/pregabalin/,/uslugi/drugie-zavisimosti/lekarstvennaya/pregabalin/,/uslugi/drugie-zavisimosti/lekarstvennaya/,/uslugi/drugie-zavisimosti/lekarstvennaya/,Другие зависимости,child,no,,,,P0,Формулировку «зависимость» использовать только после медицинской проверки конкретного вещества/сценария.
Бензодиазепины,/uslugi/drugie-zavisimosti/lekarstvennaya/benzodiazepiny/,/uslugi/drugie-zavisimosti/lekarstvennaya/benzodiazepiny/,/uslugi/drugie-zavisimosti/lekarstvennaya/,/uslugi/drugie-zavisimosti/lekarstvennaya/,Другие зависимости,child,no,,,,P1,Формулировку «зависимость» использовать только после медицинской проверки конкретного вещества/сценария.
Феназепам,/uslugi/drugie-zavisimosti/lekarstvennaya/fenazepam/,/uslugi/drugie-zavisimosti/lekarstvennaya/fenazepam/,/uslugi/drugie-zavisimosti/lekarstvennaya/,/uslugi/drugie-zavisimosti/lekarstvennaya/,Другие зависимости,child,no,,,,P1,Формулировку «зависимость» использовать только после медицинской проверки конкретного вещества/сценария.
Трамадол,/uslugi/drugie-zavisimosti/lekarstvennaya/tramadol/,/uslugi/drugie-zavisimosti/lekarstvennaya/tramadol/,/uslugi/drugie-zavisimosti/lekarstvennaya/,/uslugi/drugie-zavisimosti/lekarstvennaya/,Другие зависимости,child,no,,,,P1,Формулировку «зависимость» использовать только после медицинской проверки конкретного вещества/сценария.
Кодеин,/uslugi/drugie-zavisimosti/lekarstvennaya/kodein/,/uslugi/drugie-zavisimosti/lekarstvennaya/kodein/,/uslugi/drugie-zavisimosti/lekarstvennaya/,/uslugi/drugie-zavisimosti/lekarstvennaya/,Другие зависимости,child,no,,,,P1,Формулировку «зависимость» использовать только после медицинской проверки конкретного вещества/сценария.
Габапентин,/uslugi/drugie-zavisimosti/lekarstvennaya/gabapentin/,/uslugi/drugie-zavisimosti/lekarstvennaya/gabapentin/,/uslugi/drugie-zavisimosti/lekarstvennaya/,/uslugi/drugie-zavisimosti/lekarstvennaya/,Другие зависимости,child,no,,,,P2,Формулировку «зависимость» использовать только после медицинской проверки конкретного вещества/сценария.
Антидепрессанты: сопровождение отмены,/uslugi/drugie-zavisimosti/lekarstvennaya/antidepressanty/,/uslugi/drugie-zavisimosti/lekarstvennaya/antidepressanty/,/uslugi/drugie-zavisimosti/lekarstvennaya/,/uslugi/drugie-zavisimosti/lekarstvennaya/,Другие зависимости,child,no,,,,P1,Формулировку «зависимость» использовать только после медицинской проверки конкретного вещества/сценария.
Реабилитация зависимых,/uslugi/reabilitaciya/,/uslugi/reabilitaciya/,/uslugi/,/uslugi/,Реабилитация,silo-root,yes,,,,P0,
Реабилитация при алкоголизме,/uslugi/reabilitaciya/alkogolizm/,/uslugi/reabilitaciya/alkogolizm/,/uslugi/reabilitaciya/,/uslugi/reabilitaciya/,Реабилитация,child,no,,,,P0,
Реабилитация при наркомании,/uslugi/reabilitaciya/narkomaniya/,/uslugi/reabilitaciya/narkomaniya/,/uslugi/reabilitaciya/,/uslugi/reabilitaciya/,Реабилитация,child,no,,,,P0,
Реабилитация при игромании,/uslugi/reabilitaciya/igromaniya/,/uslugi/reabilitaciya/igromaniya/,/uslugi/reabilitaciya/,/uslugi/reabilitaciya/,Реабилитация,child,no,,,,P1,
Программа «12 шагов»,/uslugi/reabilitaciya/12-shagov/,/uslugi/reabilitaciya/12-shagov/,/uslugi/reabilitaciya/,/uslugi/reabilitaciya/,Реабилитация,child,no,,,,P0,
Ресоциализация,/uslugi/reabilitaciya/resocializaciya/,/uslugi/reabilitaciya/resocializaciya/,/uslugi/reabilitaciya/,/uslugi/reabilitaciya/,Реабилитация,child,no,,,,P1,
Реабилитация — Московская область,/uslugi/reabilitaciya/mo/,/uslugi/reabilitaciya/moskovskaya-oblast/,/uslugi/reabilitaciya/,/uslugi/reabilitaciya/,Реабилитация,geo-hub,yes,moskovskaya-oblast,hub,moskovskaya-oblast,P1,Индексируемый GEO-хаб Московской области. Технический каталог области убран из URL. Это родитель городских страниц.
Психиатрическая помощь,/uslugi/psihiatriya/,/uslugi/psihiatriya/,/uslugi/,/uslugi/,Психиатрия,silo-root,no,,,,P0,
Консультация психиатра,/uslugi/psihiatriya/konsultaciya/,/uslugi/psihiatriya/konsultaciya/,/uslugi/psihiatriya/,/uslugi/psihiatriya/,Психиатрия,child,no,,,,P0,
Психиатр на дом,/uslugi/psihiatriya/psihiatr-na-dom/,/uslugi/psihiatriya/psihiatr-na-dom/,/uslugi/psihiatriya/,/uslugi/psihiatriya/,Психиатрия,child,yes,,,,P0,
Психиатр на дом — Москва,,/uslugi/psihiatriya/psihiatr-na-dom/moskva/,,/uslugi/psihiatriya/psihiatr-na-dom/,Психиатрия,geo-hub,yes,moskva,hub,moskva,P0,"Индексируемый GEO-хаб. Родитель станций метро и административных округов. Станция и округ — параллельные URL, округ не становится родителем станции. Новый индексируемый GEO-хаб. В прежней схеме отдельной страницы региона не было."
Психиатр на дом — Московская область,,/uslugi/psihiatriya/psihiatr-na-dom/moskovskaya-oblast/,,/uslugi/psihiatriya/psihiatr-na-dom/,Психиатрия,geo-hub,yes,moskovskaya-oblast,hub,moskovskaya-oblast,P0,Индексируемый GEO-хаб. Родитель городов Московской области. Станции метро и округа Москвы сюда не входят. Новый индексируемый GEO-хаб. В прежней схеме отдельной страницы региона не было.
Онлайн-консультация психиатра,/uslugi/psihiatriya/onlajn/,/uslugi/psihiatriya/onlajn/,/uslugi/psihiatriya/,/uslugi/psihiatriya/,Психиатрия,child,no,,,,P1,
Психиатрический стационар,/uslugi/psihiatriya/stacionar/,/uslugi/psihiatriya/stacionar/,/uslugi/psihiatriya/,/uslugi/psihiatriya/,Психиатрия,child,no,,,,P1,
Тревожные и стрессовые расстройства,/uslugi/psihiatriya/trevozhnye-i-stressovye-rasstrojstva/,/uslugi/psihiatriya/trevozhnye-i-stressovye-rasstrojstva/,/uslugi/psihiatriya/,/uslugi/psihiatriya/,Психиатрия,child,no,,,,P0,
Паническое расстройство и панические атаки,/uslugi/psihiatriya/trevozhnye-i-stressovye-rasstrojstva/panicheskoe/,/uslugi/psihiatriya/trevozhnye-i-stressovye-rasstrojstva/panicheskoe/,/uslugi/psihiatriya/trevozhnye-i-stressovye-rasstrojstva/,/uslugi/psihiatriya/trevozhnye-i-stressovye-rasstrojstva/,Психиатрия,child,no,,,,P0,
ОКР,/uslugi/psihiatriya/trevozhnye-i-stressovye-rasstrojstva/okr/,/uslugi/psihiatriya/trevozhnye-i-stressovye-rasstrojstva/okr/,/uslugi/psihiatriya/trevozhnye-i-stressovye-rasstrojstva/,/uslugi/psihiatriya/trevozhnye-i-stressovye-rasstrojstva/,Психиатрия,child,no,,,,P0,
ПТСР,/uslugi/psihiatriya/trevozhnye-i-stressovye-rasstrojstva/ptsr/,/uslugi/psihiatriya/trevozhnye-i-stressovye-rasstrojstva/ptsr/,/uslugi/psihiatriya/trevozhnye-i-stressovye-rasstrojstva/,/uslugi/psihiatriya/trevozhnye-i-stressovye-rasstrojstva/,Психиатрия,child,no,,,,P0,
Фобии,/uslugi/psihiatriya/trevozhnye-i-stressovye-rasstrojstva/fobii/,/uslugi/psihiatriya/trevozhnye-i-stressovye-rasstrojstva/fobii/,/uslugi/psihiatriya/trevozhnye-i-stressovye-rasstrojstva/,/uslugi/psihiatriya/trevozhnye-i-stressovye-rasstrojstva/,Психиатрия,child,no,,,,P0,
Генерализованное тревожное расстройство,/uslugi/psihiatriya/trevozhnye-i-stressovye-rasstrojstva/generalizovannoe-trevozhnoe/,/uslugi/psihiatriya/trevozhnye-i-stressovye-rasstrojstva/generalizovannoe-trevozhnoe/,/uslugi/psihiatriya/trevozhnye-i-stressovye-rasstrojstva/,/uslugi/psihiatriya/trevozhnye-i-stressovye-rasstrojstva/,Психиатрия,child,no,,,,P1,
Социофобия,/uslugi/psihiatriya/trevozhnye-i-stressovye-rasstrojstva/sociofobiya/,/uslugi/psihiatriya/trevozhnye-i-stressovye-rasstrojstva/sociofobiya/,/uslugi/psihiatriya/trevozhnye-i-stressovye-rasstrojstva/,/uslugi/psihiatriya/trevozhnye-i-stressovye-rasstrojstva/,Психиатрия,child,no,,,,P1,
Агорафобия,/uslugi/psihiatriya/trevozhnye-i-stressovye-rasstrojstva/agorafobiya/,/uslugi/psihiatriya/trevozhnye-i-stressovye-rasstrojstva/agorafobiya/,/uslugi/psihiatriya/trevozhnye-i-stressovye-rasstrojstva/,/uslugi/psihiatriya/trevozhnye-i-stressovye-rasstrojstva/,Психиатрия,child,no,,,,P1,
Неврозы,/uslugi/psihiatriya/trevozhnye-i-stressovye-rasstrojstva/nevroz/,/uslugi/psihiatriya/trevozhnye-i-stressovye-rasstrojstva/nevroz/,/uslugi/psihiatriya/trevozhnye-i-stressovye-rasstrojstva/,/uslugi/psihiatriya/trevozhnye-i-stressovye-rasstrojstva/,Психиатрия,child,no,,,,P1,
Расстройства настроения,/uslugi/psihiatriya/rasstrojstva-nastroeniya/,/uslugi/psihiatriya/rasstrojstva-nastroeniya/,/uslugi/psihiatriya/,/uslugi/psihiatriya/,Психиатрия,child,no,,,,P0,
Депрессия,/uslugi/psihiatriya/rasstrojstva-nastroeniya/depressiya/,/uslugi/psihiatriya/rasstrojstva-nastroeniya/depressiya/,/uslugi/psihiatriya/rasstrojstva-nastroeniya/,/uslugi/psihiatriya/rasstrojstva-nastroeniya/,Психиатрия,child,no,,,,P0,
Биполярное расстройство,/uslugi/psihiatriya/rasstrojstva-nastroeniya/bipolyarnoe/,/uslugi/psihiatriya/rasstrojstva-nastroeniya/bipolyarnoe/,/uslugi/psihiatriya/rasstrojstva-nastroeniya/,/uslugi/psihiatriya/rasstrojstva-nastroeniya/,Психиатрия,child,no,,,,P0,
Послеродовая депрессия,/uslugi/psihiatriya/rasstrojstva-nastroeniya/poslerodovaya-depressiya/,/uslugi/psihiatriya/rasstrojstva-nastroeniya/poslerodovaya-depressiya/,/uslugi/psihiatriya/rasstrojstva-nastroeniya/,/uslugi/psihiatriya/rasstrojstva-nastroeniya/,Психиатрия,child,no,,,,P1,
Дистимия,/uslugi/psihiatriya/rasstrojstva-nastroeniya/distimiya/,/uslugi/psihiatriya/rasstrojstva-nastroeniya/distimiya/,/uslugi/psihiatriya/rasstrojstva-nastroeniya/,/uslugi/psihiatriya/rasstrojstva-nastroeniya/,Психиатрия,child,no,,,,P1,
Психотические расстройства,/uslugi/psihiatriya/psihoticheskie-rasstrojstva/,/uslugi/psihiatriya/psihoticheskie-rasstrojstva/,/uslugi/psihiatriya/,/uslugi/psihiatriya/,Психиатрия,child,no,,,,P0,
Шизофрения,/uslugi/psihiatriya/psihoticheskie-rasstrojstva/shizofreniya/,/uslugi/psihiatriya/psihoticheskie-rasstrojstva/shizofreniya/,/uslugi/psihiatriya/psihoticheskie-rasstrojstva/,/uslugi/psihiatriya/psihoticheskie-rasstrojstva/,Психиатрия,child,no,,,,P0,
Шизоаффективное расстройство,/uslugi/psihiatriya/psihoticheskie-rasstrojstva/shizoaffektivnoe/,/uslugi/psihiatriya/psihoticheskie-rasstrojstva/shizoaffektivnoe/,/uslugi/psihiatriya/psihoticheskie-rasstrojstva/,/uslugi/psihiatriya/psihoticheskie-rasstrojstva/,Психиатрия,child,no,,,,P1,
Шизотипическое расстройство,/uslugi/psihiatriya/psihoticheskie-rasstrojstva/shizotipicheskoe/,/uslugi/psihiatriya/psihoticheskie-rasstrojstva/shizotipicheskoe/,/uslugi/psihiatriya/psihoticheskie-rasstrojstva/,/uslugi/psihiatriya/psihoticheskie-rasstrojstva/,Психиатрия,child,no,,,,P1,
Психоз,/uslugi/psihiatriya/psihoticheskie-rasstrojstva/psihoz/,/uslugi/psihiatriya/psihoticheskie-rasstrojstva/psihoz/,/uslugi/psihiatriya/psihoticheskie-rasstrojstva/,/uslugi/psihiatriya/psihoticheskie-rasstrojstva/,Психиатрия,child,no,,,,P0,
Бредовое расстройство,/uslugi/psihiatriya/psihoticheskie-rasstrojstva/bredovoe/,/uslugi/psihiatriya/psihoticheskie-rasstrojstva/bredovoe/,/uslugi/psihiatriya/psihoticheskie-rasstrojstva/,/uslugi/psihiatriya/psihoticheskie-rasstrojstva/,Психиатрия,child,no,,,,P1,
Расстройства личности и поведения,/uslugi/psihiatriya/rasstrojstva-lichnosti-i-povedeniya/,/uslugi/psihiatriya/rasstrojstva-lichnosti-i-povedeniya/,/uslugi/psihiatriya/,/uslugi/psihiatriya/,Психиатрия,child,no,,,,P1,
Пограничное расстройство личности,/uslugi/psihiatriya/rasstrojstva-lichnosti-i-povedeniya/pogranichnoe/,/uslugi/psihiatriya/rasstrojstva-lichnosti-i-povedeniya/pogranichnoe/,/uslugi/psihiatriya/rasstrojstva-lichnosti-i-povedeniya/,/uslugi/psihiatriya/rasstrojstva-lichnosti-i-povedeniya/,Психиатрия,child,no,,,,P1,
Нарциссическое расстройство личности,/uslugi/psihiatriya/rasstrojstva-lichnosti-i-povedeniya/narcissicheskoe/,/uslugi/psihiatriya/rasstrojstva-lichnosti-i-povedeniya/narcissicheskoe/,/uslugi/psihiatriya/rasstrojstva-lichnosti-i-povedeniya/,/uslugi/psihiatriya/rasstrojstva-lichnosti-i-povedeniya/,Психиатрия,child,no,,,,P1,
Шизоидное расстройство личности,/uslugi/psihiatriya/rasstrojstva-lichnosti-i-povedeniya/shizoidnoe/,/uslugi/psihiatriya/rasstrojstva-lichnosti-i-povedeniya/shizoidnoe/,/uslugi/psihiatriya/rasstrojstva-lichnosti-i-povedeniya/,/uslugi/psihiatriya/rasstrojstva-lichnosti-i-povedeniya/,Психиатрия,child,no,,,,P1,
Параноидное расстройство личности,/uslugi/psihiatriya/rasstrojstva-lichnosti-i-povedeniya/paranoidnoe/,/uslugi/psihiatriya/rasstrojstva-lichnosti-i-povedeniya/paranoidnoe/,/uslugi/psihiatriya/rasstrojstva-lichnosti-i-povedeniya/,/uslugi/psihiatriya/rasstrojstva-lichnosti-i-povedeniya/,Психиатрия,child,no,,,,P1,
Избегающее расстройство личности,/uslugi/psihiatriya/rasstrojstva-lichnosti-i-povedeniya/izbegayushchee/,/uslugi/psihiatriya/rasstrojstva-lichnosti-i-povedeniya/izbegayushchee/,/uslugi/psihiatriya/rasstrojstva-lichnosti-i-povedeniya/,/uslugi/psihiatriya/rasstrojstva-lichnosti-i-povedeniya/,Психиатрия,child,no,,,,P1,
Зависимое расстройство личности,/uslugi/psihiatriya/rasstrojstva-lichnosti-i-povedeniya/zavisimoe/,/uslugi/psihiatriya/rasstrojstva-lichnosti-i-povedeniya/zavisimoe/,/uslugi/psihiatriya/rasstrojstva-lichnosti-i-povedeniya/,/uslugi/psihiatriya/rasstrojstva-lichnosti-i-povedeniya/,Психиатрия,child,no,,,,P1,
Расстройства пищевого поведения,/uslugi/psihiatriya/rasstrojstva-pishchevogo-povedeniya/,/uslugi/psihiatriya/rasstrojstva-pishchevogo-povedeniya/,/uslugi/psihiatriya/,/uslugi/psihiatriya/,Психиатрия,child,no,,,,P1,
Нервная анорексия,/uslugi/psihiatriya/rasstrojstva-pishchevogo-povedeniya/anoreksiya/,/uslugi/psihiatriya/rasstrojstva-pishchevogo-povedeniya/anoreksiya/,/uslugi/psihiatriya/rasstrojstva-pishchevogo-povedeniya/,/uslugi/psihiatriya/rasstrojstva-pishchevogo-povedeniya/,Психиатрия,child,no,,,,P0,
Нервная булимия,/uslugi/psihiatriya/rasstrojstva-pishchevogo-povedeniya/bulimiya/,/uslugi/psihiatriya/rasstrojstva-pishchevogo-povedeniya/bulimiya/,/uslugi/psihiatriya/rasstrojstva-pishchevogo-povedeniya/,/uslugi/psihiatriya/rasstrojstva-pishchevogo-povedeniya/,Психиатрия,child,no,,,,P0,
Компульсивное переедание,/uslugi/psihiatriya/rasstrojstva-pishchevogo-povedeniya/kompulsivnoe-pereedanie/,/uslugi/psihiatriya/rasstrojstva-pishchevogo-povedeniya/kompulsivnoe-pereedanie/,/uslugi/psihiatriya/rasstrojstva-pishchevogo-povedeniya/,/uslugi/psihiatriya/rasstrojstva-pishchevogo-povedeniya/,Психиатрия,child,no,,,,P1,
Когнитивные и органические расстройства,/uslugi/psihiatriya/kognitivnye-i-organicheskie/,/uslugi/psihiatriya/kognitivnye-i-organicheskie/,/uslugi/psihiatriya/,/uslugi/psihiatriya/,Психиатрия,child,no,,,,P1,
Деменция,/uslugi/psihiatriya/kognitivnye-i-organicheskie/demenciya/,/uslugi/psihiatriya/kognitivnye-i-organicheskie/demenciya/,/uslugi/psihiatriya/kognitivnye-i-organicheskie/,/uslugi/psihiatriya/kognitivnye-i-organicheskie/,Психиатрия,child,no,,,,P0,
Болезнь Альцгеймера,/uslugi/psihiatriya/kognitivnye-i-organicheskie/alcgejmer/,/uslugi/psihiatriya/kognitivnye-i-organicheskie/alcgejmer/,/uslugi/psihiatriya/kognitivnye-i-organicheskie/,/uslugi/psihiatriya/kognitivnye-i-organicheskie/,Психиатрия,child,no,,,,P1,
Сосудистая деменция,/uslugi/psihiatriya/kognitivnye-i-organicheskie/sosudistaya-demenciya/,/uslugi/psihiatriya/kognitivnye-i-organicheskie/sosudistaya-demenciya/,/uslugi/psihiatriya/kognitivnye-i-organicheskie/,/uslugi/psihiatriya/kognitivnye-i-organicheskie/,Психиатрия,child,no,,,,P1,
Расстройства сна,/uslugi/psihiatriya/rasstrojstva-sna/,/uslugi/psihiatriya/rasstrojstva-sna/,/uslugi/psihiatriya/,/uslugi/psihiatriya/,Психиатрия,child,no,,,,P1,
Бессонница,/uslugi/psihiatriya/rasstrojstva-sna/bessonnica/,/uslugi/psihiatriya/rasstrojstva-sna/bessonnica/,/uslugi/psihiatriya/rasstrojstva-sna/,/uslugi/psihiatriya/rasstrojstva-sna/,Психиатрия,child,no,,,,P0,
Нарколепсия,/uslugi/psihiatriya/rasstrojstva-sna/narkolepsiya/,/uslugi/psihiatriya/rasstrojstva-sna/narkolepsiya/,/uslugi/psihiatriya/rasstrojstva-sna/,/uslugi/psihiatriya/rasstrojstva-sna/,Психиатрия,child,no,,,,P2,
Лунатизм,/uslugi/psihiatriya/rasstrojstva-sna/lunatizm/,/uslugi/psihiatriya/rasstrojstva-sna/lunatizm/,/uslugi/psihiatriya/rasstrojstva-sna/,/uslugi/psihiatriya/rasstrojstva-sna/,Психиатрия,child,no,,,,P2,
Психотерапия и психология,/uslugi/psihoterapiya-i-psihologiya/,/uslugi/psihoterapiya-i-psihologiya/,/uslugi/,/uslugi/,Психотерапия и психология,silo-root,no,,,,P1,
Консультация психотерапевта,/uslugi/psihoterapiya-i-psihologiya/psihoterapevt/,/uslugi/psihoterapiya-i-psihologiya/psihoterapevt/,/uslugi/psihoterapiya-i-psihologiya/,/uslugi/psihoterapiya-i-psihologiya/,Психотерапия и психология,child,no,,,,P0,
Индивидуальная психотерапия,/uslugi/psihoterapiya-i-psihologiya/individualnaya/,/uslugi/psihoterapiya-i-psihologiya/individualnaya/,/uslugi/psihoterapiya-i-psihologiya/,/uslugi/psihoterapiya-i-psihologiya/,Психотерапия и психология,child,no,,,,P1,
Семейная психотерапия,/uslugi/psihoterapiya-i-psihologiya/semejnaya/,/uslugi/psihoterapiya-i-psihologiya/semejnaya/,/uslugi/psihoterapiya-i-psihologiya/,/uslugi/psihoterapiya-i-psihologiya/,Психотерапия и психология,child,no,,,,P1,
Консультация психолога,/uslugi/psihoterapiya-i-psihologiya/psiholog/,/uslugi/psihoterapiya-i-psihologiya/psiholog/,/uslugi/psihoterapiya-i-psihologiya/,/uslugi/psihoterapiya-i-psihologiya/,Психотерапия и психология,child,no,,,,P0,
Семейный психолог,/uslugi/psihoterapiya-i-psihologiya/semejnyj-psiholog/,/uslugi/psihoterapiya-i-psihologiya/semejnyj-psiholog/,/uslugi/psihoterapiya-i-psihologiya/,/uslugi/psihoterapiya-i-psihologiya/,Психотерапия и психология,child,no,,,,P1,
Помощь родственникам зависимого,/uslugi/pomoshch-rodstvennikam/,/uslugi/pomoshch-rodstvennikam/,/uslugi/,/uslugi/,Помощь родственникам,silo-root,no,,,,P0,
Мотивация на лечение / интервенция,/uslugi/pomoshch-rodstvennikam/motivaciya-na-lechenie/,/uslugi/pomoshch-rodstvennikam/motivaciya-na-lechenie/,/uslugi/pomoshch-rodstvennikam/,/uslugi/pomoshch-rodstvennikam/,Помощь родственникам,child,no,,,,P0,
Помощь при созависимости,/uslugi/pomoshch-rodstvennikam/sozavisimost/,/uslugi/pomoshch-rodstvennikam/sozavisimost/,/uslugi/pomoshch-rodstvennikam/,/uslugi/pomoshch-rodstvennikam/,Помощь родственникам,child,no,,,,P0,
Консультация родственника без пациента,/uslugi/pomoshch-rodstvennikam/konsultaciya-bez-pacienta/,/uslugi/pomoshch-rodstvennikam/konsultaciya-bez-pacienta/,/uslugi/pomoshch-rodstvennikam/,/uslugi/pomoshch-rodstvennikam/,Помощь родственникам,child,no,,,,P1,
Бесплатная группа для созависимых,/uslugi/pomoshch-rodstvennikam/gruppa-sozavisimyh/,/uslugi/pomoshch-rodstvennikam/gruppa-sozavisimyh/,/uslugi/pomoshch-rodstvennikam/,/uslugi/pomoshch-rodstvennikam/,Помощь родственникам,child,no,,,,P1,
Диагностика,/uslugi/diagnostika/,/uslugi/diagnostika/,/uslugi/,/uslugi/,Диагностика,silo-root,no,,,,P1,
Анализы на наркотики,/uslugi/diagnostika/analizy-na-narkotiki/,/uslugi/diagnostika/analizy-na-narkotiki/,/uslugi/diagnostika/,/uslugi/diagnostika/,Диагностика,child,no,,,,P0,
Восстановительная терапия,/uslugi/vosstanovitelnaya-terapiya/,/uslugi/vosstanovitelnaya-terapiya/,/uslugi/,/uslugi/,Восстановительная терапия,silo-root,no,,,,P2,
ВЛОК,/uslugi/vosstanovitelnaya-terapiya/vlok/,/uslugi/vosstanovitelnaya-terapiya/vlok/,/uslugi/vosstanovitelnaya-terapiya/,/uslugi/vosstanovitelnaya-terapiya/,Восстановительная терапия,child,no,,,,P2,
Плазмаферез,/uslugi/vosstanovitelnaya-terapiya/plazmaferez/,/uslugi/vosstanovitelnaya-terapiya/plazmaferez/,/uslugi/vosstanovitelnaya-terapiya/,/uslugi/vosstanovitelnaya-terapiya/,Восстановительная терапия,child,no,,,,P2,
Барокамера / ГБО,/uslugi/vosstanovitelnaya-terapiya/barokamera/,/uslugi/vosstanovitelnaya-terapiya/barokamera/,/uslugi/vosstanovitelnaya-terapiya/,/uslugi/vosstanovitelnaya-terapiya/,Восстановительная терапия,child,no,,,,P2,
Озонотерапия,/uslugi/vosstanovitelnaya-terapiya/ozonoterapiya/,/uslugi/vosstanovitelnaya-terapiya/ozonoterapiya/,/uslugi/vosstanovitelnaya-terapiya/,/uslugi/vosstanovitelnaya-terapiya/,Восстановительная терапия,child,no,,,,P2,
Электросон,/uslugi/vosstanovitelnaya-terapiya/elektroson/,/uslugi/vosstanovitelnaya-terapiya/elektroson/,/uslugi/vosstanovitelnaya-terapiya/,/uslugi/vosstanovitelnaya-terapiya/,Восстановительная терапия,child,no,,,,P2,
Иглорефлексотерапия,/uslugi/vosstanovitelnaya-terapiya/iglorefleksoterapiya/,/uslugi/vosstanovitelnaya-terapiya/iglorefleksoterapiya/,/uslugi/vosstanovitelnaya-terapiya/,/uslugi/vosstanovitelnaya-terapiya/,Восстановительная терапия,child,no,,,,P2,
Как проверить наркологическую клинику,/o-klinike/kak-proverit-kliniku/,/o-klinike/kak-proverit-kliniku/,/,/,Trust / выбор,trust,no,,,,P0,"Это не «статья ради НЧ», а страница выбора/доверия; отдельный URL оставлять только если семантика и SERP подтверждают самостоятельную задачу."
Лицензия и документы,/o-klinike/licenziya-i-dokumenty/,/o-klinike/licenziya-i-dokumenty/,/,/,Trust / выбор,trust,no,,,,P0,"Это не «статья ради НЧ», а страница выбора/доверия; отдельный URL оставлять только если семантика и SERP подтверждают самостоятельную задачу."
Специалисты,/vrachi/,/vrachi/,/,/,Trust / выбор,trust,no,,,,P0,"Это не «статья ради НЧ», а страница выбора/доверия; отдельный URL оставлять только если семантика и SERP подтверждают самостоятельную задачу."
Цены и что входит в стоимость,/ceny/,/ceny/,/,/,Trust / выбор,trust,no,,,,P0,"Это не «статья ради НЧ», а страница выбора/доверия; отдельный URL оставлять только если семантика и SERP подтверждают самостоятельную задачу."
Что делать после вывода из запоя,/pomoshch/posle-vyvoda-iz-zapoya/,/pomoshch/posle-vyvoda-iz-zapoya/,/,/,Trust / выбор,trust,no,,,,P1,"Это не «статья ради НЧ», а страница выбора/доверия; отдельный URL оставлять только если семантика и SERP подтверждают самостоятельную задачу."
Повторный запой,/pomoshch/povtornyj-zapoj/,/pomoshch/povtornyj-zapoj/,/,/,Trust / выбор,trust,no,,,,P1,"Это не «статья ради НЧ», а страница выбора/доверия; отдельный URL оставлять только если семантика и SERP подтверждают самостоятельную задачу."
Срыв после кодирования,/pomoshch/sryv-posle-kodirovaniya/,/pomoshch/sryv-posle-kodirovaniya/,/,/,Trust / выбор,trust,no,,,,P1,"Это не «статья ради НЧ», а страница выбора/доверия; отдельный URL оставлять только если семантика и SERP подтверждают самостоятельную задачу."
Если близкий не хочет лечиться,/pomoshch/esli-ne-hochet-lechitsya/,/pomoshch/esli-ne-hochet-lechitsya/,/,/,Trust / выбор,trust,no,,,,P0,"Это не «статья ради НЧ», а страница выбора/доверия; отдельный URL оставлять только если семантика и SERP подтверждают самостоятельную задачу."
Дом или стационар,/pomoshch/dom-ili-stacionar/,/pomoshch/dom-ili-stacionar/,/,/,Trust / выбор,trust,no,,,,P1,"Это не «статья ради НЧ», а страница выбора/доверия; отдельный URL оставлять только если семантика и SERP подтверждают самостоятельную задачу."
Кто приезжает на вызов,/pomoshch/kto-priezzhaet-na-vyzov/,/pomoshch/kto-priezzhaet-na-vyzov/,/,/,Trust / выбор,trust,no,,,,P0,"Это не «статья ради НЧ», а страница выбора/доверия; отдельный URL оставлять только если семантика и SERP подтверждают самостоятельную задачу."
Наркологический учёт / диспансерное наблюдение,/pomoshch/dispanzernoe-nablyudenie/,/pomoshch/dispanzernoe-nablyudenie/,/,/,Trust / выбор,trust,no,,,,P1,"Это не «статья ради НЧ», а страница выбора/доверия; отдельный URL оставлять только если семантика и SERP подтверждают самостоятельную задачу."
Нарколог на дом — Аэропорт,/uslugi/narkologicheskaya-pomosh/narkolog-na-dom/metro/aeroport/,/uslugi/narkolog-na-dom/moskva/aeroport/,/uslugi/narkologicheskaya-pomosh/narkolog-na-dom/metro/,/uslugi/narkolog-na-dom/moskva/,Нарколог на дом,metro,yes,moskva,metro,aeroport,P0,"Технический каталог metro, okrug или mo убран из публичного URL."
Нарколог на дом — Александровский сад,/uslugi/narkologicheskaya-pomosh/narkolog-na-dom/metro/aleksandrovskij-sad/,/uslugi/narkolog-na-dom/moskva/aleksandrovskij-sad/,/uslugi/narkologicheskaya-pomosh/narkolog-na-dom/metro/,/uslugi/narkolog-na-dom/moskva/,Нарколог на дом,metro,yes,moskva,metro,aleksandrovskij-sad,P0,"Технический каталог metro, okrug или mo убран из публичного URL."
Нарколог на дом — Алексеевская,/uslugi/narkologicheskaya-pomosh/narkolog-na-dom/metro/alekseevskaya/,/uslugi/narkolog-na-dom/moskva/alekseevskaya/,/uslugi/narkologicheskaya-pomosh/narkolog-na-dom/metro/,/uslugi/narkolog-na-dom/moskva/,Нарколог на дом,metro,yes,moskva,metro,alekseevskaya,P0,"Технический каталог metro, okrug или mo убран из публичного URL."
Нарколог на дом — Алма-Атинская,/uslugi/narkologicheskaya-pomosh/narkolog-na-dom/metro/alma-atinskaya/,/uslugi/narkolog-na-dom/moskva/alma-atinskaya/,/uslugi/narkologicheskaya-pomosh/narkolog-na-dom/metro/,/uslugi/narkolog-na-dom/moskva/,Нарколог на дом,metro,yes,moskva,metro,alma-atinskaya,P0,"Технический каталог metro, okrug или mo убран из публичного URL."
Нарколог на дом — Алтуфьево,/uslugi/narkologicheskaya-pomosh/narkolog-na-dom/metro/altufevo/,/uslugi/narkolog-na-dom/moskva/altufevo/,/uslugi/narkologicheskaya-pomosh/narkolog-na-dom/metro/,/uslugi/narkolog-na-dom/moskva/,Нарколог на дом,metro,yes,moskva,metro,altufevo,P0,"Технический каталог metro, okrug или mo убран из публичного URL."
Нарколог на дом — Андроновка,/uslugi/narkologicheskaya-pomosh/narkolog-na-dom/metro/andronovka/,/uslugi/narkolog-na-dom/moskva/andronovka/,/uslugi/narkologicheskaya-pomosh/narkolog-na-dom/metro/,/uslugi/narkolog-na-dom/moskva/,Нарколог на дом,metro,yes,moskva,metro,andronovka,P0,"Технический каталог metro, okrug или mo убран из публичного URL."
Нарколог на дом — Аннино,/uslugi/narkologicheskaya-pomosh/narkolog-na-dom/metro/annino/,/uslugi/narkolog-na-dom/moskva/annino/,/uslugi/narkologicheskaya-pomosh/narkolog-na-dom/metro/,/uslugi/narkolog-na-dom/moskva/,Нарколог на дом,metro,yes,moskva,metro,annino,P0,"Технический каталог metro, okrug или mo убран из публичного URL."
Нарколог на дом — Арбатская,/uslugi/narkologicheskaya-pomosh/narkolog-na-dom/metro/arbatskaya/,/uslugi/narkolog-na-dom/moskva/arbatskaya/,/uslugi/narkologicheskaya-pomosh/narkolog-na-dom/metro/,/uslugi/narkolog-na-dom/moskva/,Нарколог на дом,metro,yes,moskva,metro,arbatskaya,P0,"Технический каталог metro, okrug или mo убран из публичного URL."
Нарколог на дом — Авиамоторная,/uslugi/narkologicheskaya-pomosh/narkolog-na-dom/metro/aviamotornaya/,/uslugi/narkolog-na-dom/moskva/aviamotornaya/,/uslugi/narkologicheskaya-pomosh/narkolog-na-dom/metro/,/uslugi/narkolog-na-dom/moskva/,Нарколог на дом,metro,yes,moskva,metro,aviamotornaya,P0,"Технический каталог metro, okrug или mo убран из публичного URL."
Нарколог на дом — Автозаводская,/uslugi/narkologicheskaya-pomosh/narkolog-na-dom/metro/avtozavodskaya/,/uslugi/narkolog-na-dom/moskva/avtozavodskaya/,/uslugi/narkologicheskaya-pomosh/narkolog-na-dom/metro/,/uslugi/narkolog-na-dom/moskva/,Нарколог на дом,metro,yes,moskva,metro,avtozavodskaya,P0,"Технический каталог metro, okrug или mo убран из публичного URL."
Нарколог на дом — Бабушкинская,/uslugi/narkologicheskaya-pomosh/narkolog-na-dom/metro/babushkinskaya/,/uslugi/narkolog-na-dom/moskva/babushkinskaya/,/uslugi/narkologicheskaya-pomosh/narkolog-na-dom/metro/,/uslugi/narkolog-na-dom/moskva/,Нарколог на дом,metro,yes,moskva,metro,babushkinskaya,P0,"Технический каталог metro, okrug или mo убран из публичного URL."
Нарколог на дом — Багратионовская,/uslugi/narkologicheskaya-pomosh/narkolog-na-dom/metro/bagrationovskaya/,/uslugi/narkolog-na-dom/moskva/bagrationovskaya/,/uslugi/narkologicheskaya-pomosh/narkolog-na-dom/metro/,/uslugi/narkolog-na-dom/moskva/,Нарколог на дом,metro,yes,moskva,metro,bagrationovskaya,P0,"Технический каталог metro, okrug или mo убран из публичного URL."
Нарколог на дом — Балтийская,/uslugi/narkologicheskaya-pomosh/narkolog-na-dom/metro/baltijskaya/,/uslugi/narkolog-na-dom/moskva/baltijskaya/,/uslugi/narkologicheskaya-pomosh/narkolog-na-dom/metro/,/uslugi/narkolog-na-dom/moskva/,Нарколог на дом,metro,yes,moskva,metro,baltijskaya,P0,"Технический каталог metro, okrug или mo убран из публичного URL."
Нарколог на дом — Баррикадная,/uslugi/narkologicheskaya-pomosh/narkolog-na-dom/metro/barrikadnaya/,/uslugi/narkolog-na-dom/moskva/barrikadnaya/,/uslugi/narkologicheskaya-pomosh/narkolog-na-dom/metro/,/uslugi/narkolog-na-dom/moskva/,Нарколог на дом,metro,yes,moskva,metro,barrikadnaya,P0,"Технический каталог metro, okrug или mo убран из публичного URL."
Нарколог на дом — Бауманская,/uslugi/narkologicheskaya-pomosh/narkolog-na-dom/metro/baumanskaya/,/uslugi/narkolog-na-dom/moskva/baumanskaya/,/uslugi/narkologicheskaya-pomosh/narkolog-na-dom/metro/,/uslugi/narkolog-na-dom/moskva/,Нарколог на дом,metro,yes,moskva,metro,baumanskaya,P0,"Технический каталог metro, okrug или mo убран из публичного URL."
Нарколог на дом — Беговая,/uslugi/narkologicheskaya-pomosh/narkolog-na-dom/metro/begovaya/,/uslugi/narkolog-na-dom/moskva/begovaya/,/uslugi/narkologicheskaya-pomosh/narkolog-na-dom/metro/,/uslugi/narkolog-na-dom/moskva/,Нарколог на дом,metro,yes,moskva,metro,begovaya,P0,"Технический каталог metro, okrug или mo убран из публичного URL."
Нарколог на дом — Белокаменная,/uslugi/narkologicheskaya-pomosh/narkolog-na-dom/metro/belokamennaya/,/uslugi/narkolog-na-dom/moskva/belokamennaya/,/uslugi/narkologicheskaya-pomosh/narkolog-na-dom/metro/,/uslugi/narkolog-na-dom/moskva/,Нарколог на дом,metro,yes,moskva,metro,belokamennaya,P0,"Технический каталог metro, okrug или mo убран из публичного URL."
Нарколог на дом — Белорусская,/uslugi/narkologicheskaya-pomosh/narkolog-na-dom/metro/belorusskaya/,/uslugi/narkolog-na-dom/moskva/belorusskaya/,/uslugi/narkologicheskaya-pomosh/narkolog-na-dom/metro/,/uslugi/narkolog-na-dom/moskva/,Нарколог на дом,metro,yes,moskva,metro,belorusskaya,P0,"Технический каталог metro, okrug или mo убран из публичного URL."
Нарколог на дом — Беляево,/uslugi/narkologicheskaya-pomosh/narkolog-na-dom/metro/belyaevo/,/uslugi/narkolog-na-dom/moskva/belyaevo/,/uslugi/narkologicheskaya-pomosh/narkolog-na-dom/metro/,/uslugi/narkolog-na-dom/moskva/,Нарколог на дом,metro,yes,moskva,metro,belyaevo,P0,"Технический каталог metro, okrug или mo убран из публичного URL."
Нарколог на дом — Бибирево,/uslugi/narkologicheskaya-pomosh/narkolog-na-dom/metro/bibirevo/,/uslugi/narkolog-na-dom/moskva/bibirevo/,/uslugi/narkologicheskaya-pomosh/narkolog-na-dom/metro/,/uslugi/narkolog-na-dom/moskva/,Нарколог на дом,metro,yes,moskva,metro,bibirevo,P0,"Технический каталог metro, okrug или mo убран из публичного URL."
Нарколог на дом — Библиотека имени Ленина,/uslugi/narkologicheskaya-pomosh/narkolog-na-dom/metro/biblioteka-imeni-lenina/,/uslugi/narkolog-na-dom/moskva/biblioteka-imeni-lenina/,/uslugi/narkologicheskaya-pomosh/narkolog-na-dom/metro/,/uslugi/narkolog-na-dom/moskva/,Нарколог на дом,metro,yes,moskva,metro,biblioteka-imeni-lenina,P0,"Технический каталог metro, okrug или mo убран из публичного URL."
Нарколог на дом — Битцевский парк,/uslugi/narkologicheskaya-pomosh/narkolog-na-dom/metro/bitcevskij-park/,/uslugi/narkolog-na-dom/moskva/bitcevskij-park/,/uslugi/narkologicheskaya-pomosh/narkolog-na-dom/metro/,/uslugi/narkolog-na-dom/moskva/,Нарколог на дом,metro,yes,moskva,metro,bitcevskij-park,P0,"Технический каталог metro, okrug или mo убран из публичного URL."
Нарколог на дом — Борисово,/uslugi/narkologicheskaya-pomosh/narkolog-na-dom/metro/borisovo/,/uslugi/narkolog-na-dom/moskva/borisovo/,/uslugi/narkologicheskaya-pomosh/narkolog-na-dom/metro/,/uslugi/narkolog-na-dom/moskva/,Нарколог на дом,metro,yes,moskva,metro,borisovo,P0,"Технический каталог metro, okrug или mo убран из публичного URL."
Нарколог на дом — Боровицкая,/uslugi/narkologicheskaya-pomosh/narkolog-na-dom/metro/borovickaya/,/uslugi/narkolog-na-dom/moskva/borovickaya/,/uslugi/narkologicheskaya-pomosh/narkolog-na-dom/metro/,/uslugi/narkolog-na-dom/moskva/,Нарколог на дом,metro,yes,moskva,metro,borovickaya,P0,"Технический каталог metro, okrug или mo убран из публичного URL."
Нарколог на дом — Ботанический сад,/uslugi/narkologicheskaya-pomosh/narkolog-na-dom/metro/botanicheskij-sad/,/uslugi/narkolog-na-dom/moskva/botanicheskij-sad/,/uslugi/narkologicheskaya-pomosh/narkolog-na-dom/metro/,/uslugi/narkolog-na-dom/moskva/,Нарколог на дом,metro,yes,moskva,metro,botanicheskij-sad,P0,"Технический каталог metro, okrug или mo убран из публичного URL."
Нарколог на дом — Братиславская,/uslugi/narkologicheskaya-pomosh/narkolog-na-dom/metro/bratislavskaya/,/uslugi/narkolog-na-dom/moskva/bratislavskaya/,/uslugi/narkologicheskaya-pomosh/narkolog-na-dom/metro/,/uslugi/narkolog-na-dom/moskva/,Нарколог на дом,metro,yes,moskva,metro,bratislavskaya,P0,"Технический каталог metro, okrug или mo убран из публичного URL."
Нарколог на дом — Бульвар Адмирала Ушакова,/uslugi/narkologicheskaya-pomosh/narkolog-na-dom/metro/bulvar-admirala-ushakova/,/uslugi/narkolog-na-dom/moskva/bulvar-admirala-ushakova/,/uslugi/narkologicheskaya-pomosh/narkolog-na-dom/metro/,/uslugi/narkolog-na-dom/moskva/,Нарколог на дом,metro,yes,moskva,metro,bulvar-admirala-ushakova,P0,"Технический каталог metro, okrug или mo убран из публичного URL."
Нарколог на дом — Бульвар Рокоссовского,/uslugi/narkologicheskaya-pomosh/narkolog-na-dom/metro/bulvar-rokossovskogo/,/uslugi/narkolog-na-dom/moskva/bulvar-rokossovskogo/,/uslugi/narkologicheskaya-pomosh/narkolog-na-dom/metro/,/uslugi/narkolog-na-dom/moskva/,Нарколог на дом,metro,yes,moskva,metro,bulvar-rokossovskogo,P0,"Технический каталог metro, okrug или mo убран из публичного URL."
Нарколог на дом — Бунинская аллея,/uslugi/narkologicheskaya-pomosh/narkolog-na-dom/metro/buninskaya-alleya/,/uslugi/narkolog-na-dom/moskva/buninskaya-alleya/,/uslugi/narkologicheskaya-pomosh/narkolog-na-dom/metro/,/uslugi/narkolog-na-dom/moskva/,Нарколог на дом,metro,yes,moskva,metro,buninskaya-alleya,P0,"Технический каталог metro, okrug или mo убран из публичного URL."
Нарколог на дом — Бутырская,/uslugi/narkologicheskaya-pomosh/narkolog-na-dom/metro/butyrskaya/,/uslugi/narkolog-na-dom/moskva/butyrskaya/,/uslugi/narkologicheskaya-pomosh/narkolog-na-dom/metro/,/uslugi/narkolog-na-dom/moskva/,Нарколог на дом,metro,yes,moskva,metro,butyrskaya,P0,"Технический каталог metro, okrug или mo убран из публичного URL."
Нарколог на дом — Чеховская,/uslugi/narkologicheskaya-pomosh/narkolog-na-dom/metro/chehovskaya/,/uslugi/narkolog-na-dom/moskva/chehovskaya/,/uslugi/narkologicheskaya-pomosh/narkolog-na-dom/metro/,/uslugi/narkolog-na-dom/moskva/,Нарколог на дом,metro,yes,moskva,metro,chehovskaya,P0,"Технический каталог metro, okrug или mo убран из публичного URL."
Нарколог на дом — Черкизовская,/uslugi/narkologicheskaya-pomosh/narkolog-na-dom/metro/cherkizovskaya/,/uslugi/narkolog-na-dom/moskva/cherkizovskaya/,/uslugi/narkologicheskaya-pomosh/narkolog-na-dom/metro/,/uslugi/narkolog-na-dom/moskva/,Нарколог на дом,metro,yes,moskva,metro,cherkizovskaya,P0,"Технический каталог metro, okrug или mo убран из публичного URL."
Нарколог на дом — Чертановская,/uslugi/narkologicheskaya-pomosh/narkolog-na-dom/metro/chertanovskaya/,/uslugi/narkolog-na-dom/moskva/chertanovskaya/,/uslugi/narkologicheskaya-pomosh/narkolog-na-dom/metro/,/uslugi/narkolog-na-dom/moskva/,Нарколог на дом,metro,yes,moskva,metro,chertanovskaya,P0,"Технический каталог metro, okrug или mo убран из публичного URL."
Нарколог на дом — Чистые пруды,/uslugi/narkologicheskaya-pomosh/narkolog-na-dom/metro/chistye-prudy/,/uslugi/narkolog-na-dom/moskva/chistye-prudy/,/uslugi/narkologicheskaya-pomosh/narkolog-na-dom/metro/,/uslugi/narkolog-na-dom/moskva/,Нарколог на дом,metro,yes,moskva,metro,chistye-prudy,P0,"Технический каталог metro, okrug или mo убран из публичного URL."
Нарколог на дом — Чкаловская,/uslugi/narkologicheskaya-pomosh/narkolog-na-dom/metro/chkalovskaya/,/uslugi/narkolog-na-dom/moskva/chkalovskaya/,/uslugi/narkologicheskaya-pomosh/narkolog-na-dom/metro/,/uslugi/narkolog-na-dom/moskva/,Нарколог на дом,metro,yes,moskva,metro,chkalovskaya,P0,"Технический каталог metro, okrug или mo убран из публичного URL."
Нарколог на дом — Царицыно,/uslugi/narkologicheskaya-pomosh/narkolog-na-dom/metro/caricyno/,/uslugi/narkolog-na-dom/moskva/caricyno/,/uslugi/narkologicheskaya-pomosh/narkolog-na-dom/metro/,/uslugi/narkolog-na-dom/moskva/,Нарколог на дом,metro,yes,moskva,metro,caricyno,P0,"Технический каталог metro, okrug или mo убран из публичного URL."
Нарколог на дом — ЦСКА,/uslugi/narkologicheskaya-pomosh/narkolog-na-dom/metro/cska/,/uslugi/narkolog-na-dom/moskva/cska/,/uslugi/narkologicheskaya-pomosh/narkolog-na-dom/metro/,/uslugi/narkolog-na-dom/moskva/,Нарколог на дом,metro,yes,moskva,metro,cska,P0,"Технический каталог metro, okrug или mo убран из публичного URL."
Нарколог на дом — Цветной бульвар,/uslugi/narkologicheskaya-pomosh/narkolog-na-dom/metro/cvetnoj-bulvar/,/uslugi/narkolog-na-dom/moskva/cvetnoj-bulvar/,/uslugi/narkologicheskaya-pomosh/narkolog-na-dom/metro/,/uslugi/narkolog-na-dom/moskva/,Нарколог на дом,metro,yes,moskva,metro,cvetnoj-bulvar,P0,"Технический каталог metro, okrug или mo убран из публичного URL."
Нарколог на дом — Деловой центр,/uslugi/narkologicheskaya-pomosh/narkolog-na-dom/metro/delovoj-centr/,/uslugi/narkolog-na-dom/moskva/delovoj-centr/,/uslugi/narkologicheskaya-pomosh/narkolog-na-dom/metro/,/uslugi/narkolog-na-dom/moskva/,Нарколог на дом,metro,yes,moskva,metro,delovoj-centr,P0,"Технический каталог metro, okrug или mo убран из публичного URL."
Нарколог на дом — Динамо,/uslugi/narkologicheskaya-pomosh/narkolog-na-dom/metro/dinamo/,/uslugi/narkolog-na-dom/moskva/dinamo/,/uslugi/narkologicheskaya-pomosh/narkolog-na-dom/metro/,/uslugi/narkolog-na-dom/moskva/,Нарколог на дом,metro,yes,moskva,metro,dinamo,P0,"Технический каталог metro, okrug или mo убран из публичного URL."
Нарколог на дом — Дмитровская,/uslugi/narkologicheskaya-pomosh/narkolog-na-dom/metro/dmitrovskaya/,/uslugi/narkolog-na-dom/moskva/dmitrovskaya/,/uslugi/narkologicheskaya-pomosh/narkolog-na-dom/metro/,/uslugi/narkolog-na-dom/moskva/,Нарколог на дом,metro,yes,moskva,metro,dmitrovskaya,P0,"Технический каталог metro, okrug или mo убран из публичного URL."
Нарколог на дом — Добрынинская,/uslugi/narkologicheskaya-pomosh/narkolog-na-dom/metro/dobryninskaya/,/uslugi/narkolog-na-dom/moskva/dobryninskaya/,/uslugi/narkologicheskaya-pomosh/narkolog-na-dom/metro/,/uslugi/narkolog-na-dom/moskva/,Нарколог на дом,metro,yes,moskva,metro,dobryninskaya,P0,"Технический каталог metro, okrug или mo убран из публичного URL."
Нарколог на дом — Домодедовская,/uslugi/narkologicheskaya-pomosh/narkolog-na-dom/metro/domodedovskaya/,/uslugi/narkolog-na-dom/moskva/domodedovskaya/,/uslugi/narkologicheskaya-pomosh/narkolog-na-dom/metro/,/uslugi/narkolog-na-dom/moskva/,Нарколог на дом,metro,yes,moskva,metro,domodedovskaya,P0,"Технический каталог metro, okrug или mo убран из публичного URL."
Нарколог на дом — Достоевская,/uslugi/narkologicheskaya-pomosh/narkolog-na-dom/metro/dostoevskaya/,/uslugi/narkolog-na-dom/moskva/dostoevskaya/,/uslugi/narkologicheskaya-pomosh/narkolog-na-dom/metro/,/uslugi/narkolog-na-dom/moskva/,Нарколог на дом,metro,yes,moskva,metro,dostoevskaya,P0,"Технический каталог metro, okrug или mo убран из публичного URL."
Нарколог на дом — Электрозаводская,/uslugi/narkologicheskaya-pomosh/narkolog-na-dom/metro/elektrozavodskaya/,/uslugi/narkolog-na-dom/moskva/elektrozavodskaya/,/uslugi/narkologicheskaya-pomosh/narkolog-na-dom/metro/,/uslugi/narkolog-na-dom/moskva/,Нарколог на дом,metro,yes,moskva,metro,elektrozavodskaya,P0,"Технический каталог metro, okrug или mo убран из публичного URL."
Нарколог на дом — Филёвский парк,/uslugi/narkologicheskaya-pomosh/narkolog-na-dom/metro/filevskij-park/,/uslugi/narkolog-na-dom/moskva/filevskij-park/,/uslugi/narkologicheskaya-pomosh/narkolog-na-dom/metro/,/uslugi/narkolog-na-dom/moskva/,Нарколог на дом,metro,yes,moskva,metro,filevskij-park,P0,"Технический каталог metro, okrug или mo убран из публичного URL."
Нарколог на дом — Фили,/uslugi/narkologicheskaya-pomosh/narkolog-na-dom/metro/fili/,/uslugi/narkolog-na-dom/moskva/fili/,/uslugi/narkologicheskaya-pomosh/narkolog-na-dom/metro/,/uslugi/narkolog-na-dom/moskva/,Нарколог на дом,metro,yes,moskva,metro,fili,P0,"Технический каталог metro, okrug или mo убран из публичного URL."
Нарколог на дом — Фонвизинская,/uslugi/narkologicheskaya-pomosh/narkolog-na-dom/metro/fonvizinskaya/,/uslugi/narkolog-na-dom/moskva/fonvizinskaya/,/uslugi/narkologicheskaya-pomosh/narkolog-na-dom/metro/,/uslugi/narkolog-na-dom/moskva/,Нарколог на дом,metro,yes,moskva,metro,fonvizinskaya,P0,"Технический каталог metro, okrug или mo убран из публичного URL."
Нарколог на дом — Фрунзенская,/uslugi/narkologicheskaya-pomosh/narkolog-na-dom/metro/frunzenskaya/,/uslugi/narkolog-na-dom/moskva/frunzenskaya/,/uslugi/narkologicheskaya-pomosh/narkolog-na-dom/metro/,/uslugi/narkolog-na-dom/moskva/,Нарколог на дом,metro,yes,moskva,metro,frunzenskaya,P0,"Технический каталог metro, okrug или mo убран из публичного URL."
Нарколог на дом — Хорошёвская,/uslugi/narkologicheskaya-pomosh/narkolog-na-dom/metro/horoshevskaya/,/uslugi/narkolog-na-dom/moskva/horoshevskaya/,/uslugi/narkologicheskaya-pomosh/narkolog-na-dom/metro/,/uslugi/narkolog-na-dom/moskva/,Нарколог на дом,metro,yes,moskva,metro,horoshevskaya,P0,"Технический каталог metro, okrug или mo убран из публичного URL."
Нарколог на дом — Ховрино,/uslugi/narkologicheskaya-pomosh/narkolog-na-dom/metro/hovrino/,/uslugi/narkolog-na-dom/moskva/hovrino/,/uslugi/narkologicheskaya-pomosh/narkolog-na-dom/metro/,/uslugi/narkolog-na-dom/moskva/,Нарколог на дом,metro,yes,moskva,metro,hovrino,P0,"Технический каталог metro, okrug или mo убран из публичного URL."
Нарколог на дом — Измайловская,/uslugi/narkologicheskaya-pomosh/narkolog-na-dom/metro/izmajlovskaya/,/uslugi/narkolog-na-dom/moskva/izmajlovskaya/,/uslugi/narkologicheskaya-pomosh/narkolog-na-dom/metro/,/uslugi/narkolog-na-dom/moskva/,Нарколог на дом,metro,yes,moskva,metro,izmajlovskaya,P0,"Технический каталог metro, okrug или mo убран из публичного URL."
Нарколог на дом — Каховская,/uslugi/narkologicheskaya-pomosh/narkolog-na-dom/metro/kahovskaya/,/uslugi/narkolog-na-dom/moskva/kahovskaya/,/uslugi/narkologicheskaya-pomosh/narkolog-na-dom/metro/,/uslugi/narkolog-na-dom/moskva/,Нарколог на дом,metro,yes,moskva,metro,kahovskaya,P0,"Технический каталог metro, okrug или mo убран из публичного URL."
Нарколог на дом — Калужская,/uslugi/narkologicheskaya-pomosh/narkolog-na-dom/metro/kaluzhskaya/,/uslugi/narkolog-na-dom/moskva/kaluzhskaya/,/uslugi/narkologicheskaya-pomosh/narkolog-na-dom/metro/,/uslugi/narkolog-na-dom/moskva/,Нарколог на дом,metro,yes,moskva,metro,kaluzhskaya,P0,"Технический каталог metro, okrug или mo убран из публичного URL."
Нарколог на дом — Кантемировская,/uslugi/narkologicheskaya-pomosh/narkolog-na-dom/metro/kantemirovskaya/,/uslugi/narkolog-na-dom/moskva/kantemirovskaya/,/uslugi/narkologicheskaya-pomosh/narkolog-na-dom/metro/,/uslugi/narkolog-na-dom/moskva/,Нарколог на дом,metro,yes,moskva,metro,kantemirovskaya,P0,"Технический каталог metro, okrug или mo убран из публичного URL."
Нарколог на дом — Каширская,/uslugi/narkologicheskaya-pomosh/narkolog-na-dom/metro/kashirskaya/,/uslugi/narkolog-na-dom/moskva/kashirskaya/,/uslugi/narkologicheskaya-pomosh/narkolog-na-dom/metro/,/uslugi/narkolog-na-dom/moskva/,Нарколог на дом,metro,yes,moskva,metro,kashirskaya,P0,"Технический каталог metro, okrug или mo убран из публичного URL."
Нарколог на дом — Киевская,/uslugi/narkologicheskaya-pomosh/narkolog-na-dom/metro/kievskaya/,/uslugi/narkolog-na-dom/moskva/kievskaya/,/uslugi/narkologicheskaya-pomosh/narkolog-na-dom/metro/,/uslugi/narkolog-na-dom/moskva/,Нарколог на дом,metro,yes,moskva,metro,kievskaya,P0,"Технический каталог metro, okrug или mo убран из публичного URL."
Нарколог на дом — Китай-город,/uslugi/narkologicheskaya-pomosh/narkolog-na-dom/metro/kitaj-gorod/,/uslugi/narkolog-na-dom/moskva/kitaj-gorod/,/uslugi/narkologicheskaya-pomosh/narkolog-na-dom/metro/,/uslugi/narkolog-na-dom/moskva/,Нарколог на дом,metro,yes,moskva,metro,kitaj-gorod,P0,"Технический каталог metro, okrug или mo убран из публичного URL."
Нарколог на дом — Коломенская,/uslugi/narkologicheskaya-pomosh/narkolog-na-dom/metro/kolomenskaya/,/uslugi/narkolog-na-dom/moskva/kolomenskaya/,/uslugi/narkologicheskaya-pomosh/narkolog-na-dom/metro/,/uslugi/narkolog-na-dom/moskva/,Нарколог на дом,metro,yes,moskva,metro,kolomenskaya,P0,"Технический каталог metro, okrug или mo убран из публичного URL."
Нарколог на дом — Комсомольская,/uslugi/narkologicheskaya-pomosh/narkolog-na-dom/metro/komsomolskaya/,/uslugi/narkolog-na-dom/moskva/komsomolskaya/,/uslugi/narkologicheskaya-pomosh/narkolog-na-dom/metro/,/uslugi/narkolog-na-dom/moskva/,Нарколог на дом,metro,yes,moskva,metro,komsomolskaya,P0,"Технический каталог metro, okrug или mo убран из публичного URL."
Нарколог на дом — Коньково,/uslugi/narkologicheskaya-pomosh/narkolog-na-dom/metro/konkovo/,/uslugi/narkolog-na-dom/moskva/konkovo/,/uslugi/narkologicheskaya-pomosh/narkolog-na-dom/metro/,/uslugi/narkolog-na-dom/moskva/,Нарколог на дом,metro,yes,moskva,metro,konkovo,P0,"Технический каталог metro, okrug или mo убран из публичного URL."
Нарколог на дом — Коптево,/uslugi/narkologicheskaya-pomosh/narkolog-na-dom/metro/koptevo/,/uslugi/narkolog-na-dom/moskva/koptevo/,/uslugi/narkologicheskaya-pomosh/narkolog-na-dom/metro/,/uslugi/narkolog-na-dom/moskva/,Нарколог на дом,metro,yes,moskva,metro,koptevo,P0,"Технический каталог metro, okrug или mo убран из публичного URL."
Нарколог на дом — Котельники,/uslugi/narkologicheskaya-pomosh/narkolog-na-dom/metro/kotelniki/,/uslugi/narkolog-na-dom/moskva/kotelniki/,/uslugi/narkologicheskaya-pomosh/narkolog-na-dom/metro/,/uslugi/narkolog-na-dom/moskva/,Нарколог на дом,metro,yes,moskva,metro,kotelniki,P0,"Технический каталог metro, okrug или mo убран из публичного URL."
Нарколог на дом — Кожуховская,/uslugi/narkologicheskaya-pomosh/narkolog-na-dom/metro/kozhuhovskaya/,/uslugi/narkolog-na-dom/moskva/kozhuhovskaya/,/uslugi/narkologicheskaya-pomosh/narkolog-na-dom/metro/,/uslugi/narkolog-na-dom/moskva/,Нарколог на дом,metro,yes,moskva,metro,kozhuhovskaya,P0,"Технический каталог metro, okrug или mo убран из публичного URL."
Нарколог на дом — Красногвардейская,/uslugi/narkologicheskaya-pomosh/narkolog-na-dom/metro/krasnogvardejskaya/,/uslugi/narkolog-na-dom/moskva/krasnogvardejskaya/,/uslugi/narkologicheskaya-pomosh/narkolog-na-dom/metro/,/uslugi/narkolog-na-dom/moskva/,Нарколог на дом,metro,yes,moskva,metro,krasnogvardejskaya,P0,"Технический каталог metro, okrug или mo убран из публичного URL."
Нарколог на дом — Краснопресненская,/uslugi/narkologicheskaya-pomosh/narkolog-na-dom/metro/krasnopresnenskaya/,/uslugi/narkolog-na-dom/moskva/krasnopresnenskaya/,/uslugi/narkologicheskaya-pomosh/narkolog-na-dom/metro/,/uslugi/narkolog-na-dom/moskva/,Нарколог на дом,metro,yes,moskva,metro,krasnopresnenskaya,P0,"Технический каталог metro, okrug или mo убран из публичного URL."
Нарколог на дом — Красносельская,/uslugi/narkologicheskaya-pomosh/narkolog-na-dom/metro/krasnoselskaya/,/uslugi/narkolog-na-dom/moskva/krasnoselskaya/,/uslugi/narkologicheskaya-pomosh/narkolog-na-dom/metro/,/uslugi/narkolog-na-dom/moskva/,Нарколог на дом,metro,yes,moskva,metro,krasnoselskaya,P0,"Технический каталог metro, okrug или mo убран из публичного URL."
Нарколог на дом — Красные ворота,/uslugi/narkologicheskaya-pomosh/narkolog-na-dom/metro/krasnye-vorota/,/uslugi/narkolog-na-dom/moskva/krasnye-vorota/,/uslugi/narkologicheskaya-pomosh/narkolog-na-dom/metro/,/uslugi/narkolog-na-dom/moskva/,Нарколог на дом,metro,yes,moskva,metro,krasnye-vorota,P0,"Технический каталог metro, okrug или mo убран из публичного URL."
Нарколог на дом — Крестьянская застава,/uslugi/narkologicheskaya-pomosh/narkolog-na-dom/metro/krestyanskaya-zastava/,/uslugi/narkolog-na-dom/moskva/krestyanskaya-zastava/,/uslugi/narkologicheskaya-pomosh/narkolog-na-dom/metro/,/uslugi/narkolog-na-dom/moskva/,Нарколог на дом,metro,yes,moskva,metro,krestyanskaya-zastava,P0,"Технический каталог metro, okrug или mo убран из публичного URL."
Нарколог на дом — Кропоткинская,/uslugi/narkologicheskaya-pomosh/narkolog-na-dom/metro/kropotkinskaya/,/uslugi/narkolog-na-dom/moskva/kropotkinskaya/,/uslugi/narkologicheskaya-pomosh/narkolog-na-dom/metro/,/uslugi/narkolog-na-dom/moskva/,Нарколог на дом,metro,yes,moskva,metro,kropotkinskaya,P0,"Технический каталог metro, okrug или mo убран из публичного URL."
Нарколог на дом — Крылатское,/uslugi/narkologicheskaya-pomosh/narkolog-na-dom/metro/krylatskoe/,/uslugi/narkolog-na-dom/moskva/krylatskoe/,/uslugi/narkologicheskaya-pomosh/narkolog-na-dom/metro/,/uslugi/narkolog-na-dom/moskva/,Нарколог на дом,metro,yes,moskva,metro,krylatskoe,P0,"Технический каталог metro, okrug или mo убран из публичного URL."
Нарколог на дом — Крымская,/uslugi/narkologicheskaya-pomosh/narkolog-na-dom/metro/krymskaya/,/uslugi/narkolog-na-dom/moskva/krymskaya/,/uslugi/narkologicheskaya-pomosh/narkolog-na-dom/metro/,/uslugi/narkolog-na-dom/moskva/,Нарколог на дом,metro,yes,moskva,metro,krymskaya,P0,"Технический каталог metro, okrug или mo убран из публичного URL."
Нарколог на дом — Кунцевская,/uslugi/narkologicheskaya-pomosh/narkolog-na-dom/metro/kuncevskaya/,/uslugi/narkolog-na-dom/moskva/kuncevskaya/,/uslugi/narkologicheskaya-pomosh/narkolog-na-dom/metro/,/uslugi/narkolog-na-dom/moskva/,Нарколог на дом,metro,yes,moskva,metro,kuncevskaya,P0,"Технический каталог metro, okrug или mo убран из публичного URL."
Нарколог на дом — Курская,/uslugi/narkologicheskaya-pomosh/narkolog-na-dom/metro/kurskaya/,/uslugi/narkolog-na-dom/moskva/kurskaya/,/uslugi/narkologicheskaya-pomosh/narkolog-na-dom/metro/,/uslugi/narkolog-na-dom/moskva/,Нарколог на дом,metro,yes,moskva,metro,kurskaya,P0,"Технический каталог metro, okrug или mo убран из публичного URL."
Нарколог на дом — Кутузовская,/uslugi/narkologicheskaya-pomosh/narkolog-na-dom/metro/kutuzovskaya/,/uslugi/narkolog-na-dom/moskva/kutuzovskaya/,/uslugi/narkologicheskaya-pomosh/narkolog-na-dom/metro/,/uslugi/narkolog-na-dom/moskva/,Нарколог на дом,metro,yes,moskva,metro,kutuzovskaya,P0,"Технический каталог metro, okrug или mo убран из публичного URL."
Нарколог на дом — Кузьминки,/uslugi/narkologicheskaya-pomosh/narkolog-na-dom/metro/kuzminki/,/uslugi/narkolog-na-dom/moskva/kuzminki/,/uslugi/narkologicheskaya-pomosh/narkolog-na-dom/metro/,/uslugi/narkolog-na-dom/moskva/,Нарколог на дом,metro,yes,moskva,metro,kuzminki,P0,"Технический каталог metro, okrug или mo убран из публичного URL."
Нарколог на дом — Кузнецкий мост,/uslugi/narkologicheskaya-pomosh/narkolog-na-dom/metro/kuzneckij-most/,/uslugi/narkolog-na-dom/moskva/kuzneckij-most/,/uslugi/narkologicheskaya-pomosh/narkolog-na-dom/metro/,/uslugi/narkolog-na-dom/moskva/,Нарколог на дом,metro,yes,moskva,metro,kuzneckij-most,P0,"Технический каталог metro, okrug или mo убран из публичного URL."
Нарколог на дом — Ленинский проспект,/uslugi/narkologicheskaya-pomosh/narkolog-na-dom/metro/leninskij-prospekt/,/uslugi/narkolog-na-dom/moskva/leninskij-prospekt/,/uslugi/narkologicheskaya-pomosh/narkolog-na-dom/metro/,/uslugi/narkolog-na-dom/moskva/,Нарколог на дом,metro,yes,moskva,metro,leninskij-prospekt,P0,"Технический каталог metro, okrug или mo убран из публичного URL."
Нарколог на дом — Лермонтовский проспект,/uslugi/narkologicheskaya-pomosh/narkolog-na-dom/metro/lermontovskij-prospekt/,/uslugi/narkolog-na-dom/moskva/lermontovskij-prospekt/,/uslugi/narkologicheskaya-pomosh/narkolog-na-dom/metro/,/uslugi/narkolog-na-dom/moskva/,Нарколог на дом,metro,yes,moskva,metro,lermontovskij-prospekt,P0,"Технический каталог metro, okrug или mo убран из публичного URL."
Нарколог на дом — Лесопарковая,/uslugi/narkologicheskaya-pomosh/narkolog-na-dom/metro/lesoparkovaya/,/uslugi/narkolog-na-dom/moskva/lesoparkovaya/,/uslugi/narkologicheskaya-pomosh/narkolog-na-dom/metro/,/uslugi/narkolog-na-dom/moskva/,Нарколог на дом,metro,yes,moskva,metro,lesoparkovaya,P0,"Технический каталог metro, okrug или mo убран из публичного URL."
Нарколог на дом — Лихоборы,/uslugi/narkologicheskaya-pomosh/narkolog-na-dom/metro/lihobory/,/uslugi/narkolog-na-dom/moskva/lihobory/,/uslugi/narkologicheskaya-pomosh/narkolog-na-dom/metro/,/uslugi/narkolog-na-dom/moskva/,Нарколог на дом,metro,yes,moskva,metro,lihobory,P0,"Технический каталог metro, okrug или mo убран из публичного URL."
Нарколог на дом — Локомотив,/uslugi/narkologicheskaya-pomosh/narkolog-na-dom/metro/lokomotiv/,/uslugi/narkolog-na-dom/moskva/lokomotiv/,/uslugi/narkologicheskaya-pomosh/narkolog-na-dom/metro/,/uslugi/narkolog-na-dom/moskva/,Нарколог на дом,metro,yes,moskva,metro,lokomotiv,P0,"Технический каталог metro, okrug или mo убран из публичного URL."
Нарколог на дом — Ломоносовский проспект,/uslugi/narkologicheskaya-pomosh/narkolog-na-dom/metro/lomonosovskij-prospekt/,/uslugi/narkolog-na-dom/moskva/lomonosovskij-prospekt/,/uslugi/narkologicheskaya-pomosh/narkolog-na-dom/metro/,/uslugi/narkolog-na-dom/moskva/,Нарколог на дом,metro,yes,moskva,metro,lomonosovskij-prospekt,P0,"Технический каталог metro, okrug или mo убран из публичного URL."
Нарколог на дом — Лубянка,/uslugi/narkologicheskaya-pomosh/narkolog-na-dom/metro/lubyanka/,/uslugi/narkolog-na-dom/moskva/lubyanka/,/uslugi/narkologicheskaya-pomosh/narkolog-na-dom/metro/,/uslugi/narkolog-na-dom/moskva/,Нарколог на дом,metro,yes,moskva,metro,lubyanka,P0,"Технический каталог metro, okrug или mo убран из публичного URL."
Нарколог на дом — Лужники,/uslugi/narkologicheskaya-pomosh/narkolog-na-dom/metro/luzhniki/,/uslugi/narkolog-na-dom/moskva/luzhniki/,/uslugi/narkologicheskaya-pomosh/narkolog-na-dom/metro/,/uslugi/narkolog-na-dom/moskva/,Нарколог на дом,metro,yes,moskva,metro,luzhniki,P0,"Технический каталог metro, okrug или mo убран из публичного URL."
Нарколог на дом — Люблино,/uslugi/narkologicheskaya-pomosh/narkolog-na-dom/metro/lyublino/,/uslugi/narkolog-na-dom/moskva/lyublino/,/uslugi/narkologicheskaya-pomosh/narkolog-na-dom/metro/,/uslugi/narkolog-na-dom/moskva/,Нарколог на дом,metro,yes,moskva,metro,lyublino,P0,"Технический каталог metro, okrug или mo убран из публичного URL."
Нарколог на дом — Марьино,/uslugi/narkologicheskaya-pomosh/narkolog-na-dom/metro/marino/,/uslugi/narkolog-na-dom/moskva/marino/,/uslugi/narkologicheskaya-pomosh/narkolog-na-dom/metro/,/uslugi/narkolog-na-dom/moskva/,Нарколог на дом,metro,yes,moskva,metro,marino,P0,"Технический каталог metro, okrug или mo убран из публичного URL."
Нарколог на дом — Марьина Роща,/uslugi/narkologicheskaya-pomosh/narkolog-na-dom/metro/marina-roshcha/,/uslugi/narkolog-na-dom/moskva/marina-roshcha/,/uslugi/narkologicheskaya-pomosh/narkolog-na-dom/metro/,/uslugi/narkolog-na-dom/moskva/,Нарколог на дом,metro,yes,moskva,metro,marina-roshcha,P0,"Технический каталог metro, okrug или mo убран из публичного URL."
Нарколог на дом — Марксистская,/uslugi/narkologicheskaya-pomosh/narkolog-na-dom/metro/marksistskaya/,/uslugi/narkolog-na-dom/moskva/marksistskaya/,/uslugi/narkologicheskaya-pomosh/narkolog-na-dom/metro/,/uslugi/narkolog-na-dom/moskva/,Нарколог на дом,metro,yes,moskva,metro,marksistskaya,P0,"Технический каталог metro, okrug или mo убран из публичного URL."
Нарколог на дом — Маяковская,/uslugi/narkologicheskaya-pomosh/narkolog-na-dom/metro/mayakovskaya/,/uslugi/narkolog-na-dom/moskva/mayakovskaya/,/uslugi/narkologicheskaya-pomosh/narkolog-na-dom/metro/,/uslugi/narkolog-na-dom/moskva/,Нарколог на дом,metro,yes,moskva,metro,mayakovskaya,P0,"Технический каталог metro, okrug или mo убран из публичного URL."
Нарколог на дом — Медведково,/uslugi/narkologicheskaya-pomosh/narkolog-na-dom/metro/medvedkovo/,/uslugi/narkolog-na-dom/moskva/medvedkovo/,/uslugi/narkologicheskaya-pomosh/narkolog-na-dom/metro/,/uslugi/narkolog-na-dom/moskva/,Нарколог на дом,metro,yes,moskva,metro,medvedkovo,P0,"Технический каталог metro, okrug или mo убран из публичного URL."
Нарколог на дом — Менделеевская,/uslugi/narkologicheskaya-pomosh/narkolog-na-dom/metro/mendeleevskaya/,/uslugi/narkolog-na-dom/moskva/mendeleevskaya/,/uslugi/narkologicheskaya-pomosh/narkolog-na-dom/metro/,/uslugi/narkolog-na-dom/moskva/,Нарколог на дом,metro,yes,moskva,metro,mendeleevskaya,P0,"Технический каталог metro, okrug или mo убран из публичного URL."
Нарколог на дом — Международная,/uslugi/narkologicheskaya-pomosh/narkolog-na-dom/metro/mezhdunarodnaya/,/uslugi/narkolog-na-dom/moskva/mezhdunarodnaya/,/uslugi/narkologicheskaya-pomosh/narkolog-na-dom/metro/,/uslugi/narkolog-na-dom/moskva/,Нарколог на дом,metro,yes,moskva,metro,mezhdunarodnaya,P0,"Технический каталог metro, okrug или mo убран из публичного URL."
Нарколог на дом — Минская,/uslugi/narkologicheskaya-pomosh/narkolog-na-dom/metro/minskaya/,/uslugi/narkolog-na-dom/moskva/minskaya/,/uslugi/narkologicheskaya-pomosh/narkolog-na-dom/metro/,/uslugi/narkolog-na-dom/moskva/,Нарколог на дом,metro,yes,moskva,metro,minskaya,P0,"Технический каталог metro, okrug или mo убран из публичного URL."
Нарколог на дом — Молодёжная,/uslugi/narkologicheskaya-pomosh/narkolog-na-dom/metro/molodezhnaya/,/uslugi/narkolog-na-dom/moskva/molodezhnaya/,/uslugi/narkologicheskaya-pomosh/narkolog-na-dom/metro/,/uslugi/narkolog-na-dom/moskva/,Нарколог на дом,metro,yes,moskva,metro,molodezhnaya,P0,"Технический каталог metro, okrug или mo убран из публичного URL."
Нарколог на дом — Мякинино,/uslugi/narkologicheskaya-pomosh/narkolog-na-dom/metro/myakinino/,/uslugi/narkolog-na-dom/moskva/myakinino/,/uslugi/narkologicheskaya-pomosh/narkolog-na-dom/metro/,/uslugi/narkolog-na-dom/moskva/,Нарколог на дом,metro,yes,moskva,metro,myakinino,P0,"Технический каталог metro, okrug или mo убран из публичного URL."
Нарколог на дом — Нагатинская,/uslugi/narkologicheskaya-pomosh/narkolog-na-dom/metro/nagatinskaya/,/uslugi/narkolog-na-dom/moskva/nagatinskaya/,/uslugi/narkologicheskaya-pomosh/narkolog-na-dom/metro/,/uslugi/narkolog-na-dom/moskva/,Нарколог на дом,metro,yes,moskva,metro,nagatinskaya,P0,"Технический каталог metro, okrug или mo убран из публичного URL."
Нарколог на дом — Нагорная,/uslugi/narkologicheskaya-pomosh/narkolog-na-dom/metro/nagornaya/,/uslugi/narkolog-na-dom/moskva/nagornaya/,/uslugi/narkologicheskaya-pomosh/narkolog-na-dom/metro/,/uslugi/narkolog-na-dom/moskva/,Нарколог на дом,metro,yes,moskva,metro,nagornaya,P0,"Технический каталог metro, okrug или mo убран из публичного URL."
Нарколог на дом — Нахимовский проспект,/uslugi/narkologicheskaya-pomosh/narkolog-na-dom/metro/nahimovskij-prospekt/,/uslugi/narkolog-na-dom/moskva/nahimovskij-prospekt/,/uslugi/narkologicheskaya-pomosh/narkolog-na-dom/metro/,/uslugi/narkolog-na-dom/moskva/,Нарколог на дом,metro,yes,moskva,metro,nahimovskij-prospekt,P0,"Технический каталог metro, okrug или mo убран из публичного URL."
Нарколог на дом — Нижегородская,/uslugi/narkologicheskaya-pomosh/narkolog-na-dom/metro/nizhegorodskaya/,/uslugi/narkolog-na-dom/moskva/nizhegorodskaya/,/uslugi/narkologicheskaya-pomosh/narkolog-na-dom/metro/,/uslugi/narkolog-na-dom/moskva/,Нарколог на дом,metro,yes,moskva,metro,nizhegorodskaya,P0,"Технический каталог metro, okrug или mo убран из публичного URL."
Нарколог на дом — Новогиреево,/uslugi/narkologicheskaya-pomosh/narkolog-na-dom/metro/novogireevo/,/uslugi/narkolog-na-dom/moskva/novogireevo/,/uslugi/narkologicheskaya-pomosh/narkolog-na-dom/metro/,/uslugi/narkolog-na-dom/moskva/,Нарколог на дом,metro,yes,moskva,metro,novogireevo,P0,"Технический каталог metro, okrug или mo убран из публичного URL."
Нарколог на дом — Новохохловская,/uslugi/narkologicheskaya-pomosh/narkolog-na-dom/metro/novohohlovskaya/,/uslugi/narkolog-na-dom/moskva/novohohlovskaya/,/uslugi/narkologicheskaya-pomosh/narkolog-na-dom/metro/,/uslugi/narkolog-na-dom/moskva/,Нарколог на дом,metro,yes,moskva,metro,novohohlovskaya,P0,"Технический каталог metro, okrug или mo убран из публичного URL."
Нарколог на дом — Новокосино,/uslugi/narkologicheskaya-pomosh/narkolog-na-dom/metro/novokosino/,/uslugi/narkolog-na-dom/moskva/novokosino/,/uslugi/narkologicheskaya-pomosh/narkolog-na-dom/metro/,/uslugi/narkolog-na-dom/moskva/,Нарколог на дом,metro,yes,moskva,metro,novokosino,P0,"Технический каталог metro, okrug или mo убран из публичного URL."
Нарколог на дом — Новокузнецкая,/uslugi/narkologicheskaya-pomosh/narkolog-na-dom/metro/novokuzneckaya/,/uslugi/narkolog-na-dom/moskva/novokuzneckaya/,/uslugi/narkologicheskaya-pomosh/narkolog-na-dom/metro/,/uslugi/narkolog-na-dom/moskva/,Нарколог на дом,metro,yes,moskva,metro,novokuzneckaya,P0,"Технический каталог metro, okrug или mo убран из публичного URL."
Нарколог на дом — Новослободская,/uslugi/narkologicheskaya-pomosh/narkolog-na-dom/metro/novoslobodskaya/,/uslugi/narkolog-na-dom/moskva/novoslobodskaya/,/uslugi/narkologicheskaya-pomosh/narkolog-na-dom/metro/,/uslugi/narkolog-na-dom/moskva/,Нарколог на дом,metro,yes,moskva,metro,novoslobodskaya,P0,"Технический каталог metro, okrug или mo убран из публичного URL."
Нарколог на дом — Новоясеневская,/uslugi/narkologicheskaya-pomosh/narkolog-na-dom/metro/novoyasenevskaya/,/uslugi/narkolog-na-dom/moskva/novoyasenevskaya/,/uslugi/narkologicheskaya-pomosh/narkolog-na-dom/metro/,/uslugi/narkolog-na-dom/moskva/,Нарколог на дом,metro,yes,moskva,metro,novoyasenevskaya,P0,"Технический каталог metro, okrug или mo убран из публичного URL."
Нарколог на дом — Новые Черёмушки,/uslugi/narkologicheskaya-pomosh/narkolog-na-dom/metro/novye-cheremushki/,/uslugi/narkolog-na-dom/moskva/novye-cheremushki/,/uslugi/narkologicheskaya-pomosh/narkolog-na-dom/metro/,/uslugi/narkolog-na-dom/moskva/,Нарколог на дом,metro,yes,moskva,metro,novye-cheremushki,P0,"Технический каталог metro, okrug или mo убран из публичного URL."
Нарколог на дом — Охотный Ряд,/uslugi/narkologicheskaya-pomosh/narkolog-na-dom/metro/ohotnyj-ryad/,/uslugi/narkolog-na-dom/moskva/ohotnyj-ryad/,/uslugi/narkologicheskaya-pomosh/narkolog-na-dom/metro/,/uslugi/narkolog-na-dom/moskva/,Нарколог на дом,metro,yes,moskva,metro,ohotnyj-ryad,P0,"Технический каталог metro, okrug или mo убран из публичного URL."
Нарколог на дом — Окружная,/uslugi/narkologicheskaya-pomosh/narkolog-na-dom/metro/okruzhnaya/,/uslugi/narkolog-na-dom/moskva/okruzhnaya/,/uslugi/narkologicheskaya-pomosh/narkolog-na-dom/metro/,/uslugi/narkolog-na-dom/moskva/,Нарколог на дом,metro,yes,moskva,metro,okruzhnaya,P0,"Технический каталог metro, okrug или mo убран из публичного URL."
Нарколог на дом — Октябрьское Поле,/uslugi/narkologicheskaya-pomosh/narkolog-na-dom/metro/oktyabrskoe-pole/,/uslugi/narkolog-na-dom/moskva/oktyabrskoe-pole/,/uslugi/narkologicheskaya-pomosh/narkolog-na-dom/metro/,/uslugi/narkolog-na-dom/moskva/,Нарколог на дом,metro,yes,moskva,metro,oktyabrskoe-pole,P0,"Технический каталог metro, okrug или mo убран из публичного URL."
Нарколог на дом — Октябрьская,/uslugi/narkologicheskaya-pomosh/narkolog-na-dom/metro/oktyabrskaya/,/uslugi/narkolog-na-dom/moskva/oktyabrskaya/,/uslugi/narkologicheskaya-pomosh/narkolog-na-dom/metro/,/uslugi/narkolog-na-dom/moskva/,Нарколог на дом,metro,yes,moskva,metro,oktyabrskaya,P0,"Технический каталог metro, okrug или mo убран из публичного URL."
Нарколог на дом — Орехово,/uslugi/narkologicheskaya-pomosh/narkolog-na-dom/metro/orehovo/,/uslugi/narkolog-na-dom/moskva/orehovo/,/uslugi/narkologicheskaya-pomosh/narkolog-na-dom/metro/,/uslugi/narkolog-na-dom/moskva/,Нарколог на дом,metro,yes,moskva,metro,orehovo,P0,"Технический каталог metro, okrug или mo убран из публичного URL."
Нарколог на дом — Отрадное,/uslugi/narkologicheskaya-pomosh/narkolog-na-dom/metro/otradnoe/,/uslugi/narkolog-na-dom/moskva/otradnoe/,/uslugi/narkologicheskaya-pomosh/narkolog-na-dom/metro/,/uslugi/narkolog-na-dom/moskva/,Нарколог на дом,metro,yes,moskva,metro,otradnoe,P0,"Технический каталог metro, okrug или mo убран из публичного URL."
Нарколог на дом — Панфиловская,/uslugi/narkologicheskaya-pomosh/narkolog-na-dom/metro/panfilovskaya/,/uslugi/narkolog-na-dom/moskva/panfilovskaya/,/uslugi/narkologicheskaya-pomosh/narkolog-na-dom/metro/,/uslugi/narkolog-na-dom/moskva/,Нарколог на дом,metro,yes,moskva,metro,panfilovskaya,P0,"Технический каталог metro, okrug или mo убран из публичного URL."
Нарколог на дом — Парк культуры,/uslugi/narkologicheskaya-pomosh/narkolog-na-dom/metro/park-kultury/,/uslugi/narkolog-na-dom/moskva/park-kultury/,/uslugi/narkologicheskaya-pomosh/narkolog-na-dom/metro/,/uslugi/narkolog-na-dom/moskva/,Нарколог на дом,metro,yes,moskva,metro,park-kultury,P0,"Технический каталог metro, okrug или mo убран из публичного URL."
Нарколог на дом — Парк Победы,/uslugi/narkologicheskaya-pomosh/narkolog-na-dom/metro/park-pobedy/,/uslugi/narkolog-na-dom/moskva/park-pobedy/,/uslugi/narkologicheskaya-pomosh/narkolog-na-dom/metro/,/uslugi/narkolog-na-dom/moskva/,Нарколог на дом,metro,yes,moskva,metro,park-pobedy,P0,"Технический каталог metro, okrug или mo убран из публичного URL."
Нарколог на дом — Партизанская,/uslugi/narkologicheskaya-pomosh/narkolog-na-dom/metro/partizanskaya/,/uslugi/narkolog-na-dom/moskva/partizanskaya/,/uslugi/narkologicheskaya-pomosh/narkolog-na-dom/metro/,/uslugi/narkolog-na-dom/moskva/,Нарколог на дом,metro,yes,moskva,metro,partizanskaya,P0,"Технический каталог metro, okrug или mo убран из публичного URL."
Нарколог на дом — Павелецкая,/uslugi/narkologicheskaya-pomosh/narkolog-na-dom/metro/paveleckaya/,/uslugi/narkolog-na-dom/moskva/paveleckaya/,/uslugi/narkologicheskaya-pomosh/narkolog-na-dom/metro/,/uslugi/narkolog-na-dom/moskva/,Нарколог на дом,metro,yes,moskva,metro,paveleckaya,P0,"Технический каталог metro, okrug или mo убран из публичного URL."
Нарколог на дом — Печатники,/uslugi/narkologicheskaya-pomosh/narkolog-na-dom/metro/pechatniki/,/uslugi/narkolog-na-dom/moskva/pechatniki/,/uslugi/narkologicheskaya-pomosh/narkolog-na-dom/metro/,/uslugi/narkolog-na-dom/moskva/,Нарколог на дом,metro,yes,moskva,metro,pechatniki,P0,"Технический каталог metro, okrug или mo убран из публичного URL."
Нарколог на дом — Перово,/uslugi/narkologicheskaya-pomosh/narkolog-na-dom/metro/perovo/,/uslugi/narkolog-na-dom/moskva/perovo/,/uslugi/narkologicheskaya-pomosh/narkolog-na-dom/metro/,/uslugi/narkolog-na-dom/moskva/,Нарколог на дом,metro,yes,moskva,metro,perovo,P0,"Технический каталог metro, okrug или mo убран из публичного URL."
Нарколог на дом — Первомайская,/uslugi/narkologicheskaya-pomosh/narkolog-na-dom/metro/pervomajskaya/,/uslugi/narkolog-na-dom/moskva/pervomajskaya/,/uslugi/narkologicheskaya-pomosh/narkolog-na-dom/metro/,/uslugi/narkolog-na-dom/moskva/,Нарколог на дом,metro,yes,moskva,metro,pervomajskaya,P0,"Технический каталог metro, okrug или mo убран из публичного URL."
Нарколог на дом — Петровский парк,/uslugi/narkologicheskaya-pomosh/narkolog-na-dom/metro/petrovskij-park/,/uslugi/narkolog-na-dom/moskva/petrovskij-park/,/uslugi/narkologicheskaya-pomosh/narkolog-na-dom/metro/,/uslugi/narkolog-na-dom/moskva/,Нарколог на дом,metro,yes,moskva,metro,petrovskij-park,P0,"Технический каталог metro, okrug или mo убран из публичного URL."
Нарколог на дом — Петровско-Разумовская,/uslugi/narkologicheskaya-pomosh/narkolog-na-dom/metro/petrovsko-razumovskaya/,/uslugi/narkolog-na-dom/moskva/petrovsko-razumovskaya/,/uslugi/narkologicheskaya-pomosh/narkolog-na-dom/metro/,/uslugi/narkolog-na-dom/moskva/,Нарколог на дом,metro,yes,moskva,metro,petrovsko-razumovskaya,P0,"Технический каталог metro, okrug или mo убран из публичного URL."
Нарколог на дом — Пионерская,/uslugi/narkologicheskaya-pomosh/narkolog-na-dom/metro/pionerskaya/,/uslugi/narkolog-na-dom/moskva/pionerskaya/,/uslugi/narkologicheskaya-pomosh/narkolog-na-dom/metro/,/uslugi/narkolog-na-dom/moskva/,Нарколог на дом,metro,yes,moskva,metro,pionerskaya,P0,"Технический каталог metro, okrug или mo убран из публичного URL."
Нарколог на дом — Планерная,/uslugi/narkologicheskaya-pomosh/narkolog-na-dom/metro/planernaya/,/uslugi/narkolog-na-dom/moskva/planernaya/,/uslugi/narkologicheskaya-pomosh/narkolog-na-dom/metro/,/uslugi/narkolog-na-dom/moskva/,Нарколог на дом,metro,yes,moskva,metro,planernaya,P0,"Технический каталог metro, okrug или mo убран из публичного URL."
Нарколог на дом — Площадь Гагарина,/uslugi/narkologicheskaya-pomosh/narkolog-na-dom/metro/ploshchad-gagarina/,/uslugi/narkolog-na-dom/moskva/ploshchad-gagarina/,/uslugi/narkologicheskaya-pomosh/narkolog-na-dom/metro/,/uslugi/narkolog-na-dom/moskva/,Нарколог на дом,metro,yes,moskva,metro,ploshchad-gagarina,P0,"Технический каталог metro, okrug или mo убран из публичного URL."
Нарколог на дом — Площадь Ильича,/uslugi/narkologicheskaya-pomosh/narkolog-na-dom/metro/ploshchad-ilicha/,/uslugi/narkolog-na-dom/moskva/ploshchad-ilicha/,/uslugi/narkologicheskaya-pomosh/narkolog-na-dom/metro/,/uslugi/narkolog-na-dom/moskva/,Нарколог на дом,metro,yes,moskva,metro,ploshchad-ilicha,P0,"Технический каталог metro, okrug или mo убран из публичного URL."
Нарколог на дом — Площадь Революции,/uslugi/narkologicheskaya-pomosh/narkolog-na-dom/metro/ploshchad-revolyucii/,/uslugi/narkolog-na-dom/moskva/ploshchad-revolyucii/,/uslugi/narkologicheskaya-pomosh/narkolog-na-dom/metro/,/uslugi/narkolog-na-dom/moskva/,Нарколог на дом,metro,yes,moskva,metro,ploshchad-revolyucii,P0,"Технический каталог metro, okrug или mo убран из публичного URL."
Нарколог на дом — Полежаевская,/uslugi/narkologicheskaya-pomosh/narkolog-na-dom/metro/polezhaevskaya/,/uslugi/narkolog-na-dom/moskva/polezhaevskaya/,/uslugi/narkologicheskaya-pomosh/narkolog-na-dom/metro/,/uslugi/narkolog-na-dom/moskva/,Нарколог на дом,metro,yes,moskva,metro,polezhaevskaya,P0,"Технический каталог metro, okrug или mo убран из публичного URL."
Нарколог на дом — Полянка,/uslugi/narkologicheskaya-pomosh/narkolog-na-dom/metro/polyanka/,/uslugi/narkolog-na-dom/moskva/polyanka/,/uslugi/narkologicheskaya-pomosh/narkolog-na-dom/metro/,/uslugi/narkolog-na-dom/moskva/,Нарколог на дом,metro,yes,moskva,metro,polyanka,P0,"Технический каталог metro, okrug или mo убран из публичного URL."
Нарколог на дом — Пражская,/uslugi/narkologicheskaya-pomosh/narkolog-na-dom/metro/prazhskaya/,/uslugi/narkolog-na-dom/moskva/prazhskaya/,/uslugi/narkologicheskaya-pomosh/narkolog-na-dom/metro/,/uslugi/narkolog-na-dom/moskva/,Нарколог на дом,metro,yes,moskva,metro,prazhskaya,P0,"Технический каталог metro, okrug или mo убран из публичного URL."
Нарколог на дом — Преображенская площадь,/uslugi/narkologicheskaya-pomosh/narkolog-na-dom/metro/preobrazhenskaya-ploshchad/,/uslugi/narkolog-na-dom/moskva/preobrazhenskaya-ploshchad/,/uslugi/narkologicheskaya-pomosh/narkolog-na-dom/metro/,/uslugi/narkolog-na-dom/moskva/,Нарколог на дом,metro,yes,moskva,metro,preobrazhenskaya-ploshchad,P0,"Технический каталог metro, okrug или mo убран из публичного URL."
Нарколог на дом — Профсоюзная,/uslugi/narkologicheskaya-pomosh/narkolog-na-dom/metro/profsoyuznaya/,/uslugi/narkolog-na-dom/moskva/profsoyuznaya/,/uslugi/narkologicheskaya-pomosh/narkolog-na-dom/metro/,/uslugi/narkolog-na-dom/moskva/,Нарколог на дом,metro,yes,moskva,metro,profsoyuznaya,P0,"Технический каталог metro, okrug или mo убран из публичного URL."
Нарколог на дом — Пролетарская,/uslugi/narkologicheskaya-pomosh/narkolog-na-dom/metro/proletarskaya/,/uslugi/narkolog-na-dom/moskva/proletarskaya/,/uslugi/narkologicheskaya-pomosh/narkolog-na-dom/metro/,/uslugi/narkolog-na-dom/moskva/,Нарколог на дом,metro,yes,moskva,metro,proletarskaya,P0,"Технический каталог metro, okrug или mo убран из публичного URL."
Нарколог на дом — Проспект Мира,/uslugi/narkologicheskaya-pomosh/narkolog-na-dom/metro/prospekt-mira/,/uslugi/narkolog-na-dom/moskva/prospekt-mira/,/uslugi/narkologicheskaya-pomosh/narkolog-na-dom/metro/,/uslugi/narkolog-na-dom/moskva/,Нарколог на дом,metro,yes,moskva,metro,prospekt-mira,P0,"Технический каталог metro, okrug или mo убран из публичного URL."
Нарколог на дом — Проспект Вернадского,/uslugi/narkologicheskaya-pomosh/narkolog-na-dom/metro/prospekt-vernadskogo/,/uslugi/narkolog-na-dom/moskva/prospekt-vernadskogo/,/uslugi/narkologicheskaya-pomosh/narkolog-na-dom/metro/,/uslugi/narkolog-na-dom/moskva/,Нарколог на дом,metro,yes,moskva,metro,prospekt-vernadskogo,P0,"Технический каталог metro, okrug или mo убран из публичного URL."
Нарколог на дом — Пушкинская,/uslugi/narkologicheskaya-pomosh/narkolog-na-dom/metro/pushkinskaya/,/uslugi/narkolog-na-dom/moskva/pushkinskaya/,/uslugi/narkologicheskaya-pomosh/narkolog-na-dom/metro/,/uslugi/narkolog-na-dom/moskva/,Нарколог на дом,metro,yes,moskva,metro,pushkinskaya,P0,"Технический каталог metro, okrug или mo убран из публичного URL."
Нарколог на дом — Пятницкое шоссе,/uslugi/narkologicheskaya-pomosh/narkolog-na-dom/metro/pyatnickoe-shosse/,/uslugi/narkolog-na-dom/moskva/pyatnickoe-shosse/,/uslugi/narkologicheskaya-pomosh/narkolog-na-dom/metro/,/uslugi/narkolog-na-dom/moskva/,Нарколог на дом,metro,yes,moskva,metro,pyatnickoe-shosse,P0,"Технический каталог metro, okrug или mo убран из публичного URL."
Нарколог на дом — Раменки,/uslugi/narkologicheskaya-pomosh/narkolog-na-dom/metro/ramenki/,/uslugi/narkolog-na-dom/moskva/ramenki/,/uslugi/narkologicheskaya-pomosh/narkolog-na-dom/metro/,/uslugi/narkolog-na-dom/moskva/,Нарколог на дом,metro,yes,moskva,metro,ramenki,P0,"Технический каталог metro, okrug или mo убран из публичного URL."
Нарколог на дом — Речной вокзал,/uslugi/narkologicheskaya-pomosh/narkolog-na-dom/metro/rechnoj-vokzal/,/uslugi/narkolog-na-dom/moskva/rechnoj-vokzal/,/uslugi/narkologicheskaya-pomosh/narkolog-na-dom/metro/,/uslugi/narkolog-na-dom/moskva/,Нарколог на дом,metro,yes,moskva,metro,rechnoj-vokzal,P0,"Технический каталог metro, okrug или mo убран из публичного URL."
Нарколог на дом — Римская,/uslugi/narkologicheskaya-pomosh/narkolog-na-dom/metro/rimskaya/,/uslugi/narkolog-na-dom/moskva/rimskaya/,/uslugi/narkologicheskaya-pomosh/narkolog-na-dom/metro/,/uslugi/narkolog-na-dom/moskva/,Нарколог на дом,metro,yes,moskva,metro,rimskaya,P0,"Технический каталог metro, okrug или mo убран из публичного URL."
Нарколог на дом — Рижская,/uslugi/narkologicheskaya-pomosh/narkolog-na-dom/metro/rizhskaya/,/uslugi/narkolog-na-dom/moskva/rizhskaya/,/uslugi/narkologicheskaya-pomosh/narkolog-na-dom/metro/,/uslugi/narkolog-na-dom/moskva/,Нарколог на дом,metro,yes,moskva,metro,rizhskaya,P0,"Технический каталог metro, okrug или mo убран из публичного URL."
Нарколог на дом — Ростокино,/uslugi/narkologicheskaya-pomosh/narkolog-na-dom/metro/rostokino/,/uslugi/narkolog-na-dom/moskva/rostokino/,/uslugi/narkologicheskaya-pomosh/narkolog-na-dom/metro/,/uslugi/narkolog-na-dom/moskva/,Нарколог на дом,metro,yes,moskva,metro,rostokino,P0,"Технический каталог metro, okrug или mo убран из публичного URL."
Нарколог на дом — Румянцево,/uslugi/narkologicheskaya-pomosh/narkolog-na-dom/metro/rumyancevo/,/uslugi/narkolog-na-dom/moskva/rumyancevo/,/uslugi/narkologicheskaya-pomosh/narkolog-na-dom/metro/,/uslugi/narkolog-na-dom/moskva/,Нарколог на дом,metro,yes,moskva,metro,rumyancevo,P0,"Технический каталог metro, okrug или mo убран из публичного URL."
Нарколог на дом — Рязанский проспект,/uslugi/narkologicheskaya-pomosh/narkolog-na-dom/metro/ryazanskij-prospekt/,/uslugi/narkolog-na-dom/moskva/ryazanskij-prospekt/,/uslugi/narkologicheskaya-pomosh/narkolog-na-dom/metro/,/uslugi/narkolog-na-dom/moskva/,Нарколог на дом,metro,yes,moskva,metro,ryazanskij-prospekt,P0,"Технический каталог metro, okrug или mo убран из публичного URL."
Нарколог на дом — Саларьево,/uslugi/narkologicheskaya-pomosh/narkolog-na-dom/metro/salarevo/,/uslugi/narkolog-na-dom/moskva/salarevo/,/uslugi/narkologicheskaya-pomosh/narkolog-na-dom/metro/,/uslugi/narkolog-na-dom/moskva/,Нарколог на дом,metro,yes,moskva,metro,salarevo,P0,"Технический каталог metro, okrug или mo убран из публичного URL."
Нарколог на дом — Савёловская,/uslugi/narkologicheskaya-pomosh/narkolog-na-dom/metro/savelovskaya/,/uslugi/narkolog-na-dom/moskva/savelovskaya/,/uslugi/narkologicheskaya-pomosh/narkolog-na-dom/metro/,/uslugi/narkolog-na-dom/moskva/,Нарколог на дом,metro,yes,moskva,metro,savelovskaya,P0,"Технический каталог metro, okrug или mo убран из публичного URL."
Нарколог на дом — Селигерская,/uslugi/narkologicheskaya-pomosh/narkolog-na-dom/metro/seligerskaya/,/uslugi/narkolog-na-dom/moskva/seligerskaya/,/uslugi/narkologicheskaya-pomosh/narkolog-na-dom/metro/,/uslugi/narkolog-na-dom/moskva/,Нарколог на дом,metro,yes,moskva,metro,seligerskaya,P0,"Технический каталог metro, okrug или mo убран из публичного URL."
Нарколог на дом — Семёновская,/uslugi/narkologicheskaya-pomosh/narkolog-na-dom/metro/semenovskaya/,/uslugi/narkolog-na-dom/moskva/semenovskaya/,/uslugi/narkologicheskaya-pomosh/narkolog-na-dom/metro/,/uslugi/narkolog-na-dom/moskva/,Нарколог на дом,metro,yes,moskva,metro,semenovskaya,P0,"Технический каталог metro, okrug или mo убран из публичного URL."
Нарколог на дом — Серпуховская,/uslugi/narkologicheskaya-pomosh/narkolog-na-dom/metro/serpuhovskaya/,/uslugi/narkolog-na-dom/moskva/serpuhovskaya/,/uslugi/narkologicheskaya-pomosh/narkolog-na-dom/metro/,/uslugi/narkolog-na-dom/moskva/,Нарколог на дом,metro,yes,moskva,metro,serpuhovskaya,P0,"Технический каталог metro, okrug или mo убран из публичного URL."
Нарколог на дом — Севастопольская,/uslugi/narkologicheskaya-pomosh/narkolog-na-dom/metro/sevastopolskaya/,/uslugi/narkolog-na-dom/moskva/sevastopolskaya/,/uslugi/narkologicheskaya-pomosh/narkolog-na-dom/metro/,/uslugi/narkolog-na-dom/moskva/,Нарколог на дом,metro,yes,moskva,metro,sevastopolskaya,P0,"Технический каталог metro, okrug или mo убран из публичного URL."
Нарколог на дом — Шаболовская,/uslugi/narkologicheskaya-pomosh/narkolog-na-dom/metro/shabolovskaya/,/uslugi/narkolog-na-dom/moskva/shabolovskaya/,/uslugi/narkologicheskaya-pomosh/narkolog-na-dom/metro/,/uslugi/narkolog-na-dom/moskva/,Нарколог на дом,metro,yes,moskva,metro,shabolovskaya,P0,"Технический каталог metro, okrug или mo убран из публичного URL."
Нарколог на дом — Шелепиха,/uslugi/narkologicheskaya-pomosh/narkolog-na-dom/metro/shelepiha/,/uslugi/narkolog-na-dom/moskva/shelepiha/,/uslugi/narkologicheskaya-pomosh/narkolog-na-dom/metro/,/uslugi/narkolog-na-dom/moskva/,Нарколог на дом,metro,yes,moskva,metro,shelepiha,P0,"Технический каталог metro, okrug или mo убран из публичного URL."
Нарколог на дом — Щукинская,/uslugi/narkologicheskaya-pomosh/narkolog-na-dom/metro/shchukinskaya/,/uslugi/narkolog-na-dom/moskva/shchukinskaya/,/uslugi/narkologicheskaya-pomosh/narkolog-na-dom/metro/,/uslugi/narkolog-na-dom/moskva/,Нарколог на дом,metro,yes,moskva,metro,shchukinskaya,P0,"Технический каталог metro, okrug или mo убран из публичного URL."
Нарколог на дом — Щёлковская,/uslugi/narkologicheskaya-pomosh/narkolog-na-dom/metro/shchelkovskaya/,/uslugi/narkolog-na-dom/moskva/shchelkovskaya/,/uslugi/narkologicheskaya-pomosh/narkolog-na-dom/metro/,/uslugi/narkolog-na-dom/moskva/,Нарколог на дом,metro,yes,moskva,metro,shchelkovskaya,P0,"Технический каталог metro, okrug или mo убран из публичного URL."
Нарколог на дом — Шипиловская,/uslugi/narkologicheskaya-pomosh/narkolog-na-dom/metro/shipilovskaya/,/uslugi/narkolog-na-dom/moskva/shipilovskaya/,/uslugi/narkologicheskaya-pomosh/narkolog-na-dom/metro/,/uslugi/narkolog-na-dom/moskva/,Нарколог на дом,metro,yes,moskva,metro,shipilovskaya,P0,"Технический каталог metro, okrug или mo убран из публичного URL."
Нарколог на дом — Сходненская,/uslugi/narkologicheskaya-pomosh/narkolog-na-dom/metro/shodnenskaya/,/uslugi/narkolog-na-dom/moskva/shodnenskaya/,/uslugi/narkologicheskaya-pomosh/narkolog-na-dom/metro/,/uslugi/narkolog-na-dom/moskva/,Нарколог на дом,metro,yes,moskva,metro,shodnenskaya,P0,"Технический каталог metro, okrug или mo убран из публичного URL."
Нарколог на дом — Шоссе Энтузиастов,/uslugi/narkologicheskaya-pomosh/narkolog-na-dom/metro/shosse-entuziastov/,/uslugi/narkolog-na-dom/moskva/shosse-entuziastov/,/uslugi/narkologicheskaya-pomosh/narkolog-na-dom/metro/,/uslugi/narkolog-na-dom/moskva/,Нарколог на дом,metro,yes,moskva,metro,shosse-entuziastov,P0,"Технический каталог metro, okrug или mo убран из публичного URL."
Нарколог на дом — Улица Скобелевская,/uslugi/narkologicheskaya-pomosh/narkolog-na-dom/metro/ulica-skobelevskaya/,/uslugi/narkolog-na-dom/moskva/ulica-skobelevskaya/,/uslugi/narkologicheskaya-pomosh/narkolog-na-dom/metro/,/uslugi/narkolog-na-dom/moskva/,Нарколог на дом,metro,yes,moskva,metro,ulica-skobelevskaya,P0,"Технический каталог metro, okrug или mo убран из публичного URL."
Нарколог на дом — Славянский бульвар,/uslugi/narkologicheskaya-pomosh/narkolog-na-dom/metro/slavyanskij-bulvar/,/uslugi/narkolog-na-dom/moskva/slavyanskij-bulvar/,/uslugi/narkologicheskaya-pomosh/narkolog-na-dom/metro/,/uslugi/narkolog-na-dom/moskva/,Нарколог на дом,metro,yes,moskva,metro,slavyanskij-bulvar,P0,"Технический каталог metro, okrug или mo убран из публичного URL."
Нарколог на дом — Смоленская,/uslugi/narkologicheskaya-pomosh/narkolog-na-dom/metro/smolenskaya/,/uslugi/narkolog-na-dom/moskva/smolenskaya/,/uslugi/narkologicheskaya-pomosh/narkolog-na-dom/metro/,/uslugi/narkolog-na-dom/moskva/,Нарколог на дом,metro,yes,moskva,metro,smolenskaya,P0,"Технический каталог metro, okrug или mo убран из публичного URL."
Нарколог на дом — Сокол,/uslugi/narkologicheskaya-pomosh/narkolog-na-dom/metro/sokol/,/uslugi/narkolog-na-dom/moskva/sokol/,/uslugi/narkologicheskaya-pomosh/narkolog-na-dom/metro/,/uslugi/narkolog-na-dom/moskva/,Нарколог на дом,metro,yes,moskva,metro,sokol,P0,"Технический каталог metro, okrug или mo убран из публичного URL."
Нарколог на дом — Соколиная гора,/uslugi/narkologicheskaya-pomosh/narkolog-na-dom/metro/sokolinaya-gora/,/uslugi/narkolog-na-dom/moskva/sokolinaya-gora/,/uslugi/narkologicheskaya-pomosh/narkolog-na-dom/metro/,/uslugi/narkolog-na-dom/moskva/,Нарколог на дом,metro,yes,moskva,metro,sokolinaya-gora,P0,"Технический каталог metro, okrug или mo убран из публичного URL."
Нарколог на дом — Спартак,/uslugi/narkologicheskaya-pomosh/narkolog-na-dom/metro/spartak/,/uslugi/narkolog-na-dom/moskva/spartak/,/uslugi/narkologicheskaya-pomosh/narkolog-na-dom/metro/,/uslugi/narkolog-na-dom/moskva/,Нарколог на дом,metro,yes,moskva,metro,spartak,P0,"Технический каталог metro, okrug или mo убран из публичного URL."
Нарколог на дом — Спортивная,/uslugi/narkologicheskaya-pomosh/narkolog-na-dom/metro/sportivnaya/,/uslugi/narkolog-na-dom/moskva/sportivnaya/,/uslugi/narkologicheskaya-pomosh/narkolog-na-dom/metro/,/uslugi/narkolog-na-dom/moskva/,Нарколог на дом,metro,yes,moskva,metro,sportivnaya,P0,"Технический каталог metro, okrug или mo убран из публичного URL."
Нарколог на дом — Сретенский бульвар,/uslugi/narkologicheskaya-pomosh/narkolog-na-dom/metro/sretenskij-bulvar/,/uslugi/narkolog-na-dom/moskva/sretenskij-bulvar/,/uslugi/narkologicheskaya-pomosh/narkolog-na-dom/metro/,/uslugi/narkolog-na-dom/moskva/,Нарколог на дом,metro,yes,moskva,metro,sretenskij-bulvar,P0,"Технический каталог metro, okrug или mo убран из публичного URL."
Нарколог на дом — Стрешнево,/uslugi/narkologicheskaya-pomosh/narkolog-na-dom/metro/streshnevo/,/uslugi/narkolog-na-dom/moskva/streshnevo/,/uslugi/narkologicheskaya-pomosh/narkolog-na-dom/metro/,/uslugi/narkolog-na-dom/moskva/,Нарколог на дом,metro,yes,moskva,metro,streshnevo,P0,"Технический каталог metro, okrug или mo убран из публичного URL."
Нарколог на дом — Строгино,/uslugi/narkologicheskaya-pomosh/narkolog-na-dom/metro/strogino/,/uslugi/narkolog-na-dom/moskva/strogino/,/uslugi/narkologicheskaya-pomosh/narkolog-na-dom/metro/,/uslugi/narkolog-na-dom/moskva/,Нарколог на дом,metro,yes,moskva,metro,strogino,P0,"Технический каталог metro, okrug или mo убран из публичного URL."
Нарколог на дом — Студенческая,/uslugi/narkologicheskaya-pomosh/narkolog-na-dom/metro/studencheskaya/,/uslugi/narkolog-na-dom/moskva/studencheskaya/,/uslugi/narkologicheskaya-pomosh/narkolog-na-dom/metro/,/uslugi/narkolog-na-dom/moskva/,Нарколог на дом,metro,yes,moskva,metro,studencheskaya,P0,"Технический каталог metro, okrug или mo убран из публичного URL."
Нарколог на дом — Сухаревская,/uslugi/narkologicheskaya-pomosh/narkolog-na-dom/metro/suharevskaya/,/uslugi/narkolog-na-dom/moskva/suharevskaya/,/uslugi/narkologicheskaya-pomosh/narkolog-na-dom/metro/,/uslugi/narkolog-na-dom/moskva/,Нарколог на дом,metro,yes,moskva,metro,suharevskaya,P0,"Технический каталог metro, okrug или mo убран из публичного URL."
Нарколог на дом — Свиблово,/uslugi/narkologicheskaya-pomosh/narkolog-na-dom/metro/sviblovo/,/uslugi/narkolog-na-dom/moskva/sviblovo/,/uslugi/narkologicheskaya-pomosh/narkolog-na-dom/metro/,/uslugi/narkolog-na-dom/moskva/,Нарколог на дом,metro,yes,moskva,metro,sviblovo,P0,"Технический каталог metro, okrug или mo убран из публичного URL."
Нарколог на дом — Таганская,/uslugi/narkologicheskaya-pomosh/narkolog-na-dom/metro/taganskaya/,/uslugi/narkolog-na-dom/moskva/taganskaya/,/uslugi/narkologicheskaya-pomosh/narkolog-na-dom/metro/,/uslugi/narkolog-na-dom/moskva/,Нарколог на дом,metro,yes,moskva,metro,taganskaya,P0,"Технический каталог metro, okrug или mo убран из публичного URL."
Нарколог на дом — Театральная,/uslugi/narkologicheskaya-pomosh/narkolog-na-dom/metro/teatralnaya/,/uslugi/narkolog-na-dom/moskva/teatralnaya/,/uslugi/narkologicheskaya-pomosh/narkolog-na-dom/metro/,/uslugi/narkolog-na-dom/moskva/,Нарколог на дом,metro,yes,moskva,metro,teatralnaya,P0,"Технический каталог metro, okrug или mo убран из публичного URL."
Нарколог на дом — Технопарк,/uslugi/narkologicheskaya-pomosh/narkolog-na-dom/metro/tehnopark/,/uslugi/narkolog-na-dom/moskva/tehnopark/,/uslugi/narkologicheskaya-pomosh/narkolog-na-dom/metro/,/uslugi/narkolog-na-dom/moskva/,Нарколог на дом,metro,yes,moskva,metro,tehnopark,P0,"Технический каталог metro, okrug или mo убран из публичного URL."
Нарколог на дом — Текстильщики,/uslugi/narkologicheskaya-pomosh/narkolog-na-dom/metro/tekstilshchiki/,/uslugi/narkolog-na-dom/moskva/tekstilshchiki/,/uslugi/narkologicheskaya-pomosh/narkolog-na-dom/metro/,/uslugi/narkolog-na-dom/moskva/,Нарколог на дом,metro,yes,moskva,metro,tekstilshchiki,P0,"Технический каталог metro, okrug или mo убран из публичного URL."
Нарколог на дом — Телецентр,/uslugi/narkologicheskaya-pomosh/narkolog-na-dom/metro/telecentr/,/uslugi/narkolog-na-dom/moskva/telecentr/,/uslugi/narkologicheskaya-pomosh/narkolog-na-dom/metro/,/uslugi/narkolog-na-dom/moskva/,Нарколог на дом,metro,yes,moskva,metro,telecentr,P0,"Технический каталог metro, okrug или mo убран из публичного URL."
Нарколог на дом — Тёплый Стан,/uslugi/narkologicheskaya-pomosh/narkolog-na-dom/metro/teplyj-stan/,/uslugi/narkolog-na-dom/moskva/teplyj-stan/,/uslugi/narkologicheskaya-pomosh/narkolog-na-dom/metro/,/uslugi/narkolog-na-dom/moskva/,Нарколог на дом,metro,yes,moskva,metro,teplyj-stan,P0,"Технический каталог metro, okrug или mo убран из публичного URL."
Нарколог на дом — Тимирязевская,/uslugi/narkologicheskaya-pomosh/narkolog-na-dom/metro/timiryazevskaya/,/uslugi/narkolog-na-dom/moskva/timiryazevskaya/,/uslugi/narkologicheskaya-pomosh/narkolog-na-dom/metro/,/uslugi/narkolog-na-dom/moskva/,Нарколог на дом,metro,yes,moskva,metro,timiryazevskaya,P0,"Технический каталог metro, okrug или mo убран из публичного URL."
Нарколог на дом — Третьяковская,/uslugi/narkologicheskaya-pomosh/narkolog-na-dom/metro/tretyakovskaya/,/uslugi/narkolog-na-dom/moskva/tretyakovskaya/,/uslugi/narkologicheskaya-pomosh/narkolog-na-dom/metro/,/uslugi/narkolog-na-dom/moskva/,Нарколог на дом,metro,yes,moskva,metro,tretyakovskaya,P0,"Технический каталог metro, okrug или mo убран из публичного URL."
Нарколог на дом — Тропарёво,/uslugi/narkologicheskaya-pomosh/narkolog-na-dom/metro/troparevo/,/uslugi/narkolog-na-dom/moskva/troparevo/,/uslugi/narkologicheskaya-pomosh/narkolog-na-dom/metro/,/uslugi/narkolog-na-dom/moskva/,Нарколог на дом,metro,yes,moskva,metro,troparevo,P0,"Технический каталог metro, okrug или mo убран из публичного URL."
Нарколог на дом — Трубная,/uslugi/narkologicheskaya-pomosh/narkolog-na-dom/metro/trubnaya/,/uslugi/narkolog-na-dom/moskva/trubnaya/,/uslugi/narkologicheskaya-pomosh/narkolog-na-dom/metro/,/uslugi/narkolog-na-dom/moskva/,Нарколог на дом,metro,yes,moskva,metro,trubnaya,P0,"Технический каталог metro, okrug или mo убран из публичного URL."
Нарколог на дом — Тульская,/uslugi/narkologicheskaya-pomosh/narkolog-na-dom/metro/tulskaya/,/uslugi/narkolog-na-dom/moskva/tulskaya/,/uslugi/narkologicheskaya-pomosh/narkolog-na-dom/metro/,/uslugi/narkolog-na-dom/moskva/,Нарколог на дом,metro,yes,moskva,metro,tulskaya,P0,"Технический каталог metro, okrug или mo убран из публичного URL."
Нарколог на дом — Тургеневская,/uslugi/narkologicheskaya-pomosh/narkolog-na-dom/metro/turgenevskaya/,/uslugi/narkolog-na-dom/moskva/turgenevskaya/,/uslugi/narkologicheskaya-pomosh/narkolog-na-dom/metro/,/uslugi/narkolog-na-dom/moskva/,Нарколог на дом,metro,yes,moskva,metro,turgenevskaya,P0,"Технический каталог metro, okrug или mo убран из публичного URL."
Нарколог на дом — Тушинская,/uslugi/narkologicheskaya-pomosh/narkolog-na-dom/metro/tushinskaya/,/uslugi/narkolog-na-dom/moskva/tushinskaya/,/uslugi/narkologicheskaya-pomosh/narkolog-na-dom/metro/,/uslugi/narkolog-na-dom/moskva/,Нарколог на дом,metro,yes,moskva,metro,tushinskaya,P0,"Технический каталог metro, okrug или mo убран из публичного URL."
Нарколог на дом — Тверская,/uslugi/narkologicheskaya-pomosh/narkolog-na-dom/metro/tverskaya/,/uslugi/narkolog-na-dom/moskva/tverskaya/,/uslugi/narkologicheskaya-pomosh/narkolog-na-dom/metro/,/uslugi/narkolog-na-dom/moskva/,Нарколог на дом,metro,yes,moskva,metro,tverskaya,P0,"Технический каталог metro, okrug или mo убран из публичного URL."
Нарколог на дом — Угрешская,/uslugi/narkologicheskaya-pomosh/narkolog-na-dom/metro/ugreshskaya/,/uslugi/narkolog-na-dom/moskva/ugreshskaya/,/uslugi/narkologicheskaya-pomosh/narkolog-na-dom/metro/,/uslugi/narkolog-na-dom/moskva/,Нарколог на дом,metro,yes,moskva,metro,ugreshskaya,P0,"Технический каталог metro, okrug или mo убран из публичного URL."
Нарколог на дом — Улица 1905 года,/uslugi/narkologicheskaya-pomosh/narkolog-na-dom/metro/ulica-1905-goda/,/uslugi/narkolog-na-dom/moskva/ulica-1905-goda/,/uslugi/narkologicheskaya-pomosh/narkolog-na-dom/metro/,/uslugi/narkolog-na-dom/moskva/,Нарколог на дом,metro,yes,moskva,metro,ulica-1905-goda,P0,"Технический каталог metro, okrug или mo убран из публичного URL."
Нарколог на дом — Улица Академика Королёва,/uslugi/narkologicheskaya-pomosh/narkolog-na-dom/metro/ulica-akademika-koroleva/,/uslugi/narkolog-na-dom/moskva/ulica-akademika-koroleva/,/uslugi/narkologicheskaya-pomosh/narkolog-na-dom/metro/,/uslugi/narkolog-na-dom/moskva/,Нарколог на дом,metro,yes,moskva,metro,ulica-akademika-koroleva,P0,"Технический каталог metro, okrug или mo убран из публичного URL."
Нарколог на дом — Улица Академика Янгеля,/uslugi/narkologicheskaya-pomosh/narkolog-na-dom/metro/ulica-akademika-yangelya/,/uslugi/narkolog-na-dom/moskva/ulica-akademika-yangelya/,/uslugi/narkologicheskaya-pomosh/narkolog-na-dom/metro/,/uslugi/narkolog-na-dom/moskva/,Нарколог на дом,metro,yes,moskva,metro,ulica-akademika-yangelya,P0,"Технический каталог metro, okrug или mo убран из публичного URL."
Нарколог на дом — Улица Горчакова,/uslugi/narkologicheskaya-pomosh/narkolog-na-dom/metro/ulica-gorchakova/,/uslugi/narkolog-na-dom/moskva/ulica-gorchakova/,/uslugi/narkologicheskaya-pomosh/narkolog-na-dom/metro/,/uslugi/narkolog-na-dom/moskva/,Нарколог на дом,metro,yes,moskva,metro,ulica-gorchakova,P0,"Технический каталог metro, okrug или mo убран из публичного URL."
Нарколог на дом — Улица Милашенкова,/uslugi/narkologicheskaya-pomosh/narkolog-na-dom/metro/ulica-milashenkova/,/uslugi/narkolog-na-dom/moskva/ulica-milashenkova/,/uslugi/narkologicheskaya-pomosh/narkolog-na-dom/metro/,/uslugi/narkolog-na-dom/moskva/,Нарколог на дом,metro,yes,moskva,metro,ulica-milashenkova,P0,"Технический каталог metro, okrug или mo убран из публичного URL."
Нарколог на дом — Улица Сергея Эйзенштейна,/uslugi/narkologicheskaya-pomosh/narkolog-na-dom/metro/ulica-sergeya-ejzenshtejna/,/uslugi/narkolog-na-dom/moskva/ulica-sergeya-ejzenshtejna/,/uslugi/narkologicheskaya-pomosh/narkolog-na-dom/metro/,/uslugi/narkolog-na-dom/moskva/,Нарколог на дом,metro,yes,moskva,metro,ulica-sergeya-ejzenshtejna,P0,"Технический каталог metro, okrug или mo убран из публичного URL."
Нарколог на дом — Улица Старокачаловская,/uslugi/narkologicheskaya-pomosh/narkolog-na-dom/metro/ulica-starokachalovskaya/,/uslugi/narkolog-na-dom/moskva/ulica-starokachalovskaya/,/uslugi/narkologicheskaya-pomosh/narkolog-na-dom/metro/,/uslugi/narkolog-na-dom/moskva/,Нарколог на дом,metro,yes,moskva,metro,ulica-starokachalovskaya,P0,"Технический каталог metro, okrug или mo убран из публичного URL."
Нарколог на дом — Университет,/uslugi/narkologicheskaya-pomosh/narkolog-na-dom/metro/universitet/,/uslugi/narkolog-na-dom/moskva/universitet/,/uslugi/narkologicheskaya-pomosh/narkolog-na-dom/metro/,/uslugi/narkolog-na-dom/moskva/,Нарколог на дом,metro,yes,moskva,metro,universitet,P0,"Технический каталог metro, okrug или mo убран из публичного URL."
Нарколог на дом — Варшавская,/uslugi/narkologicheskaya-pomosh/narkolog-na-dom/metro/varshavskaya/,/uslugi/narkolog-na-dom/moskva/varshavskaya/,/uslugi/narkologicheskaya-pomosh/narkolog-na-dom/metro/,/uslugi/narkolog-na-dom/moskva/,Нарколог на дом,metro,yes,moskva,metro,varshavskaya,P0,"Технический каталог metro, okrug или mo убран из публичного URL."
Нарколог на дом — ВДНХ,/uslugi/narkologicheskaya-pomosh/narkolog-na-dom/metro/vdnh/,/uslugi/narkolog-na-dom/moskva/vdnh/,/uslugi/narkologicheskaya-pomosh/narkolog-na-dom/metro/,/uslugi/narkolog-na-dom/moskva/,Нарколог на дом,metro,yes,moskva,metro,vdnh,P0,"Технический каталог metro, okrug или mo убран из публичного URL."
Нарколог на дом — Верхние Котлы,/uslugi/narkologicheskaya-pomosh/narkolog-na-dom/metro/verhnie-kotly/,/uslugi/narkolog-na-dom/moskva/verhnie-kotly/,/uslugi/narkologicheskaya-pomosh/narkolog-na-dom/metro/,/uslugi/narkolog-na-dom/moskva/,Нарколог на дом,metro,yes,moskva,metro,verhnie-kotly,P0,"Технический каталог metro, okrug или mo убран из публичного URL."
Нарколог на дом — Верхние Лихоборы,/uslugi/narkologicheskaya-pomosh/narkolog-na-dom/metro/verhnie-lihobory/,/uslugi/narkolog-na-dom/moskva/verhnie-lihobory/,/uslugi/narkologicheskaya-pomosh/narkolog-na-dom/metro/,/uslugi/narkolog-na-dom/moskva/,Нарколог на дом,metro,yes,moskva,metro,verhnie-lihobory,P0,"Технический каталог metro, okrug или mo убран из публичного URL."
Нарколог на дом — Владыкино,/uslugi/narkologicheskaya-pomosh/narkolog-na-dom/metro/vladykino/,/uslugi/narkolog-na-dom/moskva/vladykino/,/uslugi/narkologicheskaya-pomosh/narkolog-na-dom/metro/,/uslugi/narkolog-na-dom/moskva/,Нарколог на дом,metro,yes,moskva,metro,vladykino,P0,"Технический каталог metro, okrug или mo убран из публичного URL."
Нарколог на дом — Водный стадион,/uslugi/narkologicheskaya-pomosh/narkolog-na-dom/metro/vodnyj-stadion/,/uslugi/narkolog-na-dom/moskva/vodnyj-stadion/,/uslugi/narkologicheskaya-pomosh/narkolog-na-dom/metro/,/uslugi/narkolog-na-dom/moskva/,Нарколог на дом,metro,yes,moskva,metro,vodnyj-stadion,P0,"Технический каталог metro, okrug или mo убран из публичного URL."
Нарколог на дом — Войковская,/uslugi/narkologicheskaya-pomosh/narkolog-na-dom/metro/vojkovskaya/,/uslugi/narkolog-na-dom/moskva/vojkovskaya/,/uslugi/narkologicheskaya-pomosh/narkolog-na-dom/metro/,/uslugi/narkolog-na-dom/moskva/,Нарколог на дом,metro,yes,moskva,metro,vojkovskaya,P0,"Технический каталог metro, okrug или mo убран из публичного URL."
Нарколог на дом — Волгоградский проспект,/uslugi/narkologicheskaya-pomosh/narkolog-na-dom/metro/volgogradskij-prospekt/,/uslugi/narkolog-na-dom/moskva/volgogradskij-prospekt/,/uslugi/narkologicheskaya-pomosh/narkolog-na-dom/metro/,/uslugi/narkolog-na-dom/moskva/,Нарколог на дом,metro,yes,moskva,metro,volgogradskij-prospekt,P0,"Технический каталог metro, okrug или mo убран из публичного URL."
Нарколог на дом — Волоколамская,/uslugi/narkologicheskaya-pomosh/narkolog-na-dom/metro/volokolamskaya/,/uslugi/narkolog-na-dom/moskva/volokolamskaya/,/uslugi/narkologicheskaya-pomosh/narkolog-na-dom/metro/,/uslugi/narkolog-na-dom/moskva/,Нарколог на дом,metro,yes,moskva,metro,volokolamskaya,P0,"Технический каталог metro, okrug или mo убран из публичного URL."
Нарколог на дом — Волжская,/uslugi/narkologicheskaya-pomosh/narkolog-na-dom/metro/volzhskaya/,/uslugi/narkolog-na-dom/moskva/volzhskaya/,/uslugi/narkologicheskaya-pomosh/narkolog-na-dom/metro/,/uslugi/narkolog-na-dom/moskva/,Нарколог на дом,metro,yes,moskva,metro,volzhskaya,P0,"Технический каталог metro, okrug или mo убран из публичного URL."
Нарколог на дом — Воробьёвы горы,/uslugi/narkologicheskaya-pomosh/narkolog-na-dom/metro/vorobevy-gory/,/uslugi/narkolog-na-dom/moskva/vorobevy-gory/,/uslugi/narkologicheskaya-pomosh/narkolog-na-dom/metro/,/uslugi/narkolog-na-dom/moskva/,Нарколог на дом,metro,yes,moskva,metro,vorobevy-gory,P0,"Технический каталог metro, okrug или mo убран из публичного URL."
Нарколог на дом — Выхино,/uslugi/narkologicheskaya-pomosh/narkolog-na-dom/metro/vyhino/,/uslugi/narkolog-na-dom/moskva/vyhino/,/uslugi/narkologicheskaya-pomosh/narkolog-na-dom/metro/,/uslugi/narkolog-na-dom/moskva/,Нарколог на дом,metro,yes,moskva,metro,vyhino,P0,"Технический каталог metro, okrug или mo убран из публичного URL."
Нарколог на дом — Выставочная,/uslugi/narkologicheskaya-pomosh/narkolog-na-dom/metro/vystavochnaya/,/uslugi/narkolog-na-dom/moskva/vystavochnaya/,/uslugi/narkologicheskaya-pomosh/narkolog-na-dom/metro/,/uslugi/narkolog-na-dom/moskva/,Нарколог на дом,metro,yes,moskva,metro,vystavochnaya,P0,"Технический каталог metro, okrug или mo убран из публичного URL."
Нарколог на дом — Выставочный центр,/uslugi/narkologicheskaya-pomosh/narkolog-na-dom/metro/vystavochnyj-centr/,/uslugi/narkolog-na-dom/moskva/vystavochnyj-centr/,/uslugi/narkologicheskaya-pomosh/narkolog-na-dom/metro/,/uslugi/narkolog-na-dom/moskva/,Нарколог на дом,metro,yes,moskva,metro,vystavochnyj-centr,P0,"Технический каталог metro, okrug или mo убран из публичного URL."
Нарколог на дом — Ясенево,/uslugi/narkologicheskaya-pomosh/narkolog-na-dom/metro/yasenevo/,/uslugi/narkolog-na-dom/moskva/yasenevo/,/uslugi/narkologicheskaya-pomosh/narkolog-na-dom/metro/,/uslugi/narkolog-na-dom/moskva/,Нарколог на дом,metro,yes,moskva,metro,yasenevo,P0,"Технический каталог metro, okrug или mo убран из публичного URL."
Нарколог на дом — Юго-Западная,/uslugi/narkologicheskaya-pomosh/narkolog-na-dom/metro/yugo-zapadnaya/,/uslugi/narkolog-na-dom/moskva/yugo-zapadnaya/,/uslugi/narkologicheskaya-pomosh/narkolog-na-dom/metro/,/uslugi/narkolog-na-dom/moskva/,Нарколог на дом,metro,yes,moskva,metro,yugo-zapadnaya,P0,"Технический каталог metro, okrug или mo убран из публичного URL."
Нарколог на дом — Южная,/uslugi/narkologicheskaya-pomosh/narkolog-na-dom/metro/yuzhnaya/,/uslugi/narkolog-na-dom/moskva/yuzhnaya/,/uslugi/narkologicheskaya-pomosh/narkolog-na-dom/metro/,/uslugi/narkolog-na-dom/moskva/,Нарколог на дом,metro,yes,moskva,metro,yuzhnaya,P0,"Технический каталог metro, okrug или mo убран из публичного URL."
Нарколог на дом — Жулебино,/uslugi/narkologicheskaya-pomosh/narkolog-na-dom/metro/zhulebino/,/uslugi/narkolog-na-dom/moskva/zhulebino/,/uslugi/narkologicheskaya-pomosh/narkolog-na-dom/metro/,/uslugi/narkolog-na-dom/moskva/,Нарколог на дом,metro,yes,moskva,metro,zhulebino,P0,"Технический каталог metro, okrug или mo убран из публичного URL."
Нарколог на дом — ЗИЛ,/uslugi/narkologicheskaya-pomosh/narkolog-na-dom/metro/zil/,/uslugi/narkolog-na-dom/moskva/zil/,/uslugi/narkologicheskaya-pomosh/narkolog-na-dom/metro/,/uslugi/narkolog-na-dom/moskva/,Нарколог на дом,metro,yes,moskva,metro,zil,P0,"Технический каталог metro, okrug или mo убран из публичного URL."
Нарколог на дом — Зорге,/uslugi/narkologicheskaya-pomosh/narkolog-na-dom/metro/zorge/,/uslugi/narkolog-na-dom/moskva/zorge/,/uslugi/narkologicheskaya-pomosh/narkolog-na-dom/metro/,/uslugi/narkolog-na-dom/moskva/,Нарколог на дом,metro,yes,moskva,metro,zorge,P0,"Технический каталог metro, okrug или mo убран из публичного URL."
Нарколог на дом — Зябликово,/uslugi/narkologicheskaya-pomosh/narkolog-na-dom/metro/zyablikovo/,/uslugi/narkolog-na-dom/moskva/zyablikovo/,/uslugi/narkologicheskaya-pomosh/narkolog-na-dom/metro/,/uslugi/narkolog-na-dom/moskva/,Нарколог на дом,metro,yes,moskva,metro,zyablikovo,P0,"Технический каталог metro, okrug или mo убран из публичного URL."
Нарколог на дом — ЦАО,/uslugi/narkologicheskaya-pomosh/narkolog-na-dom/okrug/cao/,/uslugi/narkolog-na-dom/moskva/cao/,/uslugi/narkologicheskaya-pomosh/narkolog-na-dom/okrug/,/uslugi/narkolog-na-dom/moskva/,Нарколог на дом,okrug,yes,moskva,okrug,cao,P0,"Технический каталог metro, okrug или mo убран из публичного URL."
Нарколог на дом — САО,/uslugi/narkologicheskaya-pomosh/narkolog-na-dom/okrug/sao/,/uslugi/narkolog-na-dom/moskva/sao/,/uslugi/narkologicheskaya-pomosh/narkolog-na-dom/okrug/,/uslugi/narkolog-na-dom/moskva/,Нарколог на дом,okrug,yes,moskva,okrug,sao,P0,"Технический каталог metro, okrug или mo убран из публичного URL."
Нарколог на дом — СВАО,/uslugi/narkologicheskaya-pomosh/narkolog-na-dom/okrug/svao/,/uslugi/narkolog-na-dom/moskva/svao/,/uslugi/narkologicheskaya-pomosh/narkolog-na-dom/okrug/,/uslugi/narkolog-na-dom/moskva/,Нарколог на дом,okrug,yes,moskva,okrug,svao,P0,"Технический каталог metro, okrug или mo убран из публичного URL."
Нарколог на дом — ВАО,/uslugi/narkologicheskaya-pomosh/narkolog-na-dom/okrug/vao/,/uslugi/narkolog-na-dom/moskva/vao/,/uslugi/narkologicheskaya-pomosh/narkolog-na-dom/okrug/,/uslugi/narkolog-na-dom/moskva/,Нарколог на дом,okrug,yes,moskva,okrug,vao,P0,"Технический каталог metro, okrug или mo убран из публичного URL."
Нарколог на дом — ЮВАО,/uslugi/narkologicheskaya-pomosh/narkolog-na-dom/okrug/yuvao/,/uslugi/narkolog-na-dom/moskva/yuvao/,/uslugi/narkologicheskaya-pomosh/narkolog-na-dom/okrug/,/uslugi/narkolog-na-dom/moskva/,Нарколог на дом,okrug,yes,moskva,okrug,yuvao,P0,"Технический каталог metro, okrug или mo убран из публичного URL."
Нарколог на дом — ЮАО,/uslugi/narkologicheskaya-pomosh/narkolog-na-dom/okrug/yuao/,/uslugi/narkolog-na-dom/moskva/yuao/,/uslugi/narkologicheskaya-pomosh/narkolog-na-dom/okrug/,/uslugi/narkolog-na-dom/moskva/,Нарколог на дом,okrug,yes,moskva,okrug,yuao,P0,"Технический каталог metro, okrug или mo убран из публичного URL."
Нарколог на дом — ЮЗАО,/uslugi/narkologicheskaya-pomosh/narkolog-na-dom/okrug/yuzao/,/uslugi/narkolog-na-dom/moskva/yuzao/,/uslugi/narkologicheskaya-pomosh/narkolog-na-dom/okrug/,/uslugi/narkolog-na-dom/moskva/,Нарколог на дом,okrug,yes,moskva,okrug,yuzao,P0,"Технический каталог metro, okrug или mo убран из публичного URL."
Нарколог на дом — ЗАО,/uslugi/narkologicheskaya-pomosh/narkolog-na-dom/okrug/zao/,/uslugi/narkolog-na-dom/moskva/zao/,/uslugi/narkologicheskaya-pomosh/narkolog-na-dom/okrug/,/uslugi/narkolog-na-dom/moskva/,Нарколог на дом,okrug,yes,moskva,okrug,zao,P0,"Технический каталог metro, okrug или mo убран из публичного URL."
Нарколог на дом — СЗАО,/uslugi/narkologicheskaya-pomosh/narkolog-na-dom/okrug/szao/,/uslugi/narkolog-na-dom/moskva/szao/,/uslugi/narkologicheskaya-pomosh/narkolog-na-dom/okrug/,/uslugi/narkolog-na-dom/moskva/,Нарколог на дом,okrug,yes,moskva,okrug,szao,P0,"Технический каталог metro, okrug или mo убран из публичного URL."
Нарколог на дом — ЗелАО,/uslugi/narkologicheskaya-pomosh/narkolog-na-dom/okrug/zelao/,/uslugi/narkolog-na-dom/moskva/zelao/,/uslugi/narkologicheskaya-pomosh/narkolog-na-dom/okrug/,/uslugi/narkolog-na-dom/moskva/,Нарколог на дом,okrug,yes,moskva,okrug,zelao,P0,"Технический каталог metro, okrug или mo убран из публичного URL."
Нарколог на дом — НАО,/uslugi/narkologicheskaya-pomosh/narkolog-na-dom/okrug/nao/,/uslugi/narkolog-na-dom/moskva/nao/,/uslugi/narkologicheskaya-pomosh/narkolog-na-dom/okrug/,/uslugi/narkolog-na-dom/moskva/,Нарколог на дом,okrug,yes,moskva,okrug,nao,P0,"Технический каталог metro, okrug или mo убран из публичного URL."
Нарколог на дом — ТАО,/uslugi/narkologicheskaya-pomosh/narkolog-na-dom/okrug/tao/,/uslugi/narkolog-na-dom/moskva/tao/,/uslugi/narkologicheskaya-pomosh/narkolog-na-dom/okrug/,/uslugi/narkolog-na-dom/moskva/,Нарколог на дом,okrug,yes,moskva,okrug,tao,P0,"Технический каталог metro, okrug или mo убран из публичного URL."
Нарколог на дом — Балашиха,/uslugi/narkologicheskaya-pomosh/narkolog-na-dom/mo/balashiha/,/uslugi/narkolog-na-dom/moskovskaya-oblast/balashiha/,/uslugi/narkologicheskaya-pomosh/narkolog-na-dom/mo/,/uslugi/narkolog-na-dom/moskovskaya-oblast/,Нарколог на дом,city,yes,moskovskaya-oblast,mo,balashiha,P0,"Технический каталог metro, okrug или mo убран из публичного URL."
Нарколог на дом — Подольск,/uslugi/narkologicheskaya-pomosh/narkolog-na-dom/mo/podolsk/,/uslugi/narkolog-na-dom/moskovskaya-oblast/podolsk/,/uslugi/narkologicheskaya-pomosh/narkolog-na-dom/mo/,/uslugi/narkolog-na-dom/moskovskaya-oblast/,Нарколог на дом,city,yes,moskovskaya-oblast,mo,podolsk,P0,"Технический каталог metro, okrug или mo убран из публичного URL."
Нарколог на дом — Химки,/uslugi/narkologicheskaya-pomosh/narkolog-na-dom/mo/himki/,/uslugi/narkolog-na-dom/moskovskaya-oblast/himki/,/uslugi/narkologicheskaya-pomosh/narkolog-na-dom/mo/,/uslugi/narkolog-na-dom/moskovskaya-oblast/,Нарколог на дом,city,yes,moskovskaya-oblast,mo,himki,P0,"Технический каталог metro, okrug или mo убран из публичного URL."
Нарколог на дом — Мытищи,/uslugi/narkologicheskaya-pomosh/narkolog-na-dom/mo/mytishchi/,/uslugi/narkolog-na-dom/moskovskaya-oblast/mytishchi/,/uslugi/narkologicheskaya-pomosh/narkolog-na-dom/mo/,/uslugi/narkolog-na-dom/moskovskaya-oblast/,Нарколог на дом,city,yes,moskovskaya-oblast,mo,mytishchi,P0,"Технический каталог metro, okrug или mo убран из публичного URL."
Нарколог на дом — Королёв,/uslugi/narkologicheskaya-pomosh/narkolog-na-dom/mo/korolev/,/uslugi/narkolog-na-dom/moskovskaya-oblast/korolev/,/uslugi/narkologicheskaya-pomosh/narkolog-na-dom/mo/,/uslugi/narkolog-na-dom/moskovskaya-oblast/,Нарколог на дом,city,yes,moskovskaya-oblast,mo,korolev,P0,"Технический каталог metro, okrug или mo убран из публичного URL."
Нарколог на дом — Люберцы,/uslugi/narkologicheskaya-pomosh/narkolog-na-dom/mo/lyubertsy/,/uslugi/narkolog-na-dom/moskovskaya-oblast/lyubertsy/,/uslugi/narkologicheskaya-pomosh/narkolog-na-dom/mo/,/uslugi/narkolog-na-dom/moskovskaya-oblast/,Нарколог на дом,city,yes,moskovskaya-oblast,mo,lyubertsy,P0,"Технический каталог metro, okrug или mo убран из публичного URL."
Нарколог на дом — Красногорск,/uslugi/narkologicheskaya-pomosh/narkolog-na-dom/mo/krasnogorsk/,/uslugi/narkolog-na-dom/moskovskaya-oblast/krasnogorsk/,/uslugi/narkologicheskaya-pomosh/narkolog-na-dom/mo/,/uslugi/narkolog-na-dom/moskovskaya-oblast/,Нарколог на дом,city,yes,moskovskaya-oblast,mo,krasnogorsk,P0,"Технический каталог metro, okrug или mo убран из публичного URL."
Нарколог на дом — Электросталь,/uslugi/narkologicheskaya-pomosh/narkolog-na-dom/mo/elektrostal/,/uslugi/narkolog-na-dom/moskovskaya-oblast/elektrostal/,/uslugi/narkologicheskaya-pomosh/narkolog-na-dom/mo/,/uslugi/narkolog-na-dom/moskovskaya-oblast/,Нарколог на дом,city,yes,moskovskaya-oblast,mo,elektrostal,P0,"Технический каталог metro, okrug или mo убран из публичного URL."
Нарколог на дом — Коломна,/uslugi/narkologicheskaya-pomosh/narkolog-na-dom/mo/kolomna/,/uslugi/narkolog-na-dom/moskovskaya-oblast/kolomna/,/uslugi/narkologicheskaya-pomosh/narkolog-na-dom/mo/,/uslugi/narkolog-na-dom/moskovskaya-oblast/,Нарколог на дом,city,yes,moskovskaya-oblast,mo,kolomna,P0,"Технический каталог metro, okrug или mo убран из публичного URL."
Нарколог на дом — Одинцово,/uslugi/narkologicheskaya-pomosh/narkolog-na-dom/mo/odincovo/,/uslugi/narkolog-na-dom/moskovskaya-oblast/odincovo/,/uslugi/narkologicheskaya-pomosh/narkolog-na-dom/mo/,/uslugi/narkolog-na-dom/moskovskaya-oblast/,Нарколог на дом,city,yes,moskovskaya-oblast,mo,odincovo,P0,"Технический каталог metro, okrug или mo убран из публичного URL."
Нарколог на дом — Домодедово,/uslugi/narkologicheskaya-pomosh/narkolog-na-dom/mo/domodedovo/,/uslugi/narkolog-na-dom/moskovskaya-oblast/domodedovo/,/uslugi/narkologicheskaya-pomosh/narkolog-na-dom/mo/,/uslugi/narkolog-na-dom/moskovskaya-oblast/,Нарколог на дом,city,yes,moskovskaya-oblast,mo,domodedovo,P0,"Технический каталог metro, okrug или mo убран из публичного URL."
Нарколог на дом — Щёлково,/uslugi/narkologicheskaya-pomosh/narkolog-na-dom/mo/shchelkovo/,/uslugi/narkolog-na-dom/moskovskaya-oblast/shchelkovo/,/uslugi/narkologicheskaya-pomosh/narkolog-na-dom/mo/,/uslugi/narkolog-na-dom/moskovskaya-oblast/,Нарколог на дом,city,yes,moskovskaya-oblast,mo,shchelkovo,P0,"Технический каталог metro, okrug или mo убран из публичного URL."
Нарколог на дом — Серпухов,/uslugi/narkologicheskaya-pomosh/narkolog-na-dom/mo/serpuhov/,/uslugi/narkolog-na-dom/moskovskaya-oblast/serpuhov/,/uslugi/narkologicheskaya-pomosh/narkolog-na-dom/mo/,/uslugi/narkolog-na-dom/moskovskaya-oblast/,Нарколог на дом,city,yes,moskovskaya-oblast,mo,serpuhov,P0,"Технический каталог metro, okrug или mo убран из публичного URL."
Нарколог на дом — Раменское,/uslugi/narkologicheskaya-pomosh/narkolog-na-dom/mo/ramenskoe/,/uslugi/narkolog-na-dom/moskovskaya-oblast/ramenskoe/,/uslugi/narkologicheskaya-pomosh/narkolog-na-dom/mo/,/uslugi/narkolog-na-dom/moskovskaya-oblast/,Нарколог на дом,city,yes,moskovskaya-oblast,mo,ramenskoe,P0,"Технический каталог metro, okrug или mo убран из публичного URL."
Нарколог на дом — Долгопрудный,/uslugi/narkologicheskaya-pomosh/narkolog-na-dom/mo/dolgoprudnyj/,/uslugi/narkolog-na-dom/moskovskaya-oblast/dolgoprudnyj/,/uslugi/narkologicheskaya-pomosh/narkolog-na-dom/mo/,/uslugi/narkolog-na-dom/moskovskaya-oblast/,Нарколог на дом,city,yes,moskovskaya-oblast,mo,dolgoprudnyj,P0,"Технический каталог metro, okrug или mo убран из публичного URL."
Нарколог на дом — Пушкино,/uslugi/narkologicheskaya-pomosh/narkolog-na-dom/mo/pushkino/,/uslugi/narkolog-na-dom/moskovskaya-oblast/pushkino/,/uslugi/narkologicheskaya-pomosh/narkolog-na-dom/mo/,/uslugi/narkolog-na-dom/moskovskaya-oblast/,Нарколог на дом,city,yes,moskovskaya-oblast,mo,pushkino,P0,"Технический каталог metro, okrug или mo убран из публичного URL."
Нарколог на дом — Реутов,/uslugi/narkologicheskaya-pomosh/narkolog-na-dom/mo/reutov/,/uslugi/narkolog-na-dom/moskovskaya-oblast/reutov/,/uslugi/narkologicheskaya-pomosh/narkolog-na-dom/mo/,/uslugi/narkolog-na-dom/moskovskaya-oblast/,Нарколог на дом,city,yes,moskovskaya-oblast,mo,reutov,P0,"Технический каталог metro, okrug или mo убран из публичного URL."
Нарколог на дом — Жуковский,/uslugi/narkologicheskaya-pomosh/narkolog-na-dom/mo/zhukovskij/,/uslugi/narkolog-na-dom/moskovskaya-oblast/zhukovskij/,/uslugi/narkologicheskaya-pomosh/narkolog-na-dom/mo/,/uslugi/narkolog-na-dom/moskovskaya-oblast/,Нарколог на дом,city,yes,moskovskaya-oblast,mo,zhukovskij,P0,"Технический каталог metro, okrug или mo убран из публичного URL."
Нарколог на дом — Ногинск,/uslugi/narkologicheskaya-pomosh/narkolog-na-dom/mo/noginsk/,/uslugi/narkolog-na-dom/moskovskaya-oblast/noginsk/,/uslugi/narkologicheskaya-pomosh/narkolog-na-dom/mo/,/uslugi/narkolog-na-dom/moskovskaya-oblast/,Нарколог на дом,city,yes,moskovskaya-oblast,mo,noginsk,P0,"Технический каталог metro, okrug или mo убран из публичного URL."
Нарколог на дом — Сергиев Посад,/uslugi/narkologicheskaya-pomosh/narkolog-na-dom/mo/sergiev-posad/,/uslugi/narkolog-na-dom/moskovskaya-oblast/sergiev-posad/,/uslugi/narkologicheskaya-pomosh/narkolog-na-dom/mo/,/uslugi/narkolog-na-dom/moskovskaya-oblast/,Нарколог на дом,city,yes,moskovskaya-oblast,mo,sergiev-posad,P0,"Технический каталог metro, okrug или mo убран из публичного URL."
Нарколог на дом — Воскресенск,/uslugi/narkologicheskaya-pomosh/narkolog-na-dom/mo/voskresensk/,/uslugi/narkolog-na-dom/moskovskaya-oblast/voskresensk/,/uslugi/narkologicheskaya-pomosh/narkolog-na-dom/mo/,/uslugi/narkolog-na-dom/moskovskaya-oblast/,Нарколог на дом,city,yes,moskovskaya-oblast,mo,voskresensk,P0,"Технический каталог metro, okrug или mo убран из публичного URL."
Нарколог на дом — Орехово-Зуево,/uslugi/narkologicheskaya-pomosh/narkolog-na-dom/mo/orehovo-zuevo/,/uslugi/narkolog-na-dom/moskovskaya-oblast/orehovo-zuevo/,/uslugi/narkologicheskaya-pomosh/narkolog-na-dom/mo/,/uslugi/narkolog-na-dom/moskovskaya-oblast/,Нарколог на дом,city,yes,moskovskaya-oblast,mo,orehovo-zuevo,P0,"Технический каталог metro, okrug или mo убран из публичного URL."
Нарколог на дом — Павловский Посад,/uslugi/narkologicheskaya-pomosh/narkolog-na-dom/mo/pavlovskij-posad/,/uslugi/narkolog-na-dom/moskovskaya-oblast/pavlovskij-posad/,/uslugi/narkologicheskaya-pomosh/narkolog-na-dom/mo/,/uslugi/narkolog-na-dom/moskovskaya-oblast/,Нарколог на дом,city,yes,moskovskaya-oblast,mo,pavlovskij-posad,P0,"Технический каталог metro, okrug или mo убран из публичного URL."
Нарколог на дом — Лобня,/uslugi/narkologicheskaya-pomosh/narkolog-na-dom/mo/lobnya/,/uslugi/narkolog-na-dom/moskovskaya-oblast/lobnya/,/uslugi/narkologicheskaya-pomosh/narkolog-na-dom/mo/,/uslugi/narkolog-na-dom/moskovskaya-oblast/,Нарколог на дом,city,yes,moskovskaya-oblast,mo,lobnya,P0,"Технический каталог metro, okrug или mo убран из публичного URL."
Нарколог на дом — Ивантеевка,/uslugi/narkologicheskaya-pomosh/narkolog-na-dom/mo/ivanteevka/,/uslugi/narkolog-na-dom/moskovskaya-oblast/ivanteevka/,/uslugi/narkologicheskaya-pomosh/narkolog-na-dom/mo/,/uslugi/narkolog-na-dom/moskovskaya-oblast/,Нарколог на дом,city,yes,moskovskaya-oblast,mo,ivanteevka,P0,"Технический каталог metro, okrug или mo убран из публичного URL."
Нарколог на дом — Клин,/uslugi/narkologicheskaya-pomosh/narkolog-na-dom/mo/klin/,/uslugi/narkolog-na-dom/moskovskaya-oblast/klin/,/uslugi/narkologicheskaya-pomosh/narkolog-na-dom/mo/,/uslugi/narkolog-na-dom/moskovskaya-oblast/,Нарколог на дом,city,yes,moskovskaya-oblast,mo,klin,P0,"Технический каталог metro, okrug или mo убран из публичного URL."
Нарколог на дом — Егорьевск,/uslugi/narkologicheskaya-pomosh/narkolog-na-dom/mo/egorevsk/,/uslugi/narkolog-na-dom/moskovskaya-oblast/egorevsk/,/uslugi/narkologicheskaya-pomosh/narkolog-na-dom/mo/,/uslugi/narkolog-na-dom/moskovskaya-oblast/,Нарколог на дом,city,yes,moskovskaya-oblast,mo,egorevsk,P0,"Технический каталог metro, okrug или mo убран из публичного URL."
Нарколог на дом — Дмитров,/uslugi/narkologicheskaya-pomosh/narkolog-na-dom/mo/dmitrov/,/uslugi/narkolog-na-dom/moskovskaya-oblast/dmitrov/,/uslugi/narkologicheskaya-pomosh/narkolog-na-dom/mo/,/uslugi/narkolog-na-dom/moskovskaya-oblast/,Нарколог на дом,city,yes,moskovskaya-oblast,mo,dmitrov,P0,"Технический каталог metro, okrug или mo убран из публичного URL."
Нарколог на дом — Чехов,/uslugi/narkologicheskaya-pomosh/narkolog-na-dom/mo/chehov/,/uslugi/narkolog-na-dom/moskovskaya-oblast/chehov/,/uslugi/narkologicheskaya-pomosh/narkolog-na-dom/mo/,/uslugi/narkolog-na-dom/moskovskaya-oblast/,Нарколог на дом,city,yes,moskovskaya-oblast,mo,chehov,P0,"Технический каталог metro, okrug или mo убран из публичного URL."
Нарколог на дом — Наро-Фоминск,/uslugi/narkologicheskaya-pomosh/narkolog-na-dom/mo/naro-fominsk/,/uslugi/narkolog-na-dom/moskovskaya-oblast/naro-fominsk/,/uslugi/narkologicheskaya-pomosh/narkolog-na-dom/mo/,/uslugi/narkolog-na-dom/moskovskaya-oblast/,Нарколог на дом,city,yes,moskovskaya-oblast,mo,naro-fominsk,P0,"Технический каталог metro, okrug или mo убран из публичного URL."
Нарколог на дом — Ступино,/uslugi/narkologicheskaya-pomosh/narkolog-na-dom/mo/stupino/,/uslugi/narkolog-na-dom/moskovskaya-oblast/stupino/,/uslugi/narkologicheskaya-pomosh/narkolog-na-dom/mo/,/uslugi/narkolog-na-dom/moskovskaya-oblast/,Нарколог на дом,city,yes,moskovskaya-oblast,mo,stupino,P1,"Технический каталог metro, okrug или mo убран из публичного URL."
Нарколог на дом — Видное,/uslugi/narkologicheskaya-pomosh/narkolog-na-dom/mo/vidnoe/,/uslugi/narkolog-na-dom/moskovskaya-oblast/vidnoe/,/uslugi/narkologicheskaya-pomosh/narkolog-na-dom/mo/,/uslugi/narkolog-na-dom/moskovskaya-oblast/,Нарколог на дом,city,yes,moskovskaya-oblast,mo,vidnoe,P1,"Технический каталог metro, okrug или mo убран из публичного URL."
Нарколог на дом — Фрязино,/uslugi/narkologicheskaya-pomosh/narkolog-na-dom/mo/fryazino/,/uslugi/narkolog-na-dom/moskovskaya-oblast/fryazino/,/uslugi/narkologicheskaya-pomosh/narkolog-na-dom/mo/,/uslugi/narkolog-na-dom/moskovskaya-oblast/,Нарколог на дом,city,yes,moskovskaya-oblast,mo,fryazino,P1,"Технический каталог metro, okrug или mo убран из публичного URL."
Нарколог на дом — Лыткарино,/uslugi/narkologicheskaya-pomosh/narkolog-na-dom/mo/lytkarino/,/uslugi/narkolog-na-dom/moskovskaya-oblast/lytkarino/,/uslugi/narkologicheskaya-pomosh/narkolog-na-dom/mo/,/uslugi/narkolog-na-dom/moskovskaya-oblast/,Нарколог на дом,city,yes,moskovskaya-oblast,mo,lytkarino,P1,"Технический каталог metro, okrug или mo убран из публичного URL."
Нарколог на дом — Дзержинский,/uslugi/narkologicheskaya-pomosh/narkolog-na-dom/mo/dzerzhinskij/,/uslugi/narkolog-na-dom/moskovskaya-oblast/dzerzhinskij/,/uslugi/narkologicheskaya-pomosh/narkolog-na-dom/mo/,/uslugi/narkolog-na-dom/moskovskaya-oblast/,Нарколог на дом,city,yes,moskovskaya-oblast,mo,dzerzhinskij,P1,"Технический каталог metro, okrug или mo убран из публичного URL."
Нарколог на дом — Котельники,/uslugi/narkologicheskaya-pomosh/narkolog-na-dom/mo/kotelniki/,/uslugi/narkolog-na-dom/moskovskaya-oblast/kotelniki/,/uslugi/narkologicheskaya-pomosh/narkolog-na-dom/mo/,/uslugi/narkolog-na-dom/moskovskaya-oblast/,Нарколог на дом,city,yes,moskovskaya-oblast,mo,kotelniki,P1,"Технический каталог metro, okrug или mo убран из публичного URL."
Нарколог на дом — Истра,/uslugi/narkologicheskaya-pomosh/narkolog-na-dom/mo/istra/,/uslugi/narkolog-na-dom/moskovskaya-oblast/istra/,/uslugi/narkologicheskaya-pomosh/narkolog-na-dom/mo/,/uslugi/narkolog-na-dom/moskovskaya-oblast/,Нарколог на дом,city,yes,moskovskaya-oblast,mo,istra,P1,"Технический каталог metro, okrug или mo убран из публичного URL."
Нарколог на дом — Дедовск,/uslugi/narkologicheskaya-pomosh/narkolog-na-dom/mo/dedovsk/,/uslugi/narkolog-na-dom/moskovskaya-oblast/dedovsk/,/uslugi/narkologicheskaya-pomosh/narkolog-na-dom/mo/,/uslugi/narkolog-na-dom/moskovskaya-oblast/,Нарколог на дом,city,yes,moskovskaya-oblast,mo,dedovsk,P1,"Технический каталог metro, okrug или mo убран из публичного URL."
Нарколог на дом — Солнечногорск,/uslugi/narkologicheskaya-pomosh/narkolog-na-dom/mo/solnechnogorsk/,/uslugi/narkolog-na-dom/moskovskaya-oblast/solnechnogorsk/,/uslugi/narkologicheskaya-pomosh/narkolog-na-dom/mo/,/uslugi/narkolog-na-dom/moskovskaya-oblast/,Нарколог на дом,city,yes,moskovskaya-oblast,mo,solnechnogorsk,P1,"Технический каталог metro, okrug или mo убран из публичного URL."
Нарколог на дом — Апрелевка,/uslugi/narkologicheskaya-pomosh/narkolog-na-dom/mo/aprelevka/,/uslugi/narkolog-na-dom/moskovskaya-oblast/aprelevka/,/uslugi/narkologicheskaya-pomosh/narkolog-na-dom/mo/,/uslugi/narkolog-na-dom/moskovskaya-oblast/,Нарколог на дом,city,yes,moskovskaya-oblast,mo,aprelevka,P1,"Технический каталог metro, okrug или mo убран из публичного URL."
Нарколог на дом — Кубинка,/uslugi/narkologicheskaya-pomosh/narkolog-na-dom/mo/kubinka/,/uslugi/narkolog-na-dom/moskovskaya-oblast/kubinka/,/uslugi/narkologicheskaya-pomosh/narkolog-na-dom/mo/,/uslugi/narkolog-na-dom/moskovskaya-oblast/,Нарколог на дом,city,yes,moskovskaya-oblast,mo,kubinka,P1,"Технический каталог metro, okrug или mo убран из публичного URL."
Нарколог на дом — Руза,/uslugi/narkologicheskaya-pomosh/narkolog-na-dom/mo/ruza/,/uslugi/narkolog-na-dom/moskovskaya-oblast/ruza/,/uslugi/narkologicheskaya-pomosh/narkolog-na-dom/mo/,/uslugi/narkolog-na-dom/moskovskaya-oblast/,Нарколог на дом,city,yes,moskovskaya-oblast,mo,ruza,P1,"Технический каталог metro, okrug или mo убран из публичного URL."
Нарколог на дом — Звенигород,/uslugi/narkologicheskaya-pomosh/narkolog-na-dom/mo/zvenigorod/,/uslugi/narkolog-na-dom/moskovskaya-oblast/zvenigorod/,/uslugi/narkologicheskaya-pomosh/narkolog-na-dom/mo/,/uslugi/narkolog-na-dom/moskovskaya-oblast/,Нарколог на дом,city,yes,moskovskaya-oblast,mo,zvenigorod,P1,"Технический каталог metro, okrug или mo убран из публичного URL."
Нарколог на дом — Можайск,/uslugi/narkologicheskaya-pomosh/narkolog-na-dom/mo/mozhajsk/,/uslugi/narkolog-na-dom/moskovskaya-oblast/mozhajsk/,/uslugi/narkologicheskaya-pomosh/narkolog-na-dom/mo/,/uslugi/narkolog-na-dom/moskovskaya-oblast/,Нарколог на дом,city,yes,moskovskaya-oblast,mo,mozhajsk,P1,"Технический каталог metro, okrug или mo убран из публичного URL."
Нарколог на дом — Луховицы,/uslugi/narkologicheskaya-pomosh/narkolog-na-dom/mo/luhovicy/,/uslugi/narkolog-na-dom/moskovskaya-oblast/luhovicy/,/uslugi/narkologicheskaya-pomosh/narkolog-na-dom/mo/,/uslugi/narkolog-na-dom/moskovskaya-oblast/,Нарколог на дом,city,yes,moskovskaya-oblast,mo,luhovicy,P1,"Технический каталог metro, okrug или mo убран из публичного URL."
Нарколог на дом — Кашира,/uslugi/narkologicheskaya-pomosh/narkolog-na-dom/mo/kashira/,/uslugi/narkolog-na-dom/moskovskaya-oblast/kashira/,/uslugi/narkologicheskaya-pomosh/narkolog-na-dom/mo/,/uslugi/narkolog-na-dom/moskovskaya-oblast/,Нарколог на дом,city,yes,moskovskaya-oblast,mo,kashira,P1,"Технический каталог metro, okrug или mo убран из публичного URL."
Нарколог на дом — Протвино,/uslugi/narkologicheskaya-pomosh/narkolog-na-dom/mo/protvino/,/uslugi/narkolog-na-dom/moskovskaya-oblast/protvino/,/uslugi/narkologicheskaya-pomosh/narkolog-na-dom/mo/,/uslugi/narkolog-na-dom/moskovskaya-oblast/,Нарколог на дом,city,yes,moskovskaya-oblast,mo,protvino,P1,"Технический каталог metro, okrug или mo убран из публичного URL."
Нарколог на дом — Дубна,/uslugi/narkologicheskaya-pomosh/narkolog-na-dom/mo/dubna/,/uslugi/narkolog-na-dom/moskovskaya-oblast/dubna/,/uslugi/narkologicheskaya-pomosh/narkolog-na-dom/mo/,/uslugi/narkolog-na-dom/moskovskaya-oblast/,Нарколог на дом,city,yes,moskovskaya-oblast,mo,dubna,P1,"Технический каталог metro, okrug или mo убран из публичного URL."
Нарколог на дом — Черноголовка,/uslugi/narkologicheskaya-pomosh/narkolog-na-dom/mo/chernogolovka/,/uslugi/narkolog-na-dom/moskovskaya-oblast/chernogolovka/,/uslugi/narkologicheskaya-pomosh/narkolog-na-dom/mo/,/uslugi/narkolog-na-dom/moskovskaya-oblast/,Нарколог на дом,city,yes,moskovskaya-oblast,mo,chernogolovka,P1,"Технический каталог metro, okrug или mo убран из публичного URL."
Нарколог на дом — Волоколамск,/uslugi/narkologicheskaya-pomosh/narkolog-na-dom/mo/volokolamsk/,/uslugi/narkolog-na-dom/moskovskaya-oblast/volokolamsk/,/uslugi/narkologicheskaya-pomosh/narkolog-na-dom/mo/,/uslugi/narkolog-na-dom/moskovskaya-oblast/,Нарколог на дом,city,yes,moskovskaya-oblast,mo,volokolamsk,P1,"Технический каталог metro, okrug или mo убран из публичного URL."
Вывод из запоя на дому — Аэропорт,/uslugi/lechenie-alkogolizma/vyvod-iz-zapoya/na-domu/metro/aeroport/,/uslugi/vyvod-iz-zapoya/na-domu/moskva/aeroport/,/uslugi/lechenie-alkogolizma/vyvod-iz-zapoya/na-domu/metro/,/uslugi/vyvod-iz-zapoya/na-domu/moskva/,Вывод из запоя,metro,yes,moskva,metro,aeroport,P0,"Технический каталог metro, okrug или mo убран из публичного URL."
Вывод из запоя на дому — Александровский сад,/uslugi/lechenie-alkogolizma/vyvod-iz-zapoya/na-domu/metro/aleksandrovskij-sad/,/uslugi/vyvod-iz-zapoya/na-domu/moskva/aleksandrovskij-sad/,/uslugi/lechenie-alkogolizma/vyvod-iz-zapoya/na-domu/metro/,/uslugi/vyvod-iz-zapoya/na-domu/moskva/,Вывод из запоя,metro,yes,moskva,metro,aleksandrovskij-sad,P0,"Технический каталог metro, okrug или mo убран из публичного URL."
Вывод из запоя на дому — Алексеевская,/uslugi/lechenie-alkogolizma/vyvod-iz-zapoya/na-domu/metro/alekseevskaya/,/uslugi/vyvod-iz-zapoya/na-domu/moskva/alekseevskaya/,/uslugi/lechenie-alkogolizma/vyvod-iz-zapoya/na-domu/metro/,/uslugi/vyvod-iz-zapoya/na-domu/moskva/,Вывод из запоя,metro,yes,moskva,metro,alekseevskaya,P0,"Технический каталог metro, okrug или mo убран из публичного URL."
Вывод из запоя на дому — Алма-Атинская,/uslugi/lechenie-alkogolizma/vyvod-iz-zapoya/na-domu/metro/alma-atinskaya/,/uslugi/vyvod-iz-zapoya/na-domu/moskva/alma-atinskaya/,/uslugi/lechenie-alkogolizma/vyvod-iz-zapoya/na-domu/metro/,/uslugi/vyvod-iz-zapoya/na-domu/moskva/,Вывод из запоя,metro,yes,moskva,metro,alma-atinskaya,P0,"Технический каталог metro, okrug или mo убран из публичного URL."
Вывод из запоя на дому — Алтуфьево,/uslugi/lechenie-alkogolizma/vyvod-iz-zapoya/na-domu/metro/altufevo/,/uslugi/vyvod-iz-zapoya/na-domu/moskva/altufevo/,/uslugi/lechenie-alkogolizma/vyvod-iz-zapoya/na-domu/metro/,/uslugi/vyvod-iz-zapoya/na-domu/moskva/,Вывод из запоя,metro,yes,moskva,metro,altufevo,P0,"Технический каталог metro, okrug или mo убран из публичного URL."
Вывод из запоя на дому — Андроновка,/uslugi/lechenie-alkogolizma/vyvod-iz-zapoya/na-domu/metro/andronovka/,/uslugi/vyvod-iz-zapoya/na-domu/moskva/andronovka/,/uslugi/lechenie-alkogolizma/vyvod-iz-zapoya/na-domu/metro/,/uslugi/vyvod-iz-zapoya/na-domu/moskva/,Вывод из запоя,metro,yes,moskva,metro,andronovka,P0,"Технический каталог metro, okrug или mo убран из публичного URL."
Вывод из запоя на дому — Аннино,/uslugi/lechenie-alkogolizma/vyvod-iz-zapoya/na-domu/metro/annino/,/uslugi/vyvod-iz-zapoya/na-domu/moskva/annino/,/uslugi/lechenie-alkogolizma/vyvod-iz-zapoya/na-domu/metro/,/uslugi/vyvod-iz-zapoya/na-domu/moskva/,Вывод из запоя,metro,yes,moskva,metro,annino,P0,"Технический каталог metro, okrug или mo убран из публичного URL."
Вывод из запоя на дому — Арбатская,/uslugi/lechenie-alkogolizma/vyvod-iz-zapoya/na-domu/metro/arbatskaya/,/uslugi/vyvod-iz-zapoya/na-domu/moskva/arbatskaya/,/uslugi/lechenie-alkogolizma/vyvod-iz-zapoya/na-domu/metro/,/uslugi/vyvod-iz-zapoya/na-domu/moskva/,Вывод из запоя,metro,yes,moskva,metro,arbatskaya,P0,"Технический каталог metro, okrug или mo убран из публичного URL."
Вывод из запоя на дому — Авиамоторная,/uslugi/lechenie-alkogolizma/vyvod-iz-zapoya/na-domu/metro/aviamotornaya/,/uslugi/vyvod-iz-zapoya/na-domu/moskva/aviamotornaya/,/uslugi/lechenie-alkogolizma/vyvod-iz-zapoya/na-domu/metro/,/uslugi/vyvod-iz-zapoya/na-domu/moskva/,Вывод из запоя,metro,yes,moskva,metro,aviamotornaya,P0,"Технический каталог metro, okrug или mo убран из публичного URL."
Вывод из запоя на дому — Автозаводская,/uslugi/lechenie-alkogolizma/vyvod-iz-zapoya/na-domu/metro/avtozavodskaya/,/uslugi/vyvod-iz-zapoya/na-domu/moskva/avtozavodskaya/,/uslugi/lechenie-alkogolizma/vyvod-iz-zapoya/na-domu/metro/,/uslugi/vyvod-iz-zapoya/na-domu/moskva/,Вывод из запоя,metro,yes,moskva,metro,avtozavodskaya,P0,"Технический каталог metro, okrug или mo убран из публичного URL."
Вывод из запоя на дому — Бабушкинская,/uslugi/lechenie-alkogolizma/vyvod-iz-zapoya/na-domu/metro/babushkinskaya/,/uslugi/vyvod-iz-zapoya/na-domu/moskva/babushkinskaya/,/uslugi/lechenie-alkogolizma/vyvod-iz-zapoya/na-domu/metro/,/uslugi/vyvod-iz-zapoya/na-domu/moskva/,Вывод из запоя,metro,yes,moskva,metro,babushkinskaya,P0,"Технический каталог metro, okrug или mo убран из публичного URL."
Вывод из запоя на дому — Багратионовская,/uslugi/lechenie-alkogolizma/vyvod-iz-zapoya/na-domu/metro/bagrationovskaya/,/uslugi/vyvod-iz-zapoya/na-domu/moskva/bagrationovskaya/,/uslugi/lechenie-alkogolizma/vyvod-iz-zapoya/na-domu/metro/,/uslugi/vyvod-iz-zapoya/na-domu/moskva/,Вывод из запоя,metro,yes,moskva,metro,bagrationovskaya,P0,"Технический каталог metro, okrug или mo убран из публичного URL."
Вывод из запоя на дому — Балтийская,/uslugi/lechenie-alkogolizma/vyvod-iz-zapoya/na-domu/metro/baltijskaya/,/uslugi/vyvod-iz-zapoya/na-domu/moskva/baltijskaya/,/uslugi/lechenie-alkogolizma/vyvod-iz-zapoya/na-domu/metro/,/uslugi/vyvod-iz-zapoya/na-domu/moskva/,Вывод из запоя,metro,yes,moskva,metro,baltijskaya,P0,"Технический каталог metro, okrug или mo убран из публичного URL."
Вывод из запоя на дому — Баррикадная,/uslugi/lechenie-alkogolizma/vyvod-iz-zapoya/na-domu/metro/barrikadnaya/,/uslugi/vyvod-iz-zapoya/na-domu/moskva/barrikadnaya/,/uslugi/lechenie-alkogolizma/vyvod-iz-zapoya/na-domu/metro/,/uslugi/vyvod-iz-zapoya/na-domu/moskva/,Вывод из запоя,metro,yes,moskva,metro,barrikadnaya,P0,"Технический каталог metro, okrug или mo убран из публичного URL."
Вывод из запоя на дому — Бауманская,/uslugi/lechenie-alkogolizma/vyvod-iz-zapoya/na-domu/metro/baumanskaya/,/uslugi/vyvod-iz-zapoya/na-domu/moskva/baumanskaya/,/uslugi/lechenie-alkogolizma/vyvod-iz-zapoya/na-domu/metro/,/uslugi/vyvod-iz-zapoya/na-domu/moskva/,Вывод из запоя,metro,yes,moskva,metro,baumanskaya,P0,"Технический каталог metro, okrug или mo убран из публичного URL."
Вывод из запоя на дому — Беговая,/uslugi/lechenie-alkogolizma/vyvod-iz-zapoya/na-domu/metro/begovaya/,/uslugi/vyvod-iz-zapoya/na-domu/moskva/begovaya/,/uslugi/lechenie-alkogolizma/vyvod-iz-zapoya/na-domu/metro/,/uslugi/vyvod-iz-zapoya/na-domu/moskva/,Вывод из запоя,metro,yes,moskva,metro,begovaya,P0,"Технический каталог metro, okrug или mo убран из публичного URL."
Вывод из запоя на дому — Белокаменная,/uslugi/lechenie-alkogolizma/vyvod-iz-zapoya/na-domu/metro/belokamennaya/,/uslugi/vyvod-iz-zapoya/na-domu/moskva/belokamennaya/,/uslugi/lechenie-alkogolizma/vyvod-iz-zapoya/na-domu/metro/,/uslugi/vyvod-iz-zapoya/na-domu/moskva/,Вывод из запоя,metro,yes,moskva,metro,belokamennaya,P0,"Технический каталог metro, okrug или mo убран из публичного URL."
Вывод из запоя на дому — Белорусская,/uslugi/lechenie-alkogolizma/vyvod-iz-zapoya/na-domu/metro/belorusskaya/,/uslugi/vyvod-iz-zapoya/na-domu/moskva/belorusskaya/,/uslugi/lechenie-alkogolizma/vyvod-iz-zapoya/na-domu/metro/,/uslugi/vyvod-iz-zapoya/na-domu/moskva/,Вывод из запоя,metro,yes,moskva,metro,belorusskaya,P0,"Технический каталог metro, okrug или mo убран из публичного URL."
Вывод из запоя на дому — Беляево,/uslugi/lechenie-alkogolizma/vyvod-iz-zapoya/na-domu/metro/belyaevo/,/uslugi/vyvod-iz-zapoya/na-domu/moskva/belyaevo/,/uslugi/lechenie-alkogolizma/vyvod-iz-zapoya/na-domu/metro/,/uslugi/vyvod-iz-zapoya/na-domu/moskva/,Вывод из запоя,metro,yes,moskva,metro,belyaevo,P0,"Технический каталог metro, okrug или mo убран из публичного URL."
Вывод из запоя на дому — Бибирево,/uslugi/lechenie-alkogolizma/vyvod-iz-zapoya/na-domu/metro/bibirevo/,/uslugi/vyvod-iz-zapoya/na-domu/moskva/bibirevo/,/uslugi/lechenie-alkogolizma/vyvod-iz-zapoya/na-domu/metro/,/uslugi/vyvod-iz-zapoya/na-domu/moskva/,Вывод из запоя,metro,yes,moskva,metro,bibirevo,P0,"Технический каталог metro, okrug или mo убран из публичного URL."
Вывод из запоя на дому — Библиотека имени Ленина,/uslugi/lechenie-alkogolizma/vyvod-iz-zapoya/na-domu/metro/biblioteka-imeni-lenina/,/uslugi/vyvod-iz-zapoya/na-domu/moskva/biblioteka-imeni-lenina/,/uslugi/lechenie-alkogolizma/vyvod-iz-zapoya/na-domu/metro/,/uslugi/vyvod-iz-zapoya/na-domu/moskva/,Вывод из запоя,metro,yes,moskva,metro,biblioteka-imeni-lenina,P0,"Технический каталог metro, okrug или mo убран из публичного URL."
Вывод из запоя на дому — Битцевский парк,/uslugi/lechenie-alkogolizma/vyvod-iz-zapoya/na-domu/metro/bitcevskij-park/,/uslugi/vyvod-iz-zapoya/na-domu/moskva/bitcevskij-park/,/uslugi/lechenie-alkogolizma/vyvod-iz-zapoya/na-domu/metro/,/uslugi/vyvod-iz-zapoya/na-domu/moskva/,Вывод из запоя,metro,yes,moskva,metro,bitcevskij-park,P0,"Технический каталог metro, okrug или mo убран из публичного URL."
Вывод из запоя на дому — Борисово,/uslugi/lechenie-alkogolizma/vyvod-iz-zapoya/na-domu/metro/borisovo/,/uslugi/vyvod-iz-zapoya/na-domu/moskva/borisovo/,/uslugi/lechenie-alkogolizma/vyvod-iz-zapoya/na-domu/metro/,/uslugi/vyvod-iz-zapoya/na-domu/moskva/,Вывод из запоя,metro,yes,moskva,metro,borisovo,P0,"Технический каталог metro, okrug или mo убран из публичного URL."
Вывод из запоя на дому — Боровицкая,/uslugi/lechenie-alkogolizma/vyvod-iz-zapoya/na-domu/metro/borovickaya/,/uslugi/vyvod-iz-zapoya/na-domu/moskva/borovickaya/,/uslugi/lechenie-alkogolizma/vyvod-iz-zapoya/na-domu/metro/,/uslugi/vyvod-iz-zapoya/na-domu/moskva/,Вывод из запоя,metro,yes,moskva,metro,borovickaya,P0,"Технический каталог metro, okrug или mo убран из публичного URL."
Вывод из запоя на дому — Ботанический сад,/uslugi/lechenie-alkogolizma/vyvod-iz-zapoya/na-domu/metro/botanicheskij-sad/,/uslugi/vyvod-iz-zapoya/na-domu/moskva/botanicheskij-sad/,/uslugi/lechenie-alkogolizma/vyvod-iz-zapoya/na-domu/metro/,/uslugi/vyvod-iz-zapoya/na-domu/moskva/,Вывод из запоя,metro,yes,moskva,metro,botanicheskij-sad,P0,"Технический каталог metro, okrug или mo убран из публичного URL."
Вывод из запоя на дому — Братиславская,/uslugi/lechenie-alkogolizma/vyvod-iz-zapoya/na-domu/metro/bratislavskaya/,/uslugi/vyvod-iz-zapoya/na-domu/moskva/bratislavskaya/,/uslugi/lechenie-alkogolizma/vyvod-iz-zapoya/na-domu/metro/,/uslugi/vyvod-iz-zapoya/na-domu/moskva/,Вывод из запоя,metro,yes,moskva,metro,bratislavskaya,P0,"Технический каталог metro, okrug или mo убран из публичного URL."
Вывод из запоя на дому — Бульвар Адмирала Ушакова,/uslugi/lechenie-alkogolizma/vyvod-iz-zapoya/na-domu/metro/bulvar-admirala-ushakova/,/uslugi/vyvod-iz-zapoya/na-domu/moskva/bulvar-admirala-ushakova/,/uslugi/lechenie-alkogolizma/vyvod-iz-zapoya/na-domu/metro/,/uslugi/vyvod-iz-zapoya/na-domu/moskva/,Вывод из запоя,metro,yes,moskva,metro,bulvar-admirala-ushakova,P0,"Технический каталог metro, okrug или mo убран из публичного URL."
Вывод из запоя на дому — Бульвар Рокоссовского,/uslugi/lechenie-alkogolizma/vyvod-iz-zapoya/na-domu/metro/bulvar-rokossovskogo/,/uslugi/vyvod-iz-zapoya/na-domu/moskva/bulvar-rokossovskogo/,/uslugi/lechenie-alkogolizma/vyvod-iz-zapoya/na-domu/metro/,/uslugi/vyvod-iz-zapoya/na-domu/moskva/,Вывод из запоя,metro,yes,moskva,metro,bulvar-rokossovskogo,P0,"Технический каталог metro, okrug или mo убран из публичного URL."
Вывод из запоя на дому — Бунинская аллея,/uslugi/lechenie-alkogolizma/vyvod-iz-zapoya/na-domu/metro/buninskaya-alleya/,/uslugi/vyvod-iz-zapoya/na-domu/moskva/buninskaya-alleya/,/uslugi/lechenie-alkogolizma/vyvod-iz-zapoya/na-domu/metro/,/uslugi/vyvod-iz-zapoya/na-domu/moskva/,Вывод из запоя,metro,yes,moskva,metro,buninskaya-alleya,P0,"Технический каталог metro, okrug или mo убран из публичного URL."
Вывод из запоя на дому — Бутырская,/uslugi/lechenie-alkogolizma/vyvod-iz-zapoya/na-domu/metro/butyrskaya/,/uslugi/vyvod-iz-zapoya/na-domu/moskva/butyrskaya/,/uslugi/lechenie-alkogolizma/vyvod-iz-zapoya/na-domu/metro/,/uslugi/vyvod-iz-zapoya/na-domu/moskva/,Вывод из запоя,metro,yes,moskva,metro,butyrskaya,P0,"Технический каталог metro, okrug или mo убран из публичного URL."
Вывод из запоя на дому — Чеховская,/uslugi/lechenie-alkogolizma/vyvod-iz-zapoya/na-domu/metro/chehovskaya/,/uslugi/vyvod-iz-zapoya/na-domu/moskva/chehovskaya/,/uslugi/lechenie-alkogolizma/vyvod-iz-zapoya/na-domu/metro/,/uslugi/vyvod-iz-zapoya/na-domu/moskva/,Вывод из запоя,metro,yes,moskva,metro,chehovskaya,P0,"Технический каталог metro, okrug или mo убран из публичного URL."
Вывод из запоя на дому — Черкизовская,/uslugi/lechenie-alkogolizma/vyvod-iz-zapoya/na-domu/metro/cherkizovskaya/,/uslugi/vyvod-iz-zapoya/na-domu/moskva/cherkizovskaya/,/uslugi/lechenie-alkogolizma/vyvod-iz-zapoya/na-domu/metro/,/uslugi/vyvod-iz-zapoya/na-domu/moskva/,Вывод из запоя,metro,yes,moskva,metro,cherkizovskaya,P0,"Технический каталог metro, okrug или mo убран из публичного URL."
Вывод из запоя на дому — Чертановская,/uslugi/lechenie-alkogolizma/vyvod-iz-zapoya/na-domu/metro/chertanovskaya/,/uslugi/vyvod-iz-zapoya/na-domu/moskva/chertanovskaya/,/uslugi/lechenie-alkogolizma/vyvod-iz-zapoya/na-domu/metro/,/uslugi/vyvod-iz-zapoya/na-domu/moskva/,Вывод из запоя,metro,yes,moskva,metro,chertanovskaya,P0,"Технический каталог metro, okrug или mo убран из публичного URL."
Вывод из запоя на дому — Чистые пруды,/uslugi/lechenie-alkogolizma/vyvod-iz-zapoya/na-domu/metro/chistye-prudy/,/uslugi/vyvod-iz-zapoya/na-domu/moskva/chistye-prudy/,/uslugi/lechenie-alkogolizma/vyvod-iz-zapoya/na-domu/metro/,/uslugi/vyvod-iz-zapoya/na-domu/moskva/,Вывод из запоя,metro,yes,moskva,metro,chistye-prudy,P0,"Технический каталог metro, okrug или mo убран из публичного URL."
Вывод из запоя на дому — Чкаловская,/uslugi/lechenie-alkogolizma/vyvod-iz-zapoya/na-domu/metro/chkalovskaya/,/uslugi/vyvod-iz-zapoya/na-domu/moskva/chkalovskaya/,/uslugi/lechenie-alkogolizma/vyvod-iz-zapoya/na-domu/metro/,/uslugi/vyvod-iz-zapoya/na-domu/moskva/,Вывод из запоя,metro,yes,moskva,metro,chkalovskaya,P0,"Технический каталог metro, okrug или mo убран из публичного URL."
Вывод из запоя на дому — Царицыно,/uslugi/lechenie-alkogolizma/vyvod-iz-zapoya/na-domu/metro/caricyno/,/uslugi/vyvod-iz-zapoya/na-domu/moskva/caricyno/,/uslugi/lechenie-alkogolizma/vyvod-iz-zapoya/na-domu/metro/,/uslugi/vyvod-iz-zapoya/na-domu/moskva/,Вывод из запоя,metro,yes,moskva,metro,caricyno,P0,"Технический каталог metro, okrug или mo убран из публичного URL."
Вывод из запоя на дому — ЦСКА,/uslugi/lechenie-alkogolizma/vyvod-iz-zapoya/na-domu/metro/cska/,/uslugi/vyvod-iz-zapoya/na-domu/moskva/cska/,/uslugi/lechenie-alkogolizma/vyvod-iz-zapoya/na-domu/metro/,/uslugi/vyvod-iz-zapoya/na-domu/moskva/,Вывод из запоя,metro,yes,moskva,metro,cska,P0,"Технический каталог metro, okrug или mo убран из публичного URL."
Вывод из запоя на дому — Цветной бульвар,/uslugi/lechenie-alkogolizma/vyvod-iz-zapoya/na-domu/metro/cvetnoj-bulvar/,/uslugi/vyvod-iz-zapoya/na-domu/moskva/cvetnoj-bulvar/,/uslugi/lechenie-alkogolizma/vyvod-iz-zapoya/na-domu/metro/,/uslugi/vyvod-iz-zapoya/na-domu/moskva/,Вывод из запоя,metro,yes,moskva,metro,cvetnoj-bulvar,P0,"Технический каталог metro, okrug или mo убран из публичного URL."
Вывод из запоя на дому — Деловой центр,/uslugi/lechenie-alkogolizma/vyvod-iz-zapoya/na-domu/metro/delovoj-centr/,/uslugi/vyvod-iz-zapoya/na-domu/moskva/delovoj-centr/,/uslugi/lechenie-alkogolizma/vyvod-iz-zapoya/na-domu/metro/,/uslugi/vyvod-iz-zapoya/na-domu/moskva/,Вывод из запоя,metro,yes,moskva,metro,delovoj-centr,P0,"Технический каталог metro, okrug или mo убран из публичного URL."
Вывод из запоя на дому — Динамо,/uslugi/lechenie-alkogolizma/vyvod-iz-zapoya/na-domu/metro/dinamo/,/uslugi/vyvod-iz-zapoya/na-domu/moskva/dinamo/,/uslugi/lechenie-alkogolizma/vyvod-iz-zapoya/na-domu/metro/,/uslugi/vyvod-iz-zapoya/na-domu/moskva/,Вывод из запоя,metro,yes,moskva,metro,dinamo,P0,"Технический каталог metro, okrug или mo убран из публичного URL."
Вывод из запоя на дому — Дмитровская,/uslugi/lechenie-alkogolizma/vyvod-iz-zapoya/na-domu/metro/dmitrovskaya/,/uslugi/vyvod-iz-zapoya/na-domu/moskva/dmitrovskaya/,/uslugi/lechenie-alkogolizma/vyvod-iz-zapoya/na-domu/metro/,/uslugi/vyvod-iz-zapoya/na-domu/moskva/,Вывод из запоя,metro,yes,moskva,metro,dmitrovskaya,P0,"Технический каталог metro, okrug или mo убран из публичного URL."
Вывод из запоя на дому — Добрынинская,/uslugi/lechenie-alkogolizma/vyvod-iz-zapoya/na-domu/metro/dobryninskaya/,/uslugi/vyvod-iz-zapoya/na-domu/moskva/dobryninskaya/,/uslugi/lechenie-alkogolizma/vyvod-iz-zapoya/na-domu/metro/,/uslugi/vyvod-iz-zapoya/na-domu/moskva/,Вывод из запоя,metro,yes,moskva,metro,dobryninskaya,P0,"Технический каталог metro, okrug или mo убран из публичного URL."
Вывод из запоя на дому — Домодедовская,/uslugi/lechenie-alkogolizma/vyvod-iz-zapoya/na-domu/metro/domodedovskaya/,/uslugi/vyvod-iz-zapoya/na-domu/moskva/domodedovskaya/,/uslugi/lechenie-alkogolizma/vyvod-iz-zapoya/na-domu/metro/,/uslugi/vyvod-iz-zapoya/na-domu/moskva/,Вывод из запоя,metro,yes,moskva,metro,domodedovskaya,P0,"Технический каталог metro, okrug или mo убран из публичного URL."
Вывод из запоя на дому — Достоевская,/uslugi/lechenie-alkogolizma/vyvod-iz-zapoya/na-domu/metro/dostoevskaya/,/uslugi/vyvod-iz-zapoya/na-domu/moskva/dostoevskaya/,/uslugi/lechenie-alkogolizma/vyvod-iz-zapoya/na-domu/metro/,/uslugi/vyvod-iz-zapoya/na-domu/moskva/,Вывод из запоя,metro,yes,moskva,metro,dostoevskaya,P0,"Технический каталог metro, okrug или mo убран из публичного URL."
Вывод из запоя на дому — Электрозаводская,/uslugi/lechenie-alkogolizma/vyvod-iz-zapoya/na-domu/metro/elektrozavodskaya/,/uslugi/vyvod-iz-zapoya/na-domu/moskva/elektrozavodskaya/,/uslugi/lechenie-alkogolizma/vyvod-iz-zapoya/na-domu/metro/,/uslugi/vyvod-iz-zapoya/na-domu/moskva/,Вывод из запоя,metro,yes,moskva,metro,elektrozavodskaya,P0,"Технический каталог metro, okrug или mo убран из публичного URL."
Вывод из запоя на дому — Филёвский парк,/uslugi/lechenie-alkogolizma/vyvod-iz-zapoya/na-domu/metro/filevskij-park/,/uslugi/vyvod-iz-zapoya/na-domu/moskva/filevskij-park/,/uslugi/lechenie-alkogolizma/vyvod-iz-zapoya/na-domu/metro/,/uslugi/vyvod-iz-zapoya/na-domu/moskva/,Вывод из запоя,metro,yes,moskva,metro,filevskij-park,P0,"Технический каталог metro, okrug или mo убран из публичного URL."
Вывод из запоя на дому — Фили,/uslugi/lechenie-alkogolizma/vyvod-iz-zapoya/na-domu/metro/fili/,/uslugi/vyvod-iz-zapoya/na-domu/moskva/fili/,/uslugi/lechenie-alkogolizma/vyvod-iz-zapoya/na-domu/metro/,/uslugi/vyvod-iz-zapoya/na-domu/moskva/,Вывод из запоя,metro,yes,moskva,metro,fili,P0,"Технический каталог metro, okrug или mo убран из публичного URL."
Вывод из запоя на дому — Фонвизинская,/uslugi/lechenie-alkogolizma/vyvod-iz-zapoya/na-domu/metro/fonvizinskaya/,/uslugi/vyvod-iz-zapoya/na-domu/moskva/fonvizinskaya/,/uslugi/lechenie-alkogolizma/vyvod-iz-zapoya/na-domu/metro/,/uslugi/vyvod-iz-zapoya/na-domu/moskva/,Вывод из запоя,metro,yes,moskva,metro,fonvizinskaya,P0,"Технический каталог metro, okrug или mo убран из публичного URL."
Вывод из запоя на дому — Фрунзенская,/uslugi/lechenie-alkogolizma/vyvod-iz-zapoya/na-domu/metro/frunzenskaya/,/uslugi/vyvod-iz-zapoya/na-domu/moskva/frunzenskaya/,/uslugi/lechenie-alkogolizma/vyvod-iz-zapoya/na-domu/metro/,/uslugi/vyvod-iz-zapoya/na-domu/moskva/,Вывод из запоя,metro,yes,moskva,metro,frunzenskaya,P0,"Технический каталог metro, okrug или mo убран из публичного URL."
Вывод из запоя на дому — Хорошёвская,/uslugi/lechenie-alkogolizma/vyvod-iz-zapoya/na-domu/metro/horoshevskaya/,/uslugi/vyvod-iz-zapoya/na-domu/moskva/horoshevskaya/,/uslugi/lechenie-alkogolizma/vyvod-iz-zapoya/na-domu/metro/,/uslugi/vyvod-iz-zapoya/na-domu/moskva/,Вывод из запоя,metro,yes,moskva,metro,horoshevskaya,P0,"Технический каталог metro, okrug или mo убран из публичного URL."
Вывод из запоя на дому — Ховрино,/uslugi/lechenie-alkogolizma/vyvod-iz-zapoya/na-domu/metro/hovrino/,/uslugi/vyvod-iz-zapoya/na-domu/moskva/hovrino/,/uslugi/lechenie-alkogolizma/vyvod-iz-zapoya/na-domu/metro/,/uslugi/vyvod-iz-zapoya/na-domu/moskva/,Вывод из запоя,metro,yes,moskva,metro,hovrino,P0,"Технический каталог metro, okrug или mo убран из публичного URL."
Вывод из запоя на дому — Измайловская,/uslugi/lechenie-alkogolizma/vyvod-iz-zapoya/na-domu/metro/izmajlovskaya/,/uslugi/vyvod-iz-zapoya/na-domu/moskva/izmajlovskaya/,/uslugi/lechenie-alkogolizma/vyvod-iz-zapoya/na-domu/metro/,/uslugi/vyvod-iz-zapoya/na-domu/moskva/,Вывод из запоя,metro,yes,moskva,metro,izmajlovskaya,P0,"Технический каталог metro, okrug или mo убран из публичного URL."
Вывод из запоя на дому — Каховская,/uslugi/lechenie-alkogolizma/vyvod-iz-zapoya/na-domu/metro/kahovskaya/,/uslugi/vyvod-iz-zapoya/na-domu/moskva/kahovskaya/,/uslugi/lechenie-alkogolizma/vyvod-iz-zapoya/na-domu/metro/,/uslugi/vyvod-iz-zapoya/na-domu/moskva/,Вывод из запоя,metro,yes,moskva,metro,kahovskaya,P0,"Технический каталог metro, okrug или mo убран из публичного URL."
Вывод из запоя на дому — Калужская,/uslugi/lechenie-alkogolizma/vyvod-iz-zapoya/na-domu/metro/kaluzhskaya/,/uslugi/vyvod-iz-zapoya/na-domu/moskva/kaluzhskaya/,/uslugi/lechenie-alkogolizma/vyvod-iz-zapoya/na-domu/metro/,/uslugi/vyvod-iz-zapoya/na-domu/moskva/,Вывод из запоя,metro,yes,moskva,metro,kaluzhskaya,P0,"Технический каталог metro, okrug или mo убран из публичного URL."
Вывод из запоя на дому — Кантемировская,/uslugi/lechenie-alkogolizma/vyvod-iz-zapoya/na-domu/metro/kantemirovskaya/,/uslugi/vyvod-iz-zapoya/na-domu/moskva/kantemirovskaya/,/uslugi/lechenie-alkogolizma/vyvod-iz-zapoya/na-domu/metro/,/uslugi/vyvod-iz-zapoya/na-domu/moskva/,Вывод из запоя,metro,yes,moskva,metro,kantemirovskaya,P0,"Технический каталог metro, okrug или mo убран из публичного URL."
Вывод из запоя на дому — Каширская,/uslugi/lechenie-alkogolizma/vyvod-iz-zapoya/na-domu/metro/kashirskaya/,/uslugi/vyvod-iz-zapoya/na-domu/moskva/kashirskaya/,/uslugi/lechenie-alkogolizma/vyvod-iz-zapoya/na-domu/metro/,/uslugi/vyvod-iz-zapoya/na-domu/moskva/,Вывод из запоя,metro,yes,moskva,metro,kashirskaya,P0,"Технический каталог metro, okrug или mo убран из публичного URL."
Вывод из запоя на дому — Киевская,/uslugi/lechenie-alkogolizma/vyvod-iz-zapoya/na-domu/metro/kievskaya/,/uslugi/vyvod-iz-zapoya/na-domu/moskva/kievskaya/,/uslugi/lechenie-alkogolizma/vyvod-iz-zapoya/na-domu/metro/,/uslugi/vyvod-iz-zapoya/na-domu/moskva/,Вывод из запоя,metro,yes,moskva,metro,kievskaya,P0,"Технический каталог metro, okrug или mo убран из публичного URL."
Вывод из запоя на дому — Китай-город,/uslugi/lechenie-alkogolizma/vyvod-iz-zapoya/na-domu/metro/kitaj-gorod/,/uslugi/vyvod-iz-zapoya/na-domu/moskva/kitaj-gorod/,/uslugi/lechenie-alkogolizma/vyvod-iz-zapoya/na-domu/metro/,/uslugi/vyvod-iz-zapoya/na-domu/moskva/,Вывод из запоя,metro,yes,moskva,metro,kitaj-gorod,P0,"Технический каталог metro, okrug или mo убран из публичного URL."
Вывод из запоя на дому — Коломенская,/uslugi/lechenie-alkogolizma/vyvod-iz-zapoya/na-domu/metro/kolomenskaya/,/uslugi/vyvod-iz-zapoya/na-domu/moskva/kolomenskaya/,/uslugi/lechenie-alkogolizma/vyvod-iz-zapoya/na-domu/metro/,/uslugi/vyvod-iz-zapoya/na-domu/moskva/,Вывод из запоя,metro,yes,moskva,metro,kolomenskaya,P0,"Технический каталог metro, okrug или mo убран из публичного URL."
Вывод из запоя на дому — Комсомольская,/uslugi/lechenie-alkogolizma/vyvod-iz-zapoya/na-domu/metro/komsomolskaya/,/uslugi/vyvod-iz-zapoya/na-domu/moskva/komsomolskaya/,/uslugi/lechenie-alkogolizma/vyvod-iz-zapoya/na-domu/metro/,/uslugi/vyvod-iz-zapoya/na-domu/moskva/,Вывод из запоя,metro,yes,moskva,metro,komsomolskaya,P0,"Технический каталог metro, okrug или mo убран из публичного URL."
Вывод из запоя на дому — Коньково,/uslugi/lechenie-alkogolizma/vyvod-iz-zapoya/na-domu/metro/konkovo/,/uslugi/vyvod-iz-zapoya/na-domu/moskva/konkovo/,/uslugi/lechenie-alkogolizma/vyvod-iz-zapoya/na-domu/metro/,/uslugi/vyvod-iz-zapoya/na-domu/moskva/,Вывод из запоя,metro,yes,moskva,metro,konkovo,P0,"Технический каталог metro, okrug или mo убран из публичного URL."
Вывод из запоя на дому — Коптево,/uslugi/lechenie-alkogolizma/vyvod-iz-zapoya/na-domu/metro/koptevo/,/uslugi/vyvod-iz-zapoya/na-domu/moskva/koptevo/,/uslugi/lechenie-alkogolizma/vyvod-iz-zapoya/na-domu/metro/,/uslugi/vyvod-iz-zapoya/na-domu/moskva/,Вывод из запоя,metro,yes,moskva,metro,koptevo,P0,"Технический каталог metro, okrug или mo убран из публичного URL."
Вывод из запоя на дому — Котельники,/uslugi/lechenie-alkogolizma/vyvod-iz-zapoya/na-domu/metro/kotelniki/,/uslugi/vyvod-iz-zapoya/na-domu/moskva/kotelniki/,/uslugi/lechenie-alkogolizma/vyvod-iz-zapoya/na-domu/metro/,/uslugi/vyvod-iz-zapoya/na-domu/moskva/,Вывод из запоя,metro,yes,moskva,metro,kotelniki,P0,"Технический каталог metro, okrug или mo убран из публичного URL."
Вывод из запоя на дому — Кожуховская,/uslugi/lechenie-alkogolizma/vyvod-iz-zapoya/na-domu/metro/kozhuhovskaya/,/uslugi/vyvod-iz-zapoya/na-domu/moskva/kozhuhovskaya/,/uslugi/lechenie-alkogolizma/vyvod-iz-zapoya/na-domu/metro/,/uslugi/vyvod-iz-zapoya/na-domu/moskva/,Вывод из запоя,metro,yes,moskva,metro,kozhuhovskaya,P0,"Технический каталог metro, okrug или mo убран из публичного URL."
Вывод из запоя на дому — Красногвардейская,/uslugi/lechenie-alkogolizma/vyvod-iz-zapoya/na-domu/metro/krasnogvardejskaya/,/uslugi/vyvod-iz-zapoya/na-domu/moskva/krasnogvardejskaya/,/uslugi/lechenie-alkogolizma/vyvod-iz-zapoya/na-domu/metro/,/uslugi/vyvod-iz-zapoya/na-domu/moskva/,Вывод из запоя,metro,yes,moskva,metro,krasnogvardejskaya,P0,"Технический каталог metro, okrug или mo убран из публичного URL."
Вывод из запоя на дому — Краснопресненская,/uslugi/lechenie-alkogolizma/vyvod-iz-zapoya/na-domu/metro/krasnopresnenskaya/,/uslugi/vyvod-iz-zapoya/na-domu/moskva/krasnopresnenskaya/,/uslugi/lechenie-alkogolizma/vyvod-iz-zapoya/na-domu/metro/,/uslugi/vyvod-iz-zapoya/na-domu/moskva/,Вывод из запоя,metro,yes,moskva,metro,krasnopresnenskaya,P0,"Технический каталог metro, okrug или mo убран из публичного URL."
Вывод из запоя на дому — Красносельская,/uslugi/lechenie-alkogolizma/vyvod-iz-zapoya/na-domu/metro/krasnoselskaya/,/uslugi/vyvod-iz-zapoya/na-domu/moskva/krasnoselskaya/,/uslugi/lechenie-alkogolizma/vyvod-iz-zapoya/na-domu/metro/,/uslugi/vyvod-iz-zapoya/na-domu/moskva/,Вывод из запоя,metro,yes,moskva,metro,krasnoselskaya,P0,"Технический каталог metro, okrug или mo убран из публичного URL."
Вывод из запоя на дому — Красные ворота,/uslugi/lechenie-alkogolizma/vyvod-iz-zapoya/na-domu/metro/krasnye-vorota/,/uslugi/vyvod-iz-zapoya/na-domu/moskva/krasnye-vorota/,/uslugi/lechenie-alkogolizma/vyvod-iz-zapoya/na-domu/metro/,/uslugi/vyvod-iz-zapoya/na-domu/moskva/,Вывод из запоя,metro,yes,moskva,metro,krasnye-vorota,P0,"Технический каталог metro, okrug или mo убран из публичного URL."
Вывод из запоя на дому — Крестьянская застава,/uslugi/lechenie-alkogolizma/vyvod-iz-zapoya/na-domu/metro/krestyanskaya-zastava/,/uslugi/vyvod-iz-zapoya/na-domu/moskva/krestyanskaya-zastava/,/uslugi/lechenie-alkogolizma/vyvod-iz-zapoya/na-domu/metro/,/uslugi/vyvod-iz-zapoya/na-domu/moskva/,Вывод из запоя,metro,yes,moskva,metro,krestyanskaya-zastava,P0,"Технический каталог metro, okrug или mo убран из публичного URL."
Вывод из запоя на дому — Кропоткинская,/uslugi/lechenie-alkogolizma/vyvod-iz-zapoya/na-domu/metro/kropotkinskaya/,/uslugi/vyvod-iz-zapoya/na-domu/moskva/kropotkinskaya/,/uslugi/lechenie-alkogolizma/vyvod-iz-zapoya/na-domu/metro/,/uslugi/vyvod-iz-zapoya/na-domu/moskva/,Вывод из запоя,metro,yes,moskva,metro,kropotkinskaya,P0,"Технический каталог metro, okrug или mo убран из публичного URL."
Вывод из запоя на дому — Крылатское,/uslugi/lechenie-alkogolizma/vyvod-iz-zapoya/na-domu/metro/krylatskoe/,/uslugi/vyvod-iz-zapoya/na-domu/moskva/krylatskoe/,/uslugi/lechenie-alkogolizma/vyvod-iz-zapoya/na-domu/metro/,/uslugi/vyvod-iz-zapoya/na-domu/moskva/,Вывод из запоя,metro,yes,moskva,metro,krylatskoe,P0,"Технический каталог metro, okrug или mo убран из публичного URL."
Вывод из запоя на дому — Крымская,/uslugi/lechenie-alkogolizma/vyvod-iz-zapoya/na-domu/metro/krymskaya/,/uslugi/vyvod-iz-zapoya/na-domu/moskva/krymskaya/,/uslugi/lechenie-alkogolizma/vyvod-iz-zapoya/na-domu/metro/,/uslugi/vyvod-iz-zapoya/na-domu/moskva/,Вывод из запоя,metro,yes,moskva,metro,krymskaya,P0,"Технический каталог metro, okrug или mo убран из публичного URL."
Вывод из запоя на дому — Кунцевская,/uslugi/lechenie-alkogolizma/vyvod-iz-zapoya/na-domu/metro/kuncevskaya/,/uslugi/vyvod-iz-zapoya/na-domu/moskva/kuncevskaya/,/uslugi/lechenie-alkogolizma/vyvod-iz-zapoya/na-domu/metro/,/uslugi/vyvod-iz-zapoya/na-domu/moskva/,Вывод из запоя,metro,yes,moskva,metro,kuncevskaya,P0,"Технический каталог metro, okrug или mo убран из публичного URL."
Вывод из запоя на дому — Курская,/uslugi/lechenie-alkogolizma/vyvod-iz-zapoya/na-domu/metro/kurskaya/,/uslugi/vyvod-iz-zapoya/na-domu/moskva/kurskaya/,/uslugi/lechenie-alkogolizma/vyvod-iz-zapoya/na-domu/metro/,/uslugi/vyvod-iz-zapoya/na-domu/moskva/,Вывод из запоя,metro,yes,moskva,metro,kurskaya,P0,"Технический каталог metro, okrug или mo убран из публичного URL."
Вывод из запоя на дому — Кутузовская,/uslugi/lechenie-alkogolizma/vyvod-iz-zapoya/na-domu/metro/kutuzovskaya/,/uslugi/vyvod-iz-zapoya/na-domu/moskva/kutuzovskaya/,/uslugi/lechenie-alkogolizma/vyvod-iz-zapoya/na-domu/metro/,/uslugi/vyvod-iz-zapoya/na-domu/moskva/,Вывод из запоя,metro,yes,moskva,metro,kutuzovskaya,P0,"Технический каталог metro, okrug или mo убран из публичного URL."
Вывод из запоя на дому — Кузьминки,/uslugi/lechenie-alkogolizma/vyvod-iz-zapoya/na-domu/metro/kuzminki/,/uslugi/vyvod-iz-zapoya/na-domu/moskva/kuzminki/,/uslugi/lechenie-alkogolizma/vyvod-iz-zapoya/na-domu/metro/,/uslugi/vyvod-iz-zapoya/na-domu/moskva/,Вывод из запоя,metro,yes,moskva,metro,kuzminki,P0,"Технический каталог metro, okrug или mo убран из публичного URL."
Вывод из запоя на дому — Кузнецкий мост,/uslugi/lechenie-alkogolizma/vyvod-iz-zapoya/na-domu/metro/kuzneckij-most/,/uslugi/vyvod-iz-zapoya/na-domu/moskva/kuzneckij-most/,/uslugi/lechenie-alkogolizma/vyvod-iz-zapoya/na-domu/metro/,/uslugi/vyvod-iz-zapoya/na-domu/moskva/,Вывод из запоя,metro,yes,moskva,metro,kuzneckij-most,P0,"Технический каталог metro, okrug или mo убран из публичного URL."
Вывод из запоя на дому — Ленинский проспект,/uslugi/lechenie-alkogolizma/vyvod-iz-zapoya/na-domu/metro/leninskij-prospekt/,/uslugi/vyvod-iz-zapoya/na-domu/moskva/leninskij-prospekt/,/uslugi/lechenie-alkogolizma/vyvod-iz-zapoya/na-domu/metro/,/uslugi/vyvod-iz-zapoya/na-domu/moskva/,Вывод из запоя,metro,yes,moskva,metro,leninskij-prospekt,P0,"Технический каталог metro, okrug или mo убран из публичного URL."
Вывод из запоя на дому — Лермонтовский проспект,/uslugi/lechenie-alkogolizma/vyvod-iz-zapoya/na-domu/metro/lermontovskij-prospekt/,/uslugi/vyvod-iz-zapoya/na-domu/moskva/lermontovskij-prospekt/,/uslugi/lechenie-alkogolizma/vyvod-iz-zapoya/na-domu/metro/,/uslugi/vyvod-iz-zapoya/na-domu/moskva/,Вывод из запоя,metro,yes,moskva,metro,lermontovskij-prospekt,P0,"Технический каталог metro, okrug или mo убран из публичного URL."
Вывод из запоя на дому — Лесопарковая,/uslugi/lechenie-alkogolizma/vyvod-iz-zapoya/na-domu/metro/lesoparkovaya/,/uslugi/vyvod-iz-zapoya/na-domu/moskva/lesoparkovaya/,/uslugi/lechenie-alkogolizma/vyvod-iz-zapoya/na-domu/metro/,/uslugi/vyvod-iz-zapoya/na-domu/moskva/,Вывод из запоя,metro,yes,moskva,metro,lesoparkovaya,P0,"Технический каталог metro, okrug или mo убран из публичного URL."
Вывод из запоя на дому — Лихоборы,/uslugi/lechenie-alkogolizma/vyvod-iz-zapoya/na-domu/metro/lihobory/,/uslugi/vyvod-iz-zapoya/na-domu/moskva/lihobory/,/uslugi/lechenie-alkogolizma/vyvod-iz-zapoya/na-domu/metro/,/uslugi/vyvod-iz-zapoya/na-domu/moskva/,Вывод из запоя,metro,yes,moskva,metro,lihobory,P0,"Технический каталог metro, okrug или mo убран из публичного URL."
Вывод из запоя на дому — Локомотив,/uslugi/lechenie-alkogolizma/vyvod-iz-zapoya/na-domu/metro/lokomotiv/,/uslugi/vyvod-iz-zapoya/na-domu/moskva/lokomotiv/,/uslugi/lechenie-alkogolizma/vyvod-iz-zapoya/na-domu/metro/,/uslugi/vyvod-iz-zapoya/na-domu/moskva/,Вывод из запоя,metro,yes,moskva,metro,lokomotiv,P0,"Технический каталог metro, okrug или mo убран из публичного URL."
Вывод из запоя на дому — Ломоносовский проспект,/uslugi/lechenie-alkogolizma/vyvod-iz-zapoya/na-domu/metro/lomonosovskij-prospekt/,/uslugi/vyvod-iz-zapoya/na-domu/moskva/lomonosovskij-prospekt/,/uslugi/lechenie-alkogolizma/vyvod-iz-zapoya/na-domu/metro/,/uslugi/vyvod-iz-zapoya/na-domu/moskva/,Вывод из запоя,metro,yes,moskva,metro,lomonosovskij-prospekt,P0,"Технический каталог metro, okrug или mo убран из публичного URL."
Вывод из запоя на дому — Лубянка,/uslugi/lechenie-alkogolizma/vyvod-iz-zapoya/na-domu/metro/lubyanka/,/uslugi/vyvod-iz-zapoya/na-domu/moskva/lubyanka/,/uslugi/lechenie-alkogolizma/vyvod-iz-zapoya/na-domu/metro/,/uslugi/vyvod-iz-zapoya/na-domu/moskva/,Вывод из запоя,metro,yes,moskva,metro,lubyanka,P0,"Технический каталог metro, okrug или mo убран из публичного URL."
Вывод из запоя на дому — Лужники,/uslugi/lechenie-alkogolizma/vyvod-iz-zapoya/na-domu/metro/luzhniki/,/uslugi/vyvod-iz-zapoya/na-domu/moskva/luzhniki/,/uslugi/lechenie-alkogolizma/vyvod-iz-zapoya/na-domu/metro/,/uslugi/vyvod-iz-zapoya/na-domu/moskva/,Вывод из запоя,metro,yes,moskva,metro,luzhniki,P0,"Технический каталог metro, okrug или mo убран из публичного URL."
Вывод из запоя на дому — Люблино,/uslugi/lechenie-alkogolizma/vyvod-iz-zapoya/na-domu/metro/lyublino/,/uslugi/vyvod-iz-zapoya/na-domu/moskva/lyublino/,/uslugi/lechenie-alkogolizma/vyvod-iz-zapoya/na-domu/metro/,/uslugi/vyvod-iz-zapoya/na-domu/moskva/,Вывод из запоя,metro,yes,moskva,metro,lyublino,P0,"Технический каталог metro, okrug или mo убран из публичного URL."
Вывод из запоя на дому — Марьино,/uslugi/lechenie-alkogolizma/vyvod-iz-zapoya/na-domu/metro/marino/,/uslugi/vyvod-iz-zapoya/na-domu/moskva/marino/,/uslugi/lechenie-alkogolizma/vyvod-iz-zapoya/na-domu/metro/,/uslugi/vyvod-iz-zapoya/na-domu/moskva/,Вывод из запоя,metro,yes,moskva,metro,marino,P0,"Технический каталог metro, okrug или mo убран из публичного URL."
Вывод из запоя на дому — Марьина Роща,/uslugi/lechenie-alkogolizma/vyvod-iz-zapoya/na-domu/metro/marina-roshcha/,/uslugi/vyvod-iz-zapoya/na-domu/moskva/marina-roshcha/,/uslugi/lechenie-alkogolizma/vyvod-iz-zapoya/na-domu/metro/,/uslugi/vyvod-iz-zapoya/na-domu/moskva/,Вывод из запоя,metro,yes,moskva,metro,marina-roshcha,P0,"Технический каталог metro, okrug или mo убран из публичного URL."
Вывод из запоя на дому — Марксистская,/uslugi/lechenie-alkogolizma/vyvod-iz-zapoya/na-domu/metro/marksistskaya/,/uslugi/vyvod-iz-zapoya/na-domu/moskva/marksistskaya/,/uslugi/lechenie-alkogolizma/vyvod-iz-zapoya/na-domu/metro/,/uslugi/vyvod-iz-zapoya/na-domu/moskva/,Вывод из запоя,metro,yes,moskva,metro,marksistskaya,P0,"Технический каталог metro, okrug или mo убран из публичного URL."
Вывод из запоя на дому — Маяковская,/uslugi/lechenie-alkogolizma/vyvod-iz-zapoya/na-domu/metro/mayakovskaya/,/uslugi/vyvod-iz-zapoya/na-domu/moskva/mayakovskaya/,/uslugi/lechenie-alkogolizma/vyvod-iz-zapoya/na-domu/metro/,/uslugi/vyvod-iz-zapoya/na-domu/moskva/,Вывод из запоя,metro,yes,moskva,metro,mayakovskaya,P0,"Технический каталог metro, okrug или mo убран из публичного URL."
Вывод из запоя на дому — Медведково,/uslugi/lechenie-alkogolizma/vyvod-iz-zapoya/na-domu/metro/medvedkovo/,/uslugi/vyvod-iz-zapoya/na-domu/moskva/medvedkovo/,/uslugi/lechenie-alkogolizma/vyvod-iz-zapoya/na-domu/metro/,/uslugi/vyvod-iz-zapoya/na-domu/moskva/,Вывод из запоя,metro,yes,moskva,metro,medvedkovo,P0,"Технический каталог metro, okrug или mo убран из публичного URL."
Вывод из запоя на дому — Менделеевская,/uslugi/lechenie-alkogolizma/vyvod-iz-zapoya/na-domu/metro/mendeleevskaya/,/uslugi/vyvod-iz-zapoya/na-domu/moskva/mendeleevskaya/,/uslugi/lechenie-alkogolizma/vyvod-iz-zapoya/na-domu/metro/,/uslugi/vyvod-iz-zapoya/na-domu/moskva/,Вывод из запоя,metro,yes,moskva,metro,mendeleevskaya,P0,"Технический каталог metro, okrug или mo убран из публичного URL."
Вывод из запоя на дому — Международная,/uslugi/lechenie-alkogolizma/vyvod-iz-zapoya/na-domu/metro/mezhdunarodnaya/,/uslugi/vyvod-iz-zapoya/na-domu/moskva/mezhdunarodnaya/,/uslugi/lechenie-alkogolizma/vyvod-iz-zapoya/na-domu/metro/,/uslugi/vyvod-iz-zapoya/na-domu/moskva/,Вывод из запоя,metro,yes,moskva,metro,mezhdunarodnaya,P0,"Технический каталог metro, okrug или mo убран из публичного URL."
Вывод из запоя на дому — Минская,/uslugi/lechenie-alkogolizma/vyvod-iz-zapoya/na-domu/metro/minskaya/,/uslugi/vyvod-iz-zapoya/na-domu/moskva/minskaya/,/uslugi/lechenie-alkogolizma/vyvod-iz-zapoya/na-domu/metro/,/uslugi/vyvod-iz-zapoya/na-domu/moskva/,Вывод из запоя,metro,yes,moskva,metro,minskaya,P0,"Технический каталог metro, okrug или mo убран из публичного URL."
Вывод из запоя на дому — Молодёжная,/uslugi/lechenie-alkogolizma/vyvod-iz-zapoya/na-domu/metro/molodezhnaya/,/uslugi/vyvod-iz-zapoya/na-domu/moskva/molodezhnaya/,/uslugi/lechenie-alkogolizma/vyvod-iz-zapoya/na-domu/metro/,/uslugi/vyvod-iz-zapoya/na-domu/moskva/,Вывод из запоя,metro,yes,moskva,metro,molodezhnaya,P0,"Технический каталог metro, okrug или mo убран из публичного URL."
Вывод из запоя на дому — Мякинино,/uslugi/lechenie-alkogolizma/vyvod-iz-zapoya/na-domu/metro/myakinino/,/uslugi/vyvod-iz-zapoya/na-domu/moskva/myakinino/,/uslugi/lechenie-alkogolizma/vyvod-iz-zapoya/na-domu/metro/,/uslugi/vyvod-iz-zapoya/na-domu/moskva/,Вывод из запоя,metro,yes,moskva,metro,myakinino,P0,"Технический каталог metro, okrug или mo убран из публичного URL."
Вывод из запоя на дому — Нагатинская,/uslugi/lechenie-alkogolizma/vyvod-iz-zapoya/na-domu/metro/nagatinskaya/,/uslugi/vyvod-iz-zapoya/na-domu/moskva/nagatinskaya/,/uslugi/lechenie-alkogolizma/vyvod-iz-zapoya/na-domu/metro/,/uslugi/vyvod-iz-zapoya/na-domu/moskva/,Вывод из запоя,metro,yes,moskva,metro,nagatinskaya,P0,"Технический каталог metro, okrug или mo убран из публичного URL."
Вывод из запоя на дому — Нагорная,/uslugi/lechenie-alkogolizma/vyvod-iz-zapoya/na-domu/metro/nagornaya/,/uslugi/vyvod-iz-zapoya/na-domu/moskva/nagornaya/,/uslugi/lechenie-alkogolizma/vyvod-iz-zapoya/na-domu/metro/,/uslugi/vyvod-iz-zapoya/na-domu/moskva/,Вывод из запоя,metro,yes,moskva,metro,nagornaya,P0,"Технический каталог metro, okrug или mo убран из публичного URL."
Вывод из запоя на дому — Нахимовский проспект,/uslugi/lechenie-alkogolizma/vyvod-iz-zapoya/na-domu/metro/nahimovskij-prospekt/,/uslugi/vyvod-iz-zapoya/na-domu/moskva/nahimovskij-prospekt/,/uslugi/lechenie-alkogolizma/vyvod-iz-zapoya/na-domu/metro/,/uslugi/vyvod-iz-zapoya/na-domu/moskva/,Вывод из запоя,metro,yes,moskva,metro,nahimovskij-prospekt,P0,"Технический каталог metro, okrug или mo убран из публичного URL."
Вывод из запоя на дому — Нижегородская,/uslugi/lechenie-alkogolizma/vyvod-iz-zapoya/na-domu/metro/nizhegorodskaya/,/uslugi/vyvod-iz-zapoya/na-domu/moskva/nizhegorodskaya/,/uslugi/lechenie-alkogolizma/vyvod-iz-zapoya/na-domu/metro/,/uslugi/vyvod-iz-zapoya/na-domu/moskva/,Вывод из запоя,metro,yes,moskva,metro,nizhegorodskaya,P0,"Технический каталог metro, okrug или mo убран из публичного URL."
Вывод из запоя на дому — Новогиреево,/uslugi/lechenie-alkogolizma/vyvod-iz-zapoya/na-domu/metro/novogireevo/,/uslugi/vyvod-iz-zapoya/na-domu/moskva/novogireevo/,/uslugi/lechenie-alkogolizma/vyvod-iz-zapoya/na-domu/metro/,/uslugi/vyvod-iz-zapoya/na-domu/moskva/,Вывод из запоя,metro,yes,moskva,metro,novogireevo,P0,"Технический каталог metro, okrug или mo убран из публичного URL."
Вывод из запоя на дому — Новохохловская,/uslugi/lechenie-alkogolizma/vyvod-iz-zapoya/na-domu/metro/novohohlovskaya/,/uslugi/vyvod-iz-zapoya/na-domu/moskva/novohohlovskaya/,/uslugi/lechenie-alkogolizma/vyvod-iz-zapoya/na-domu/metro/,/uslugi/vyvod-iz-zapoya/na-domu/moskva/,Вывод из запоя,metro,yes,moskva,metro,novohohlovskaya,P0,"Технический каталог metro, okrug или mo убран из публичного URL."
Вывод из запоя на дому — Новокосино,/uslugi/lechenie-alkogolizma/vyvod-iz-zapoya/na-domu/metro/novokosino/,/uslugi/vyvod-iz-zapoya/na-domu/moskva/novokosino/,/uslugi/lechenie-alkogolizma/vyvod-iz-zapoya/na-domu/metro/,/uslugi/vyvod-iz-zapoya/na-domu/moskva/,Вывод из запоя,metro,yes,moskva,metro,novokosino,P0,"Технический каталог metro, okrug или mo убран из публичного URL."
Вывод из запоя на дому — Новокузнецкая,/uslugi/lechenie-alkogolizma/vyvod-iz-zapoya/na-domu/metro/novokuzneckaya/,/uslugi/vyvod-iz-zapoya/na-domu/moskva/novokuzneckaya/,/uslugi/lechenie-alkogolizma/vyvod-iz-zapoya/na-domu/metro/,/uslugi/vyvod-iz-zapoya/na-domu/moskva/,Вывод из запоя,metro,yes,moskva,metro,novokuzneckaya,P0,"Технический каталог metro, okrug или mo убран из публичного URL."
Вывод из запоя на дому — Новослободская,/uslugi/lechenie-alkogolizma/vyvod-iz-zapoya/na-domu/metro/novoslobodskaya/,/uslugi/vyvod-iz-zapoya/na-domu/moskva/novoslobodskaya/,/uslugi/lechenie-alkogolizma/vyvod-iz-zapoya/na-domu/metro/,/uslugi/vyvod-iz-zapoya/na-domu/moskva/,Вывод из запоя,metro,yes,moskva,metro,novoslobodskaya,P0,"Технический каталог metro, okrug или mo убран из публичного URL."
Вывод из запоя на дому — Новоясеневская,/uslugi/lechenie-alkogolizma/vyvod-iz-zapoya/na-domu/metro/novoyasenevskaya/,/uslugi/vyvod-iz-zapoya/na-domu/moskva/novoyasenevskaya/,/uslugi/lechenie-alkogolizma/vyvod-iz-zapoya/na-domu/metro/,/uslugi/vyvod-iz-zapoya/na-domu/moskva/,Вывод из запоя,metro,yes,moskva,metro,novoyasenevskaya,P0,"Технический каталог metro, okrug или mo убран из публичного URL."
Вывод из запоя на дому — Новые Черёмушки,/uslugi/lechenie-alkogolizma/vyvod-iz-zapoya/na-domu/metro/novye-cheremushki/,/uslugi/vyvod-iz-zapoya/na-domu/moskva/novye-cheremushki/,/uslugi/lechenie-alkogolizma/vyvod-iz-zapoya/na-domu/metro/,/uslugi/vyvod-iz-zapoya/na-domu/moskva/,Вывод из запоя,metro,yes,moskva,metro,novye-cheremushki,P0,"Технический каталог metro, okrug или mo убран из публичного URL."
Вывод из запоя на дому — Охотный Ряд,/uslugi/lechenie-alkogolizma/vyvod-iz-zapoya/na-domu/metro/ohotnyj-ryad/,/uslugi/vyvod-iz-zapoya/na-domu/moskva/ohotnyj-ryad/,/uslugi/lechenie-alkogolizma/vyvod-iz-zapoya/na-domu/metro/,/uslugi/vyvod-iz-zapoya/na-domu/moskva/,Вывод из запоя,metro,yes,moskva,metro,ohotnyj-ryad,P0,"Технический каталог metro, okrug или mo убран из публичного URL."
Вывод из запоя на дому — Окружная,/uslugi/lechenie-alkogolizma/vyvod-iz-zapoya/na-domu/metro/okruzhnaya/,/uslugi/vyvod-iz-zapoya/na-domu/moskva/okruzhnaya/,/uslugi/lechenie-alkogolizma/vyvod-iz-zapoya/na-domu/metro/,/uslugi/vyvod-iz-zapoya/na-domu/moskva/,Вывод из запоя,metro,yes,moskva,metro,okruzhnaya,P0,"Технический каталог metro, okrug или mo убран из публичного URL."
Вывод из запоя на дому — Октябрьское Поле,/uslugi/lechenie-alkogolizma/vyvod-iz-zapoya/na-domu/metro/oktyabrskoe-pole/,/uslugi/vyvod-iz-zapoya/na-domu/moskva/oktyabrskoe-pole/,/uslugi/lechenie-alkogolizma/vyvod-iz-zapoya/na-domu/metro/,/uslugi/vyvod-iz-zapoya/na-domu/moskva/,Вывод из запоя,metro,yes,moskva,metro,oktyabrskoe-pole,P0,"Технический каталог metro, okrug или mo убран из публичного URL."
Вывод из запоя на дому — Октябрьская,/uslugi/lechenie-alkogolizma/vyvod-iz-zapoya/na-domu/metro/oktyabrskaya/,/uslugi/vyvod-iz-zapoya/na-domu/moskva/oktyabrskaya/,/uslugi/lechenie-alkogolizma/vyvod-iz-zapoya/na-domu/metro/,/uslugi/vyvod-iz-zapoya/na-domu/moskva/,Вывод из запоя,metro,yes,moskva,metro,oktyabrskaya,P0,"Технический каталог metro, okrug или mo убран из публичного URL."
Вывод из запоя на дому — Орехово,/uslugi/lechenie-alkogolizma/vyvod-iz-zapoya/na-domu/metro/orehovo/,/uslugi/vyvod-iz-zapoya/na-domu/moskva/orehovo/,/uslugi/lechenie-alkogolizma/vyvod-iz-zapoya/na-domu/metro/,/uslugi/vyvod-iz-zapoya/na-domu/moskva/,Вывод из запоя,metro,yes,moskva,metro,orehovo,P0,"Технический каталог metro, okrug или mo убран из публичного URL."
Вывод из запоя на дому — Отрадное,/uslugi/lechenie-alkogolizma/vyvod-iz-zapoya/na-domu/metro/otradnoe/,/uslugi/vyvod-iz-zapoya/na-domu/moskva/otradnoe/,/uslugi/lechenie-alkogolizma/vyvod-iz-zapoya/na-domu/metro/,/uslugi/vyvod-iz-zapoya/na-domu/moskva/,Вывод из запоя,metro,yes,moskva,metro,otradnoe,P0,"Технический каталог metro, okrug или mo убран из публичного URL."
Вывод из запоя на дому — Панфиловская,/uslugi/lechenie-alkogolizma/vyvod-iz-zapoya/na-domu/metro/panfilovskaya/,/uslugi/vyvod-iz-zapoya/na-domu/moskva/panfilovskaya/,/uslugi/lechenie-alkogolizma/vyvod-iz-zapoya/na-domu/metro/,/uslugi/vyvod-iz-zapoya/na-domu/moskva/,Вывод из запоя,metro,yes,moskva,metro,panfilovskaya,P0,"Технический каталог metro, okrug или mo убран из публичного URL."
Вывод из запоя на дому — Парк культуры,/uslugi/lechenie-alkogolizma/vyvod-iz-zapoya/na-domu/metro/park-kultury/,/uslugi/vyvod-iz-zapoya/na-domu/moskva/park-kultury/,/uslugi/lechenie-alkogolizma/vyvod-iz-zapoya/na-domu/metro/,/uslugi/vyvod-iz-zapoya/na-domu/moskva/,Вывод из запоя,metro,yes,moskva,metro,park-kultury,P0,"Технический каталог metro, okrug или mo убран из публичного URL."
Вывод из запоя на дому — Парк Победы,/uslugi/lechenie-alkogolizma/vyvod-iz-zapoya/na-domu/metro/park-pobedy/,/uslugi/vyvod-iz-zapoya/na-domu/moskva/park-pobedy/,/uslugi/lechenie-alkogolizma/vyvod-iz-zapoya/na-domu/metro/,/uslugi/vyvod-iz-zapoya/na-domu/moskva/,Вывод из запоя,metro,yes,moskva,metro,park-pobedy,P0,"Технический каталог metro, okrug или mo убран из публичного URL."
Вывод из запоя на дому — Партизанская,/uslugi/lechenie-alkogolizma/vyvod-iz-zapoya/na-domu/metro/partizanskaya/,/uslugi/vyvod-iz-zapoya/na-domu/moskva/partizanskaya/,/uslugi/lechenie-alkogolizma/vyvod-iz-zapoya/na-domu/metro/,/uslugi/vyvod-iz-zapoya/na-domu/moskva/,Вывод из запоя,metro,yes,moskva,metro,partizanskaya,P0,"Технический каталог metro, okrug или mo убран из публичного URL."
Вывод из запоя на дому — Павелецкая,/uslugi/lechenie-alkogolizma/vyvod-iz-zapoya/na-domu/metro/paveleckaya/,/uslugi/vyvod-iz-zapoya/na-domu/moskva/paveleckaya/,/uslugi/lechenie-alkogolizma/vyvod-iz-zapoya/na-domu/metro/,/uslugi/vyvod-iz-zapoya/na-domu/moskva/,Вывод из запоя,metro,yes,moskva,metro,paveleckaya,P0,"Технический каталог metro, okrug или mo убран из публичного URL."
Вывод из запоя на дому — Печатники,/uslugi/lechenie-alkogolizma/vyvod-iz-zapoya/na-domu/metro/pechatniki/,/uslugi/vyvod-iz-zapoya/na-domu/moskva/pechatniki/,/uslugi/lechenie-alkogolizma/vyvod-iz-zapoya/na-domu/metro/,/uslugi/vyvod-iz-zapoya/na-domu/moskva/,Вывод из запоя,metro,yes,moskva,metro,pechatniki,P0,"Технический каталог metro, okrug или mo убран из публичного URL."
Вывод из запоя на дому — Перово,/uslugi/lechenie-alkogolizma/vyvod-iz-zapoya/na-domu/metro/perovo/,/uslugi/vyvod-iz-zapoya/na-domu/moskva/perovo/,/uslugi/lechenie-alkogolizma/vyvod-iz-zapoya/na-domu/metro/,/uslugi/vyvod-iz-zapoya/na-domu/moskva/,Вывод из запоя,metro,yes,moskva,metro,perovo,P0,"Технический каталог metro, okrug или mo убран из публичного URL."
Вывод из запоя на дому — Первомайская,/uslugi/lechenie-alkogolizma/vyvod-iz-zapoya/na-domu/metro/pervomajskaya/,/uslugi/vyvod-iz-zapoya/na-domu/moskva/pervomajskaya/,/uslugi/lechenie-alkogolizma/vyvod-iz-zapoya/na-domu/metro/,/uslugi/vyvod-iz-zapoya/na-domu/moskva/,Вывод из запоя,metro,yes,moskva,metro,pervomajskaya,P0,"Технический каталог metro, okrug или mo убран из публичного URL."
Вывод из запоя на дому — Петровский парк,/uslugi/lechenie-alkogolizma/vyvod-iz-zapoya/na-domu/metro/petrovskij-park/,/uslugi/vyvod-iz-zapoya/na-domu/moskva/petrovskij-park/,/uslugi/lechenie-alkogolizma/vyvod-iz-zapoya/na-domu/metro/,/uslugi/vyvod-iz-zapoya/na-domu/moskva/,Вывод из запоя,metro,yes,moskva,metro,petrovskij-park,P0,"Технический каталог metro, okrug или mo убран из публичного URL."
Вывод из запоя на дому — Петровско-Разумовская,/uslugi/lechenie-alkogolizma/vyvod-iz-zapoya/na-domu/metro/petrovsko-razumovskaya/,/uslugi/vyvod-iz-zapoya/na-domu/moskva/petrovsko-razumovskaya/,/uslugi/lechenie-alkogolizma/vyvod-iz-zapoya/na-domu/metro/,/uslugi/vyvod-iz-zapoya/na-domu/moskva/,Вывод из запоя,metro,yes,moskva,metro,petrovsko-razumovskaya,P0,"Технический каталог metro, okrug или mo убран из публичного URL."
Вывод из запоя на дому — Пионерская,/uslugi/lechenie-alkogolizma/vyvod-iz-zapoya/na-domu/metro/pionerskaya/,/uslugi/vyvod-iz-zapoya/na-domu/moskva/pionerskaya/,/uslugi/lechenie-alkogolizma/vyvod-iz-zapoya/na-domu/metro/,/uslugi/vyvod-iz-zapoya/na-domu/moskva/,Вывод из запоя,metro,yes,moskva,metro,pionerskaya,P0,"Технический каталог metro, okrug или mo убран из публичного URL."
Вывод из запоя на дому — Планерная,/uslugi/lechenie-alkogolizma/vyvod-iz-zapoya/na-domu/metro/planernaya/,/uslugi/vyvod-iz-zapoya/na-domu/moskva/planernaya/,/uslugi/lechenie-alkogolizma/vyvod-iz-zapoya/na-domu/metro/,/uslugi/vyvod-iz-zapoya/na-domu/moskva/,Вывод из запоя,metro,yes,moskva,metro,planernaya,P0,"Технический каталог metro, okrug или mo убран из публичного URL."
Вывод из запоя на дому — Площадь Гагарина,/uslugi/lechenie-alkogolizma/vyvod-iz-zapoya/na-domu/metro/ploshchad-gagarina/,/uslugi/vyvod-iz-zapoya/na-domu/moskva/ploshchad-gagarina/,/uslugi/lechenie-alkogolizma/vyvod-iz-zapoya/na-domu/metro/,/uslugi/vyvod-iz-zapoya/na-domu/moskva/,Вывод из запоя,metro,yes,moskva,metro,ploshchad-gagarina,P0,"Технический каталог metro, okrug или mo убран из публичного URL."
Вывод из запоя на дому — Площадь Ильича,/uslugi/lechenie-alkogolizma/vyvod-iz-zapoya/na-domu/metro/ploshchad-ilicha/,/uslugi/vyvod-iz-zapoya/na-domu/moskva/ploshchad-ilicha/,/uslugi/lechenie-alkogolizma/vyvod-iz-zapoya/na-domu/metro/,/uslugi/vyvod-iz-zapoya/na-domu/moskva/,Вывод из запоя,metro,yes,moskva,metro,ploshchad-ilicha,P0,"Технический каталог metro, okrug или mo убран из публичного URL."
Вывод из запоя на дому — Площадь Революции,/uslugi/lechenie-alkogolizma/vyvod-iz-zapoya/na-domu/metro/ploshchad-revolyucii/,/uslugi/vyvod-iz-zapoya/na-domu/moskva/ploshchad-revolyucii/,/uslugi/lechenie-alkogolizma/vyvod-iz-zapoya/na-domu/metro/,/uslugi/vyvod-iz-zapoya/na-domu/moskva/,Вывод из запоя,metro,yes,moskva,metro,ploshchad-revolyucii,P0,"Технический каталог metro, okrug или mo убран из публичного URL."
Вывод из запоя на дому — Полежаевская,/uslugi/lechenie-alkogolizma/vyvod-iz-zapoya/na-domu/metro/polezhaevskaya/,/uslugi/vyvod-iz-zapoya/na-domu/moskva/polezhaevskaya/,/uslugi/lechenie-alkogolizma/vyvod-iz-zapoya/na-domu/metro/,/uslugi/vyvod-iz-zapoya/na-domu/moskva/,Вывод из запоя,metro,yes,moskva,metro,polezhaevskaya,P0,"Технический каталог metro, okrug или mo убран из публичного URL."
Вывод из запоя на дому — Полянка,/uslugi/lechenie-alkogolizma/vyvod-iz-zapoya/na-domu/metro/polyanka/,/uslugi/vyvod-iz-zapoya/na-domu/moskva/polyanka/,/uslugi/lechenie-alkogolizma/vyvod-iz-zapoya/na-domu/metro/,/uslugi/vyvod-iz-zapoya/na-domu/moskva/,Вывод из запоя,metro,yes,moskva,metro,polyanka,P0,"Технический каталог metro, okrug или mo убран из публичного URL."
Вывод из запоя на дому — Пражская,/uslugi/lechenie-alkogolizma/vyvod-iz-zapoya/na-domu/metro/prazhskaya/,/uslugi/vyvod-iz-zapoya/na-domu/moskva/prazhskaya/,/uslugi/lechenie-alkogolizma/vyvod-iz-zapoya/na-domu/metro/,/uslugi/vyvod-iz-zapoya/na-domu/moskva/,Вывод из запоя,metro,yes,moskva,metro,prazhskaya,P0,"Технический каталог metro, okrug или mo убран из публичного URL."
Вывод из запоя на дому — Преображенская площадь,/uslugi/lechenie-alkogolizma/vyvod-iz-zapoya/na-domu/metro/preobrazhenskaya-ploshchad/,/uslugi/vyvod-iz-zapoya/na-domu/moskva/preobrazhenskaya-ploshchad/,/uslugi/lechenie-alkogolizma/vyvod-iz-zapoya/na-domu/metro/,/uslugi/vyvod-iz-zapoya/na-domu/moskva/,Вывод из запоя,metro,yes,moskva,metro,preobrazhenskaya-ploshchad,P0,"Технический каталог metro, okrug или mo убран из публичного URL."
Вывод из запоя на дому — Профсоюзная,/uslugi/lechenie-alkogolizma/vyvod-iz-zapoya/na-domu/metro/profsoyuznaya/,/uslugi/vyvod-iz-zapoya/na-domu/moskva/profsoyuznaya/,/uslugi/lechenie-alkogolizma/vyvod-iz-zapoya/na-domu/metro/,/uslugi/vyvod-iz-zapoya/na-domu/moskva/,Вывод из запоя,metro,yes,moskva,metro,profsoyuznaya,P0,"Технический каталог metro, okrug или mo убран из публичного URL."
Вывод из запоя на дому — Пролетарская,/uslugi/lechenie-alkogolizma/vyvod-iz-zapoya/na-domu/metro/proletarskaya/,/uslugi/vyvod-iz-zapoya/na-domu/moskva/proletarskaya/,/uslugi/lechenie-alkogolizma/vyvod-iz-zapoya/na-domu/metro/,/uslugi/vyvod-iz-zapoya/na-domu/moskva/,Вывод из запоя,metro,yes,moskva,metro,proletarskaya,P0,"Технический каталог metro, okrug или mo убран из публичного URL."
Вывод из запоя на дому — Проспект Мира,/uslugi/lechenie-alkogolizma/vyvod-iz-zapoya/na-domu/metro/prospekt-mira/,/uslugi/vyvod-iz-zapoya/na-domu/moskva/prospekt-mira/,/uslugi/lechenie-alkogolizma/vyvod-iz-zapoya/na-domu/metro/,/uslugi/vyvod-iz-zapoya/na-domu/moskva/,Вывод из запоя,metro,yes,moskva,metro,prospekt-mira,P0,"Технический каталог metro, okrug или mo убран из публичного URL."
Вывод из запоя на дому — Проспект Вернадского,/uslugi/lechenie-alkogolizma/vyvod-iz-zapoya/na-domu/metro/prospekt-vernadskogo/,/uslugi/vyvod-iz-zapoya/na-domu/moskva/prospekt-vernadskogo/,/uslugi/lechenie-alkogolizma/vyvod-iz-zapoya/na-domu/metro/,/uslugi/vyvod-iz-zapoya/na-domu/moskva/,Вывод из запоя,metro,yes,moskva,metro,prospekt-vernadskogo,P0,"Технический каталог metro, okrug или mo убран из публичного URL."
Вывод из запоя на дому — Пушкинская,/uslugi/lechenie-alkogolizma/vyvod-iz-zapoya/na-domu/metro/pushkinskaya/,/uslugi/vyvod-iz-zapoya/na-domu/moskva/pushkinskaya/,/uslugi/lechenie-alkogolizma/vyvod-iz-zapoya/na-domu/metro/,/uslugi/vyvod-iz-zapoya/na-domu/moskva/,Вывод из запоя,metro,yes,moskva,metro,pushkinskaya,P0,"Технический каталог metro, okrug или mo убран из публичного URL."
Вывод из запоя на дому — Пятницкое шоссе,/uslugi/lechenie-alkogolizma/vyvod-iz-zapoya/na-domu/metro/pyatnickoe-shosse/,/uslugi/vyvod-iz-zapoya/na-domu/moskva/pyatnickoe-shosse/,/uslugi/lechenie-alkogolizma/vyvod-iz-zapoya/na-domu/metro/,/uslugi/vyvod-iz-zapoya/na-domu/moskva/,Вывод из запоя,metro,yes,moskva,metro,pyatnickoe-shosse,P0,"Технический каталог metro, okrug или mo убран из публичного URL."
Вывод из запоя на дому — Раменки,/uslugi/lechenie-alkogolizma/vyvod-iz-zapoya/na-domu/metro/ramenki/,/uslugi/vyvod-iz-zapoya/na-domu/moskva/ramenki/,/uslugi/lechenie-alkogolizma/vyvod-iz-zapoya/na-domu/metro/,/uslugi/vyvod-iz-zapoya/na-domu/moskva/,Вывод из запоя,metro,yes,moskva,metro,ramenki,P0,"Технический каталог metro, okrug или mo убран из публичного URL."
Вывод из запоя на дому — Речной вокзал,/uslugi/lechenie-alkogolizma/vyvod-iz-zapoya/na-domu/metro/rechnoj-vokzal/,/uslugi/vyvod-iz-zapoya/na-domu/moskva/rechnoj-vokzal/,/uslugi/lechenie-alkogolizma/vyvod-iz-zapoya/na-domu/metro/,/uslugi/vyvod-iz-zapoya/na-domu/moskva/,Вывод из запоя,metro,yes,moskva,metro,rechnoj-vokzal,P0,"Технический каталог metro, okrug или mo убран из публичного URL."
Вывод из запоя на дому — Римская,/uslugi/lechenie-alkogolizma/vyvod-iz-zapoya/na-domu/metro/rimskaya/,/uslugi/vyvod-iz-zapoya/na-domu/moskva/rimskaya/,/uslugi/lechenie-alkogolizma/vyvod-iz-zapoya/na-domu/metro/,/uslugi/vyvod-iz-zapoya/na-domu/moskva/,Вывод из запоя,metro,yes,moskva,metro,rimskaya,P0,"Технический каталог metro, okrug или mo убран из публичного URL."
Вывод из запоя на дому — Рижская,/uslugi/lechenie-alkogolizma/vyvod-iz-zapoya/na-domu/metro/rizhskaya/,/uslugi/vyvod-iz-zapoya/na-domu/moskva/rizhskaya/,/uslugi/lechenie-alkogolizma/vyvod-iz-zapoya/na-domu/metro/,/uslugi/vyvod-iz-zapoya/na-domu/moskva/,Вывод из запоя,metro,yes,moskva,metro,rizhskaya,P0,"Технический каталог metro, okrug или mo убран из публичного URL."
Вывод из запоя на дому — Ростокино,/uslugi/lechenie-alkogolizma/vyvod-iz-zapoya/na-domu/metro/rostokino/,/uslugi/vyvod-iz-zapoya/na-domu/moskva/rostokino/,/uslugi/lechenie-alkogolizma/vyvod-iz-zapoya/na-domu/metro/,/uslugi/vyvod-iz-zapoya/na-domu/moskva/,Вывод из запоя,metro,yes,moskva,metro,rostokino,P0,"Технический каталог metro, okrug или mo убран из публичного URL."
Вывод из запоя на дому — Румянцево,/uslugi/lechenie-alkogolizma/vyvod-iz-zapoya/na-domu/metro/rumyancevo/,/uslugi/vyvod-iz-zapoya/na-domu/moskva/rumyancevo/,/uslugi/lechenie-alkogolizma/vyvod-iz-zapoya/na-domu/metro/,/uslugi/vyvod-iz-zapoya/na-domu/moskva/,Вывод из запоя,metro,yes,moskva,metro,rumyancevo,P0,"Технический каталог metro, okrug или mo убран из публичного URL."
Вывод из запоя на дому — Рязанский проспект,/uslugi/lechenie-alkogolizma/vyvod-iz-zapoya/na-domu/metro/ryazanskij-prospekt/,/uslugi/vyvod-iz-zapoya/na-domu/moskva/ryazanskij-prospekt/,/uslugi/lechenie-alkogolizma/vyvod-iz-zapoya/na-domu/metro/,/uslugi/vyvod-iz-zapoya/na-domu/moskva/,Вывод из запоя,metro,yes,moskva,metro,ryazanskij-prospekt,P0,"Технический каталог metro, okrug или mo убран из публичного URL."
Вывод из запоя на дому — Саларьево,/uslugi/lechenie-alkogolizma/vyvod-iz-zapoya/na-domu/metro/salarevo/,/uslugi/vyvod-iz-zapoya/na-domu/moskva/salarevo/,/uslugi/lechenie-alkogolizma/vyvod-iz-zapoya/na-domu/metro/,/uslugi/vyvod-iz-zapoya/na-domu/moskva/,Вывод из запоя,metro,yes,moskva,metro,salarevo,P0,"Технический каталог metro, okrug или mo убран из публичного URL."
Вывод из запоя на дому — Савёловская,/uslugi/lechenie-alkogolizma/vyvod-iz-zapoya/na-domu/metro/savelovskaya/,/uslugi/vyvod-iz-zapoya/na-domu/moskva/savelovskaya/,/uslugi/lechenie-alkogolizma/vyvod-iz-zapoya/na-domu/metro/,/uslugi/vyvod-iz-zapoya/na-domu/moskva/,Вывод из запоя,metro,yes,moskva,metro,savelovskaya,P0,"Технический каталог metro, okrug или mo убран из публичного URL."
Вывод из запоя на дому — Селигерская,/uslugi/lechenie-alkogolizma/vyvod-iz-zapoya/na-domu/metro/seligerskaya/,/uslugi/vyvod-iz-zapoya/na-domu/moskva/seligerskaya/,/uslugi/lechenie-alkogolizma/vyvod-iz-zapoya/na-domu/metro/,/uslugi/vyvod-iz-zapoya/na-domu/moskva/,Вывод из запоя,metro,yes,moskva,metro,seligerskaya,P0,"Технический каталог metro, okrug или mo убран из публичного URL."
Вывод из запоя на дому — Семёновская,/uslugi/lechenie-alkogolizma/vyvod-iz-zapoya/na-domu/metro/semenovskaya/,/uslugi/vyvod-iz-zapoya/na-domu/moskva/semenovskaya/,/uslugi/lechenie-alkogolizma/vyvod-iz-zapoya/na-domu/metro/,/uslugi/vyvod-iz-zapoya/na-domu/moskva/,Вывод из запоя,metro,yes,moskva,metro,semenovskaya,P0,"Технический каталог metro, okrug или mo убран из публичного URL."
Вывод из запоя на дому — Серпуховская,/uslugi/lechenie-alkogolizma/vyvod-iz-zapoya/na-domu/metro/serpuhovskaya/,/uslugi/vyvod-iz-zapoya/na-domu/moskva/serpuhovskaya/,/uslugi/lechenie-alkogolizma/vyvod-iz-zapoya/na-domu/metro/,/uslugi/vyvod-iz-zapoya/na-domu/moskva/,Вывод из запоя,metro,yes,moskva,metro,serpuhovskaya,P0,"Технический каталог metro, okrug или mo убран из публичного URL."
Вывод из запоя на дому — Севастопольская,/uslugi/lechenie-alkogolizma/vyvod-iz-zapoya/na-domu/metro/sevastopolskaya/,/uslugi/vyvod-iz-zapoya/na-domu/moskva/sevastopolskaya/,/uslugi/lechenie-alkogolizma/vyvod-iz-zapoya/na-domu/metro/,/uslugi/vyvod-iz-zapoya/na-domu/moskva/,Вывод из запоя,metro,yes,moskva,metro,sevastopolskaya,P0,"Технический каталог metro, okrug или mo убран из публичного URL."
Вывод из запоя на дому — Шаболовская,/uslugi/lechenie-alkogolizma/vyvod-iz-zapoya/na-domu/metro/shabolovskaya/,/uslugi/vyvod-iz-zapoya/na-domu/moskva/shabolovskaya/,/uslugi/lechenie-alkogolizma/vyvod-iz-zapoya/na-domu/metro/,/uslugi/vyvod-iz-zapoya/na-domu/moskva/,Вывод из запоя,metro,yes,moskva,metro,shabolovskaya,P0,"Технический каталог metro, okrug или mo убран из публичного URL."
Вывод из запоя на дому — Шелепиха,/uslugi/lechenie-alkogolizma/vyvod-iz-zapoya/na-domu/metro/shelepiha/,/uslugi/vyvod-iz-zapoya/na-domu/moskva/shelepiha/,/uslugi/lechenie-alkogolizma/vyvod-iz-zapoya/na-domu/metro/,/uslugi/vyvod-iz-zapoya/na-domu/moskva/,Вывод из запоя,metro,yes,moskva,metro,shelepiha,P0,"Технический каталог metro, okrug или mo убран из публичного URL."
Вывод из запоя на дому — Щукинская,/uslugi/lechenie-alkogolizma/vyvod-iz-zapoya/na-domu/metro/shchukinskaya/,/uslugi/vyvod-iz-zapoya/na-domu/moskva/shchukinskaya/,/uslugi/lechenie-alkogolizma/vyvod-iz-zapoya/na-domu/metro/,/uslugi/vyvod-iz-zapoya/na-domu/moskva/,Вывод из запоя,metro,yes,moskva,metro,shchukinskaya,P0,"Технический каталог metro, okrug или mo убран из публичного URL."
Вывод из запоя на дому — Щёлковская,/uslugi/lechenie-alkogolizma/vyvod-iz-zapoya/na-domu/metro/shchelkovskaya/,/uslugi/vyvod-iz-zapoya/na-domu/moskva/shchelkovskaya/,/uslugi/lechenie-alkogolizma/vyvod-iz-zapoya/na-domu/metro/,/uslugi/vyvod-iz-zapoya/na-domu/moskva/,Вывод из запоя,metro,yes,moskva,metro,shchelkovskaya,P0,"Технический каталог metro, okrug или mo убран из публичного URL."
Вывод из запоя на дому — Шипиловская,/uslugi/lechenie-alkogolizma/vyvod-iz-zapoya/na-domu/metro/shipilovskaya/,/uslugi/vyvod-iz-zapoya/na-domu/moskva/shipilovskaya/,/uslugi/lechenie-alkogolizma/vyvod-iz-zapoya/na-domu/metro/,/uslugi/vyvod-iz-zapoya/na-domu/moskva/,Вывод из запоя,metro,yes,moskva,metro,shipilovskaya,P0,"Технический каталог metro, okrug или mo убран из публичного URL."
Вывод из запоя на дому — Сходненская,/uslugi/lechenie-alkogolizma/vyvod-iz-zapoya/na-domu/metro/shodnenskaya/,/uslugi/vyvod-iz-zapoya/na-domu/moskva/shodnenskaya/,/uslugi/lechenie-alkogolizma/vyvod-iz-zapoya/na-domu/metro/,/uslugi/vyvod-iz-zapoya/na-domu/moskva/,Вывод из запоя,metro,yes,moskva,metro,shodnenskaya,P0,"Технический каталог metro, okrug или mo убран из публичного URL."
Вывод из запоя на дому — Шоссе Энтузиастов,/uslugi/lechenie-alkogolizma/vyvod-iz-zapoya/na-domu/metro/shosse-entuziastov/,/uslugi/vyvod-iz-zapoya/na-domu/moskva/shosse-entuziastov/,/uslugi/lechenie-alkogolizma/vyvod-iz-zapoya/na-domu/metro/,/uslugi/vyvod-iz-zapoya/na-domu/moskva/,Вывод из запоя,metro,yes,moskva,metro,shosse-entuziastov,P0,"Технический каталог metro, okrug или mo убран из публичного URL."
Вывод из запоя на дому — Улица Скобелевская,/uslugi/lechenie-alkogolizma/vyvod-iz-zapoya/na-domu/metro/ulica-skobelevskaya/,/uslugi/vyvod-iz-zapoya/na-domu/moskva/ulica-skobelevskaya/,/uslugi/lechenie-alkogolizma/vyvod-iz-zapoya/na-domu/metro/,/uslugi/vyvod-iz-zapoya/na-domu/moskva/,Вывод из запоя,metro,yes,moskva,metro,ulica-skobelevskaya,P0,"Технический каталог metro, okrug или mo убран из публичного URL."
Вывод из запоя на дому — Славянский бульвар,/uslugi/lechenie-alkogolizma/vyvod-iz-zapoya/na-domu/metro/slavyanskij-bulvar/,/uslugi/vyvod-iz-zapoya/na-domu/moskva/slavyanskij-bulvar/,/uslugi/lechenie-alkogolizma/vyvod-iz-zapoya/na-domu/metro/,/uslugi/vyvod-iz-zapoya/na-domu/moskva/,Вывод из запоя,metro,yes,moskva,metro,slavyanskij-bulvar,P0,"Технический каталог metro, okrug или mo убран из публичного URL."
Вывод из запоя на дому — Смоленская,/uslugi/lechenie-alkogolizma/vyvod-iz-zapoya/na-domu/metro/smolenskaya/,/uslugi/vyvod-iz-zapoya/na-domu/moskva/smolenskaya/,/uslugi/lechenie-alkogolizma/vyvod-iz-zapoya/na-domu/metro/,/uslugi/vyvod-iz-zapoya/na-domu/moskva/,Вывод из запоя,metro,yes,moskva,metro,smolenskaya,P0,"Технический каталог metro, okrug или mo убран из публичного URL."
Вывод из запоя на дому — Сокол,/uslugi/lechenie-alkogolizma/vyvod-iz-zapoya/na-domu/metro/sokol/,/uslugi/vyvod-iz-zapoya/na-domu/moskva/sokol/,/uslugi/lechenie-alkogolizma/vyvod-iz-zapoya/na-domu/metro/,/uslugi/vyvod-iz-zapoya/na-domu/moskva/,Вывод из запоя,metro,yes,moskva,metro,sokol,P0,"Технический каталог metro, okrug или mo убран из публичного URL."
Вывод из запоя на дому — Соколиная гора,/uslugi/lechenie-alkogolizma/vyvod-iz-zapoya/na-domu/metro/sokolinaya-gora/,/uslugi/vyvod-iz-zapoya/na-domu/moskva/sokolinaya-gora/,/uslugi/lechenie-alkogolizma/vyvod-iz-zapoya/na-domu/metro/,/uslugi/vyvod-iz-zapoya/na-domu/moskva/,Вывод из запоя,metro,yes,moskva,metro,sokolinaya-gora,P0,"Технический каталог metro, okrug или mo убран из публичного URL."
Вывод из запоя на дому — Спартак,/uslugi/lechenie-alkogolizma/vyvod-iz-zapoya/na-domu/metro/spartak/,/uslugi/vyvod-iz-zapoya/na-domu/moskva/spartak/,/uslugi/lechenie-alkogolizma/vyvod-iz-zapoya/na-domu/metro/,/uslugi/vyvod-iz-zapoya/na-domu/moskva/,Вывод из запоя,metro,yes,moskva,metro,spartak,P0,"Технический каталог metro, okrug или mo убран из публичного URL."
Вывод из запоя на дому — Спортивная,/uslugi/lechenie-alkogolizma/vyvod-iz-zapoya/na-domu/metro/sportivnaya/,/uslugi/vyvod-iz-zapoya/na-domu/moskva/sportivnaya/,/uslugi/lechenie-alkogolizma/vyvod-iz-zapoya/na-domu/metro/,/uslugi/vyvod-iz-zapoya/na-domu/moskva/,Вывод из запоя,metro,yes,moskva,metro,sportivnaya,P0,"Технический каталог metro, okrug или mo убран из публичного URL."
Вывод из запоя на дому — Сретенский бульвар,/uslugi/lechenie-alkogolizma/vyvod-iz-zapoya/na-domu/metro/sretenskij-bulvar/,/uslugi/vyvod-iz-zapoya/na-domu/moskva/sretenskij-bulvar/,/uslugi/lechenie-alkogolizma/vyvod-iz-zapoya/na-domu/metro/,/uslugi/vyvod-iz-zapoya/na-domu/moskva/,Вывод из запоя,metro,yes,moskva,metro,sretenskij-bulvar,P0,"Технический каталог metro, okrug или mo убран из публичного URL."
Вывод из запоя на дому — Стрешнево,/uslugi/lechenie-alkogolizma/vyvod-iz-zapoya/na-domu/metro/streshnevo/,/uslugi/vyvod-iz-zapoya/na-domu/moskva/streshnevo/,/uslugi/lechenie-alkogolizma/vyvod-iz-zapoya/na-domu/metro/,/uslugi/vyvod-iz-zapoya/na-domu/moskva/,Вывод из запоя,metro,yes,moskva,metro,streshnevo,P0,"Технический каталог metro, okrug или mo убран из публичного URL."
Вывод из запоя на дому — Строгино,/uslugi/lechenie-alkogolizma/vyvod-iz-zapoya/na-domu/metro/strogino/,/uslugi/vyvod-iz-zapoya/na-domu/moskva/strogino/,/uslugi/lechenie-alkogolizma/vyvod-iz-zapoya/na-domu/metro/,/uslugi/vyvod-iz-zapoya/na-domu/moskva/,Вывод из запоя,metro,yes,moskva,metro,strogino,P0,"Технический каталог metro, okrug или mo убран из публичного URL."
Вывод из запоя на дому — Студенческая,/uslugi/lechenie-alkogolizma/vyvod-iz-zapoya/na-domu/metro/studencheskaya/,/uslugi/vyvod-iz-zapoya/na-domu/moskva/studencheskaya/,/uslugi/lechenie-alkogolizma/vyvod-iz-zapoya/na-domu/metro/,/uslugi/vyvod-iz-zapoya/na-domu/moskva/,Вывод из запоя,metro,yes,moskva,metro,studencheskaya,P0,"Технический каталог metro, okrug или mo убран из публичного URL."
Вывод из запоя на дому — Сухаревская,/uslugi/lechenie-alkogolizma/vyvod-iz-zapoya/na-domu/metro/suharevskaya/,/uslugi/vyvod-iz-zapoya/na-domu/moskva/suharevskaya/,/uslugi/lechenie-alkogolizma/vyvod-iz-zapoya/na-domu/metro/,/uslugi/vyvod-iz-zapoya/na-domu/moskva/,Вывод из запоя,metro,yes,moskva,metro,suharevskaya,P0,"Технический каталог metro, okrug или mo убран из публичного URL."
Вывод из запоя на дому — Свиблово,/uslugi/lechenie-alkogolizma/vyvod-iz-zapoya/na-domu/metro/sviblovo/,/uslugi/vyvod-iz-zapoya/na-domu/moskva/sviblovo/,/uslugi/lechenie-alkogolizma/vyvod-iz-zapoya/na-domu/metro/,/uslugi/vyvod-iz-zapoya/na-domu/moskva/,Вывод из запоя,metro,yes,moskva,metro,sviblovo,P0,"Технический каталог metro, okrug или mo убран из публичного URL."
Вывод из запоя на дому — Таганская,/uslugi/lechenie-alkogolizma/vyvod-iz-zapoya/na-domu/metro/taganskaya/,/uslugi/vyvod-iz-zapoya/na-domu/moskva/taganskaya/,/uslugi/lechenie-alkogolizma/vyvod-iz-zapoya/na-domu/metro/,/uslugi/vyvod-iz-zapoya/na-domu/moskva/,Вывод из запоя,metro,yes,moskva,metro,taganskaya,P0,"Технический каталог metro, okrug или mo убран из публичного URL."
Вывод из запоя на дому — Театральная,/uslugi/lechenie-alkogolizma/vyvod-iz-zapoya/na-domu/metro/teatralnaya/,/uslugi/vyvod-iz-zapoya/na-domu/moskva/teatralnaya/,/uslugi/lechenie-alkogolizma/vyvod-iz-zapoya/na-domu/metro/,/uslugi/vyvod-iz-zapoya/na-domu/moskva/,Вывод из запоя,metro,yes,moskva,metro,teatralnaya,P0,"Технический каталог metro, okrug или mo убран из публичного URL."
Вывод из запоя на дому — Технопарк,/uslugi/lechenie-alkogolizma/vyvod-iz-zapoya/na-domu/metro/tehnopark/,/uslugi/vyvod-iz-zapoya/na-domu/moskva/tehnopark/,/uslugi/lechenie-alkogolizma/vyvod-iz-zapoya/na-domu/metro/,/uslugi/vyvod-iz-zapoya/na-domu/moskva/,Вывод из запоя,metro,yes,moskva,metro,tehnopark,P0,"Технический каталог metro, okrug или mo убран из публичного URL."
Вывод из запоя на дому — Текстильщики,/uslugi/lechenie-alkogolizma/vyvod-iz-zapoya/na-domu/metro/tekstilshchiki/,/uslugi/vyvod-iz-zapoya/na-domu/moskva/tekstilshchiki/,/uslugi/lechenie-alkogolizma/vyvod-iz-zapoya/na-domu/metro/,/uslugi/vyvod-iz-zapoya/na-domu/moskva/,Вывод из запоя,metro,yes,moskva,metro,tekstilshchiki,P0,"Технический каталог metro, okrug или mo убран из публичного URL."
Вывод из запоя на дому — Телецентр,/uslugi/lechenie-alkogolizma/vyvod-iz-zapoya/na-domu/metro/telecentr/,/uslugi/vyvod-iz-zapoya/na-domu/moskva/telecentr/,/uslugi/lechenie-alkogolizma/vyvod-iz-zapoya/na-domu/metro/,/uslugi/vyvod-iz-zapoya/na-domu/moskva/,Вывод из запоя,metro,yes,moskva,metro,telecentr,P0,"Технический каталог metro, okrug или mo убран из публичного URL."
Вывод из запоя на дому — Тёплый Стан,/uslugi/lechenie-alkogolizma/vyvod-iz-zapoya/na-domu/metro/teplyj-stan/,/uslugi/vyvod-iz-zapoya/na-domu/moskva/teplyj-stan/,/uslugi/lechenie-alkogolizma/vyvod-iz-zapoya/na-domu/metro/,/uslugi/vyvod-iz-zapoya/na-domu/moskva/,Вывод из запоя,metro,yes,moskva,metro,teplyj-stan,P0,"Технический каталог metro, okrug или mo убран из публичного URL."
Вывод из запоя на дому — Тимирязевская,/uslugi/lechenie-alkogolizma/vyvod-iz-zapoya/na-domu/metro/timiryazevskaya/,/uslugi/vyvod-iz-zapoya/na-domu/moskva/timiryazevskaya/,/uslugi/lechenie-alkogolizma/vyvod-iz-zapoya/na-domu/metro/,/uslugi/vyvod-iz-zapoya/na-domu/moskva/,Вывод из запоя,metro,yes,moskva,metro,timiryazevskaya,P0,"Технический каталог metro, okrug или mo убран из публичного URL."
Вывод из запоя на дому — Третьяковская,/uslugi/lechenie-alkogolizma/vyvod-iz-zapoya/na-domu/metro/tretyakovskaya/,/uslugi/vyvod-iz-zapoya/na-domu/moskva/tretyakovskaya/,/uslugi/lechenie-alkogolizma/vyvod-iz-zapoya/na-domu/metro/,/uslugi/vyvod-iz-zapoya/na-domu/moskva/,Вывод из запоя,metro,yes,moskva,metro,tretyakovskaya,P0,"Технический каталог metro, okrug или mo убран из публичного URL."
Вывод из запоя на дому — Тропарёво,/uslugi/lechenie-alkogolizma/vyvod-iz-zapoya/na-domu/metro/troparevo/,/uslugi/vyvod-iz-zapoya/na-domu/moskva/troparevo/,/uslugi/lechenie-alkogolizma/vyvod-iz-zapoya/na-domu/metro/,/uslugi/vyvod-iz-zapoya/na-domu/moskva/,Вывод из запоя,metro,yes,moskva,metro,troparevo,P0,"Технический каталог metro, okrug или mo убран из публичного URL."
Вывод из запоя на дому — Трубная,/uslugi/lechenie-alkogolizma/vyvod-iz-zapoya/na-domu/metro/trubnaya/,/uslugi/vyvod-iz-zapoya/na-domu/moskva/trubnaya/,/uslugi/lechenie-alkogolizma/vyvod-iz-zapoya/na-domu/metro/,/uslugi/vyvod-iz-zapoya/na-domu/moskva/,Вывод из запоя,metro,yes,moskva,metro,trubnaya,P0,"Технический каталог metro, okrug или mo убран из публичного URL."
Вывод из запоя на дому — Тульская,/uslugi/lechenie-alkogolizma/vyvod-iz-zapoya/na-domu/metro/tulskaya/,/uslugi/vyvod-iz-zapoya/na-domu/moskva/tulskaya/,/uslugi/lechenie-alkogolizma/vyvod-iz-zapoya/na-domu/metro/,/uslugi/vyvod-iz-zapoya/na-domu/moskva/,Вывод из запоя,metro,yes,moskva,metro,tulskaya,P0,"Технический каталог metro, okrug или mo убран из публичного URL."
Вывод из запоя на дому — Тургеневская,/uslugi/lechenie-alkogolizma/vyvod-iz-zapoya/na-domu/metro/turgenevskaya/,/uslugi/vyvod-iz-zapoya/na-domu/moskva/turgenevskaya/,/uslugi/lechenie-alkogolizma/vyvod-iz-zapoya/na-domu/metro/,/uslugi/vyvod-iz-zapoya/na-domu/moskva/,Вывод из запоя,metro,yes,moskva,metro,turgenevskaya,P0,"Технический каталог metro, okrug или mo убран из публичного URL."
Вывод из запоя на дому — Тушинская,/uslugi/lechenie-alkogolizma/vyvod-iz-zapoya/na-domu/metro/tushinskaya/,/uslugi/vyvod-iz-zapoya/na-domu/moskva/tushinskaya/,/uslugi/lechenie-alkogolizma/vyvod-iz-zapoya/na-domu/metro/,/uslugi/vyvod-iz-zapoya/na-domu/moskva/,Вывод из запоя,metro,yes,moskva,metro,tushinskaya,P0,"Технический каталог metro, okrug или mo убран из публичного URL."
Вывод из запоя на дому — Тверская,/uslugi/lechenie-alkogolizma/vyvod-iz-zapoya/na-domu/metro/tverskaya/,/uslugi/vyvod-iz-zapoya/na-domu/moskva/tverskaya/,/uslugi/lechenie-alkogolizma/vyvod-iz-zapoya/na-domu/metro/,/uslugi/vyvod-iz-zapoya/na-domu/moskva/,Вывод из запоя,metro,yes,moskva,metro,tverskaya,P0,"Технический каталог metro, okrug или mo убран из публичного URL."
Вывод из запоя на дому — Угрешская,/uslugi/lechenie-alkogolizma/vyvod-iz-zapoya/na-domu/metro/ugreshskaya/,/uslugi/vyvod-iz-zapoya/na-domu/moskva/ugreshskaya/,/uslugi/lechenie-alkogolizma/vyvod-iz-zapoya/na-domu/metro/,/uslugi/vyvod-iz-zapoya/na-domu/moskva/,Вывод из запоя,metro,yes,moskva,metro,ugreshskaya,P0,"Технический каталог metro, okrug или mo убран из публичного URL."
Вывод из запоя на дому — Улица 1905 года,/uslugi/lechenie-alkogolizma/vyvod-iz-zapoya/na-domu/metro/ulica-1905-goda/,/uslugi/vyvod-iz-zapoya/na-domu/moskva/ulica-1905-goda/,/uslugi/lechenie-alkogolizma/vyvod-iz-zapoya/na-domu/metro/,/uslugi/vyvod-iz-zapoya/na-domu/moskva/,Вывод из запоя,metro,yes,moskva,metro,ulica-1905-goda,P0,"Технический каталог metro, okrug или mo убран из публичного URL."
Вывод из запоя на дому — Улица Академика Королёва,/uslugi/lechenie-alkogolizma/vyvod-iz-zapoya/na-domu/metro/ulica-akademika-koroleva/,/uslugi/vyvod-iz-zapoya/na-domu/moskva/ulica-akademika-koroleva/,/uslugi/lechenie-alkogolizma/vyvod-iz-zapoya/na-domu/metro/,/uslugi/vyvod-iz-zapoya/na-domu/moskva/,Вывод из запоя,metro,yes,moskva,metro,ulica-akademika-koroleva,P0,"Технический каталог metro, okrug или mo убран из публичного URL."
Вывод из запоя на дому — Улица Академика Янгеля,/uslugi/lechenie-alkogolizma/vyvod-iz-zapoya/na-domu/metro/ulica-akademika-yangelya/,/uslugi/vyvod-iz-zapoya/na-domu/moskva/ulica-akademika-yangelya/,/uslugi/lechenie-alkogolizma/vyvod-iz-zapoya/na-domu/metro/,/uslugi/vyvod-iz-zapoya/na-domu/moskva/,Вывод из запоя,metro,yes,moskva,metro,ulica-akademika-yangelya,P0,"Технический каталог metro, okrug или mo убран из публичного URL."
Вывод из запоя на дому — Улица Горчакова,/uslugi/lechenie-alkogolizma/vyvod-iz-zapoya/na-domu/metro/ulica-gorchakova/,/uslugi/vyvod-iz-zapoya/na-domu/moskva/ulica-gorchakova/,/uslugi/lechenie-alkogolizma/vyvod-iz-zapoya/na-domu/metro/,/uslugi/vyvod-iz-zapoya/na-domu/moskva/,Вывод из запоя,metro,yes,moskva,metro,ulica-gorchakova,P0,"Технический каталог metro, okrug или mo убран из публичного URL."
Вывод из запоя на дому — Улица Милашенкова,/uslugi/lechenie-alkogolizma/vyvod-iz-zapoya/na-domu/metro/ulica-milashenkova/,/uslugi/vyvod-iz-zapoya/na-domu/moskva/ulica-milashenkova/,/uslugi/lechenie-alkogolizma/vyvod-iz-zapoya/na-domu/metro/,/uslugi/vyvod-iz-zapoya/na-domu/moskva/,Вывод из запоя,metro,yes,moskva,metro,ulica-milashenkova,P0,"Технический каталог metro, okrug или mo убран из публичного URL."
Вывод из запоя на дому — Улица Сергея Эйзенштейна,/uslugi/lechenie-alkogolizma/vyvod-iz-zapoya/na-domu/metro/ulica-sergeya-ejzenshtejna/,/uslugi/vyvod-iz-zapoya/na-domu/moskva/ulica-sergeya-ejzenshtejna/,/uslugi/lechenie-alkogolizma/vyvod-iz-zapoya/na-domu/metro/,/uslugi/vyvod-iz-zapoya/na-domu/moskva/,Вывод из запоя,metro,yes,moskva,metro,ulica-sergeya-ejzenshtejna,P0,"Технический каталог metro, okrug или mo убран из публичного URL."
Вывод из запоя на дому — Улица Старокачаловская,/uslugi/lechenie-alkogolizma/vyvod-iz-zapoya/na-domu/metro/ulica-starokachalovskaya/,/uslugi/vyvod-iz-zapoya/na-domu/moskva/ulica-starokachalovskaya/,/uslugi/lechenie-alkogolizma/vyvod-iz-zapoya/na-domu/metro/,/uslugi/vyvod-iz-zapoya/na-domu/moskva/,Вывод из запоя,metro,yes,moskva,metro,ulica-starokachalovskaya,P0,"Технический каталог metro, okrug или mo убран из публичного URL."
Вывод из запоя на дому — Университет,/uslugi/lechenie-alkogolizma/vyvod-iz-zapoya/na-domu/metro/universitet/,/uslugi/vyvod-iz-zapoya/na-domu/moskva/universitet/,/uslugi/lechenie-alkogolizma/vyvod-iz-zapoya/na-domu/metro/,/uslugi/vyvod-iz-zapoya/na-domu/moskva/,Вывод из запоя,metro,yes,moskva,metro,universitet,P0,"Технический каталог metro, okrug или mo убран из публичного URL."
Вывод из запоя на дому — Варшавская,/uslugi/lechenie-alkogolizma/vyvod-iz-zapoya/na-domu/metro/varshavskaya/,/uslugi/vyvod-iz-zapoya/na-domu/moskva/varshavskaya/,/uslugi/lechenie-alkogolizma/vyvod-iz-zapoya/na-domu/metro/,/uslugi/vyvod-iz-zapoya/na-domu/moskva/,Вывод из запоя,metro,yes,moskva,metro,varshavskaya,P0,"Технический каталог metro, okrug или mo убран из публичного URL."
Вывод из запоя на дому — ВДНХ,/uslugi/lechenie-alkogolizma/vyvod-iz-zapoya/na-domu/metro/vdnh/,/uslugi/vyvod-iz-zapoya/na-domu/moskva/vdnh/,/uslugi/lechenie-alkogolizma/vyvod-iz-zapoya/na-domu/metro/,/uslugi/vyvod-iz-zapoya/na-domu/moskva/,Вывод из запоя,metro,yes,moskva,metro,vdnh,P0,"Технический каталог metro, okrug или mo убран из публичного URL."
Вывод из запоя на дому — Верхние Котлы,/uslugi/lechenie-alkogolizma/vyvod-iz-zapoya/na-domu/metro/verhnie-kotly/,/uslugi/vyvod-iz-zapoya/na-domu/moskva/verhnie-kotly/,/uslugi/lechenie-alkogolizma/vyvod-iz-zapoya/na-domu/metro/,/uslugi/vyvod-iz-zapoya/na-domu/moskva/,Вывод из запоя,metro,yes,moskva,metro,verhnie-kotly,P0,"Технический каталог metro, okrug или mo убран из публичного URL."
Вывод из запоя на дому — Верхние Лихоборы,/uslugi/lechenie-alkogolizma/vyvod-iz-zapoya/na-domu/metro/verhnie-lihobory/,/uslugi/vyvod-iz-zapoya/na-domu/moskva/verhnie-lihobory/,/uslugi/lechenie-alkogolizma/vyvod-iz-zapoya/na-domu/metro/,/uslugi/vyvod-iz-zapoya/na-domu/moskva/,Вывод из запоя,metro,yes,moskva,metro,verhnie-lihobory,P0,"Технический каталог metro, okrug или mo убран из публичного URL."
Вывод из запоя на дому — Владыкино,/uslugi/lechenie-alkogolizma/vyvod-iz-zapoya/na-domu/metro/vladykino/,/uslugi/vyvod-iz-zapoya/na-domu/moskva/vladykino/,/uslugi/lechenie-alkogolizma/vyvod-iz-zapoya/na-domu/metro/,/uslugi/vyvod-iz-zapoya/na-domu/moskva/,Вывод из запоя,metro,yes,moskva,metro,vladykino,P0,"Технический каталог metro, okrug или mo убран из публичного URL."
Вывод из запоя на дому — Водный стадион,/uslugi/lechenie-alkogolizma/vyvod-iz-zapoya/na-domu/metro/vodnyj-stadion/,/uslugi/vyvod-iz-zapoya/na-domu/moskva/vodnyj-stadion/,/uslugi/lechenie-alkogolizma/vyvod-iz-zapoya/na-domu/metro/,/uslugi/vyvod-iz-zapoya/na-domu/moskva/,Вывод из запоя,metro,yes,moskva,metro,vodnyj-stadion,P0,"Технический каталог metro, okrug или mo убран из публичного URL."
Вывод из запоя на дому — Войковская,/uslugi/lechenie-alkogolizma/vyvod-iz-zapoya/na-domu/metro/vojkovskaya/,/uslugi/vyvod-iz-zapoya/na-domu/moskva/vojkovskaya/,/uslugi/lechenie-alkogolizma/vyvod-iz-zapoya/na-domu/metro/,/uslugi/vyvod-iz-zapoya/na-domu/moskva/,Вывод из запоя,metro,yes,moskva,metro,vojkovskaya,P0,"Технический каталог metro, okrug или mo убран из публичного URL."
Вывод из запоя на дому — Волгоградский проспект,/uslugi/lechenie-alkogolizma/vyvod-iz-zapoya/na-domu/metro/volgogradskij-prospekt/,/uslugi/vyvod-iz-zapoya/na-domu/moskva/volgogradskij-prospekt/,/uslugi/lechenie-alkogolizma/vyvod-iz-zapoya/na-domu/metro/,/uslugi/vyvod-iz-zapoya/na-domu/moskva/,Вывод из запоя,metro,yes,moskva,metro,volgogradskij-prospekt,P0,"Технический каталог metro, okrug или mo убран из публичного URL."
Вывод из запоя на дому — Волоколамская,/uslugi/lechenie-alkogolizma/vyvod-iz-zapoya/na-domu/metro/volokolamskaya/,/uslugi/vyvod-iz-zapoya/na-domu/moskva/volokolamskaya/,/uslugi/lechenie-alkogolizma/vyvod-iz-zapoya/na-domu/metro/,/uslugi/vyvod-iz-zapoya/na-domu/moskva/,Вывод из запоя,metro,yes,moskva,metro,volokolamskaya,P0,"Технический каталог metro, okrug или mo убран из публичного URL."
Вывод из запоя на дому — Волжская,/uslugi/lechenie-alkogolizma/vyvod-iz-zapoya/na-domu/metro/volzhskaya/,/uslugi/vyvod-iz-zapoya/na-domu/moskva/volzhskaya/,/uslugi/lechenie-alkogolizma/vyvod-iz-zapoya/na-domu/metro/,/uslugi/vyvod-iz-zapoya/na-domu/moskva/,Вывод из запоя,metro,yes,moskva,metro,volzhskaya,P0,"Технический каталог metro, okrug или mo убран из публичного URL."
Вывод из запоя на дому — Воробьёвы горы,/uslugi/lechenie-alkogolizma/vyvod-iz-zapoya/na-domu/metro/vorobevy-gory/,/uslugi/vyvod-iz-zapoya/na-domu/moskva/vorobevy-gory/,/uslugi/lechenie-alkogolizma/vyvod-iz-zapoya/na-domu/metro/,/uslugi/vyvod-iz-zapoya/na-domu/moskva/,Вывод из запоя,metro,yes,moskva,metro,vorobevy-gory,P0,"Технический каталог metro, okrug или mo убран из публичного URL."
Вывод из запоя на дому — Выхино,/uslugi/lechenie-alkogolizma/vyvod-iz-zapoya/na-domu/metro/vyhino/,/uslugi/vyvod-iz-zapoya/na-domu/moskva/vyhino/,/uslugi/lechenie-alkogolizma/vyvod-iz-zapoya/na-domu/metro/,/uslugi/vyvod-iz-zapoya/na-domu/moskva/,Вывод из запоя,metro,yes,moskva,metro,vyhino,P0,"Технический каталог metro, okrug или mo убран из публичного URL."
Вывод из запоя на дому — Выставочная,/uslugi/lechenie-alkogolizma/vyvod-iz-zapoya/na-domu/metro/vystavochnaya/,/uslugi/vyvod-iz-zapoya/na-domu/moskva/vystavochnaya/,/uslugi/lechenie-alkogolizma/vyvod-iz-zapoya/na-domu/metro/,/uslugi/vyvod-iz-zapoya/na-domu/moskva/,Вывод из запоя,metro,yes,moskva,metro,vystavochnaya,P0,"Технический каталог metro, okrug или mo убран из публичного URL."
Вывод из запоя на дому — Выставочный центр,/uslugi/lechenie-alkogolizma/vyvod-iz-zapoya/na-domu/metro/vystavochnyj-centr/,/uslugi/vyvod-iz-zapoya/na-domu/moskva/vystavochnyj-centr/,/uslugi/lechenie-alkogolizma/vyvod-iz-zapoya/na-domu/metro/,/uslugi/vyvod-iz-zapoya/na-domu/moskva/,Вывод из запоя,metro,yes,moskva,metro,vystavochnyj-centr,P0,"Технический каталог metro, okrug или mo убран из публичного URL."
Вывод из запоя на дому — Ясенево,/uslugi/lechenie-alkogolizma/vyvod-iz-zapoya/na-domu/metro/yasenevo/,/uslugi/vyvod-iz-zapoya/na-domu/moskva/yasenevo/,/uslugi/lechenie-alkogolizma/vyvod-iz-zapoya/na-domu/metro/,/uslugi/vyvod-iz-zapoya/na-domu/moskva/,Вывод из запоя,metro,yes,moskva,metro,yasenevo,P0,"Технический каталог metro, okrug или mo убран из публичного URL."
Вывод из запоя на дому — Юго-Западная,/uslugi/lechenie-alkogolizma/vyvod-iz-zapoya/na-domu/metro/yugo-zapadnaya/,/uslugi/vyvod-iz-zapoya/na-domu/moskva/yugo-zapadnaya/,/uslugi/lechenie-alkogolizma/vyvod-iz-zapoya/na-domu/metro/,/uslugi/vyvod-iz-zapoya/na-domu/moskva/,Вывод из запоя,metro,yes,moskva,metro,yugo-zapadnaya,P0,"Технический каталог metro, okrug или mo убран из публичного URL."
Вывод из запоя на дому — Южная,/uslugi/lechenie-alkogolizma/vyvod-iz-zapoya/na-domu/metro/yuzhnaya/,/uslugi/vyvod-iz-zapoya/na-domu/moskva/yuzhnaya/,/uslugi/lechenie-alkogolizma/vyvod-iz-zapoya/na-domu/metro/,/uslugi/vyvod-iz-zapoya/na-domu/moskva/,Вывод из запоя,metro,yes,moskva,metro,yuzhnaya,P0,"Технический каталог metro, okrug или mo убран из публичного URL."
Вывод из запоя на дому — Жулебино,/uslugi/lechenie-alkogolizma/vyvod-iz-zapoya/na-domu/metro/zhulebino/,/uslugi/vyvod-iz-zapoya/na-domu/moskva/zhulebino/,/uslugi/lechenie-alkogolizma/vyvod-iz-zapoya/na-domu/metro/,/uslugi/vyvod-iz-zapoya/na-domu/moskva/,Вывод из запоя,metro,yes,moskva,metro,zhulebino,P0,"Технический каталог metro, okrug или mo убран из публичного URL."
Вывод из запоя на дому — ЗИЛ,/uslugi/lechenie-alkogolizma/vyvod-iz-zapoya/na-domu/metro/zil/,/uslugi/vyvod-iz-zapoya/na-domu/moskva/zil/,/uslugi/lechenie-alkogolizma/vyvod-iz-zapoya/na-domu/metro/,/uslugi/vyvod-iz-zapoya/na-domu/moskva/,Вывод из запоя,metro,yes,moskva,metro,zil,P0,"Технический каталог metro, okrug или mo убран из публичного URL."
Вывод из запоя на дому — Зорге,/uslugi/lechenie-alkogolizma/vyvod-iz-zapoya/na-domu/metro/zorge/,/uslugi/vyvod-iz-zapoya/na-domu/moskva/zorge/,/uslugi/lechenie-alkogolizma/vyvod-iz-zapoya/na-domu/metro/,/uslugi/vyvod-iz-zapoya/na-domu/moskva/,Вывод из запоя,metro,yes,moskva,metro,zorge,P0,"Технический каталог metro, okrug или mo убран из публичного URL."
Вывод из запоя на дому — Зябликово,/uslugi/lechenie-alkogolizma/vyvod-iz-zapoya/na-domu/metro/zyablikovo/,/uslugi/vyvod-iz-zapoya/na-domu/moskva/zyablikovo/,/uslugi/lechenie-alkogolizma/vyvod-iz-zapoya/na-domu/metro/,/uslugi/vyvod-iz-zapoya/na-domu/moskva/,Вывод из запоя,metro,yes,moskva,metro,zyablikovo,P0,"Технический каталог metro, okrug или mo убран из публичного URL."
Вывод из запоя на дому — ЦАО,/uslugi/lechenie-alkogolizma/vyvod-iz-zapoya/na-domu/okrug/cao/,/uslugi/vyvod-iz-zapoya/na-domu/moskva/cao/,/uslugi/lechenie-alkogolizma/vyvod-iz-zapoya/na-domu/okrug/,/uslugi/vyvod-iz-zapoya/na-domu/moskva/,Вывод из запоя,okrug,yes,moskva,okrug,cao,P0,"Технический каталог metro, okrug или mo убран из публичного URL."
Вывод из запоя на дому — САО,/uslugi/lechenie-alkogolizma/vyvod-iz-zapoya/na-domu/okrug/sao/,/uslugi/vyvod-iz-zapoya/na-domu/moskva/sao/,/uslugi/lechenie-alkogolizma/vyvod-iz-zapoya/na-domu/okrug/,/uslugi/vyvod-iz-zapoya/na-domu/moskva/,Вывод из запоя,okrug,yes,moskva,okrug,sao,P0,"Технический каталог metro, okrug или mo убран из публичного URL."
Вывод из запоя на дому — СВАО,/uslugi/lechenie-alkogolizma/vyvod-iz-zapoya/na-domu/okrug/svao/,/uslugi/vyvod-iz-zapoya/na-domu/moskva/svao/,/uslugi/lechenie-alkogolizma/vyvod-iz-zapoya/na-domu/okrug/,/uslugi/vyvod-iz-zapoya/na-domu/moskva/,Вывод из запоя,okrug,yes,moskva,okrug,svao,P0,"Технический каталог metro, okrug или mo убран из публичного URL."
Вывод из запоя на дому — ВАО,/uslugi/lechenie-alkogolizma/vyvod-iz-zapoya/na-domu/okrug/vao/,/uslugi/vyvod-iz-zapoya/na-domu/moskva/vao/,/uslugi/lechenie-alkogolizma/vyvod-iz-zapoya/na-domu/okrug/,/uslugi/vyvod-iz-zapoya/na-domu/moskva/,Вывод из запоя,okrug,yes,moskva,okrug,vao,P0,"Технический каталог metro, okrug или mo убран из публичного URL."
Вывод из запоя на дому — ЮВАО,/uslugi/lechenie-alkogolizma/vyvod-iz-zapoya/na-domu/okrug/yuvao/,/uslugi/vyvod-iz-zapoya/na-domu/moskva/yuvao/,/uslugi/lechenie-alkogolizma/vyvod-iz-zapoya/na-domu/okrug/,/uslugi/vyvod-iz-zapoya/na-domu/moskva/,Вывод из запоя,okrug,yes,moskva,okrug,yuvao,P0,"Технический каталог metro, okrug или mo убран из публичного URL."
Вывод из запоя на дому — ЮАО,/uslugi/lechenie-alkogolizma/vyvod-iz-zapoya/na-domu/okrug/yuao/,/uslugi/vyvod-iz-zapoya/na-domu/moskva/yuao/,/uslugi/lechenie-alkogolizma/vyvod-iz-zapoya/na-domu/okrug/,/uslugi/vyvod-iz-zapoya/na-domu/moskva/,Вывод из запоя,okrug,yes,moskva,okrug,yuao,P0,"Технический каталог metro, okrug или mo убран из публичного URL."
Вывод из запоя на дому — ЮЗАО,/uslugi/lechenie-alkogolizma/vyvod-iz-zapoya/na-domu/okrug/yuzao/,/uslugi/vyvod-iz-zapoya/na-domu/moskva/yuzao/,/uslugi/lechenie-alkogolizma/vyvod-iz-zapoya/na-domu/okrug/,/uslugi/vyvod-iz-zapoya/na-domu/moskva/,Вывод из запоя,okrug,yes,moskva,okrug,yuzao,P0,"Технический каталог metro, okrug или mo убран из публичного URL."
Вывод из запоя на дому — ЗАО,/uslugi/lechenie-alkogolizma/vyvod-iz-zapoya/na-domu/okrug/zao/,/uslugi/vyvod-iz-zapoya/na-domu/moskva/zao/,/uslugi/lechenie-alkogolizma/vyvod-iz-zapoya/na-domu/okrug/,/uslugi/vyvod-iz-zapoya/na-domu/moskva/,Вывод из запоя,okrug,yes,moskva,okrug,zao,P0,"Технический каталог metro, okrug или mo убран из публичного URL."
Вывод из запоя на дому — СЗАО,/uslugi/lechenie-alkogolizma/vyvod-iz-zapoya/na-domu/okrug/szao/,/uslugi/vyvod-iz-zapoya/na-domu/moskva/szao/,/uslugi/lechenie-alkogolizma/vyvod-iz-zapoya/na-domu/okrug/,/uslugi/vyvod-iz-zapoya/na-domu/moskva/,Вывод из запоя,okrug,yes,moskva,okrug,szao,P0,"Технический каталог metro, okrug или mo убран из публичного URL."
Вывод из запоя на дому — ЗелАО,/uslugi/lechenie-alkogolizma/vyvod-iz-zapoya/na-domu/okrug/zelao/,/uslugi/vyvod-iz-zapoya/na-domu/moskva/zelao/,/uslugi/lechenie-alkogolizma/vyvod-iz-zapoya/na-domu/okrug/,/uslugi/vyvod-iz-zapoya/na-domu/moskva/,Вывод из запоя,okrug,yes,moskva,okrug,zelao,P0,"Технический каталог metro, okrug или mo убран из публичного URL."
Вывод из запоя на дому — НАО,/uslugi/lechenie-alkogolizma/vyvod-iz-zapoya/na-domu/okrug/nao/,/uslugi/vyvod-iz-zapoya/na-domu/moskva/nao/,/uslugi/lechenie-alkogolizma/vyvod-iz-zapoya/na-domu/okrug/,/uslugi/vyvod-iz-zapoya/na-domu/moskva/,Вывод из запоя,okrug,yes,moskva,okrug,nao,P0,"Технический каталог metro, okrug или mo убран из публичного URL."
Вывод из запоя на дому — ТАО,/uslugi/lechenie-alkogolizma/vyvod-iz-zapoya/na-domu/okrug/tao/,/uslugi/vyvod-iz-zapoya/na-domu/moskva/tao/,/uslugi/lechenie-alkogolizma/vyvod-iz-zapoya/na-domu/okrug/,/uslugi/vyvod-iz-zapoya/na-domu/moskva/,Вывод из запоя,okrug,yes,moskva,okrug,tao,P0,"Технический каталог metro, okrug или mo убран из публичного URL."
Вывод из запоя на дому — Балашиха,/uslugi/lechenie-alkogolizma/vyvod-iz-zapoya/na-domu/mo/balashiha/,/uslugi/vyvod-iz-zapoya/na-domu/moskovskaya-oblast/balashiha/,/uslugi/lechenie-alkogolizma/vyvod-iz-zapoya/na-domu/mo/,/uslugi/vyvod-iz-zapoya/na-domu/moskovskaya-oblast/,Вывод из запоя,city,yes,moskovskaya-oblast,mo,balashiha,P0,"Технический каталог metro, okrug или mo убран из публичного URL."
Вывод из запоя на дому — Подольск,/uslugi/lechenie-alkogolizma/vyvod-iz-zapoya/na-domu/mo/podolsk/,/uslugi/vyvod-iz-zapoya/na-domu/moskovskaya-oblast/podolsk/,/uslugi/lechenie-alkogolizma/vyvod-iz-zapoya/na-domu/mo/,/uslugi/vyvod-iz-zapoya/na-domu/moskovskaya-oblast/,Вывод из запоя,city,yes,moskovskaya-oblast,mo,podolsk,P0,"Технический каталог metro, okrug или mo убран из публичного URL."
Вывод из запоя на дому — Химки,/uslugi/lechenie-alkogolizma/vyvod-iz-zapoya/na-domu/mo/himki/,/uslugi/vyvod-iz-zapoya/na-domu/moskovskaya-oblast/himki/,/uslugi/lechenie-alkogolizma/vyvod-iz-zapoya/na-domu/mo/,/uslugi/vyvod-iz-zapoya/na-domu/moskovskaya-oblast/,Вывод из запоя,city,yes,moskovskaya-oblast,mo,himki,P0,"Технический каталог metro, okrug или mo убран из публичного URL."
Вывод из запоя на дому — Мытищи,/uslugi/lechenie-alkogolizma/vyvod-iz-zapoya/na-domu/mo/mytishchi/,/uslugi/vyvod-iz-zapoya/na-domu/moskovskaya-oblast/mytishchi/,/uslugi/lechenie-alkogolizma/vyvod-iz-zapoya/na-domu/mo/,/uslugi/vyvod-iz-zapoya/na-domu/moskovskaya-oblast/,Вывод из запоя,city,yes,moskovskaya-oblast,mo,mytishchi,P0,"Технический каталог metro, okrug или mo убран из публичного URL."
Вывод из запоя на дому — Королёв,/uslugi/lechenie-alkogolizma/vyvod-iz-zapoya/na-domu/mo/korolev/,/uslugi/vyvod-iz-zapoya/na-domu/moskovskaya-oblast/korolev/,/uslugi/lechenie-alkogolizma/vyvod-iz-zapoya/na-domu/mo/,/uslugi/vyvod-iz-zapoya/na-domu/moskovskaya-oblast/,Вывод из запоя,city,yes,moskovskaya-oblast,mo,korolev,P0,"Технический каталог metro, okrug или mo убран из публичного URL."
Вывод из запоя на дому — Люберцы,/uslugi/lechenie-alkogolizma/vyvod-iz-zapoya/na-domu/mo/lyubertsy/,/uslugi/vyvod-iz-zapoya/na-domu/moskovskaya-oblast/lyubertsy/,/uslugi/lechenie-alkogolizma/vyvod-iz-zapoya/na-domu/mo/,/uslugi/vyvod-iz-zapoya/na-domu/moskovskaya-oblast/,Вывод из запоя,city,yes,moskovskaya-oblast,mo,lyubertsy,P0,"Технический каталог metro, okrug или mo убран из публичного URL."
Вывод из запоя на дому — Красногорск,/uslugi/lechenie-alkogolizma/vyvod-iz-zapoya/na-domu/mo/krasnogorsk/,/uslugi/vyvod-iz-zapoya/na-domu/moskovskaya-oblast/krasnogorsk/,/uslugi/lechenie-alkogolizma/vyvod-iz-zapoya/na-domu/mo/,/uslugi/vyvod-iz-zapoya/na-domu/moskovskaya-oblast/,Вывод из запоя,city,yes,moskovskaya-oblast,mo,krasnogorsk,P0,"Технический каталог metro, okrug или mo убран из публичного URL."
Вывод из запоя на дому — Электросталь,/uslugi/lechenie-alkogolizma/vyvod-iz-zapoya/na-domu/mo/elektrostal/,/uslugi/vyvod-iz-zapoya/na-domu/moskovskaya-oblast/elektrostal/,/uslugi/lechenie-alkogolizma/vyvod-iz-zapoya/na-domu/mo/,/uslugi/vyvod-iz-zapoya/na-domu/moskovskaya-oblast/,Вывод из запоя,city,yes,moskovskaya-oblast,mo,elektrostal,P0,"Технический каталог metro, okrug или mo убран из публичного URL."
Вывод из запоя на дому — Коломна,/uslugi/lechenie-alkogolizma/vyvod-iz-zapoya/na-domu/mo/kolomna/,/uslugi/vyvod-iz-zapoya/na-domu/moskovskaya-oblast/kolomna/,/uslugi/lechenie-alkogolizma/vyvod-iz-zapoya/na-domu/mo/,/uslugi/vyvod-iz-zapoya/na-domu/moskovskaya-oblast/,Вывод из запоя,city,yes,moskovskaya-oblast,mo,kolomna,P0,"Технический каталог metro, okrug или mo убран из публичного URL."
Вывод из запоя на дому — Одинцово,/uslugi/lechenie-alkogolizma/vyvod-iz-zapoya/na-domu/mo/odincovo/,/uslugi/vyvod-iz-zapoya/na-domu/moskovskaya-oblast/odincovo/,/uslugi/lechenie-alkogolizma/vyvod-iz-zapoya/na-domu/mo/,/uslugi/vyvod-iz-zapoya/na-domu/moskovskaya-oblast/,Вывод из запоя,city,yes,moskovskaya-oblast,mo,odincovo,P0,"Технический каталог metro, okrug или mo убран из публичного URL."
Вывод из запоя на дому — Домодедово,/uslugi/lechenie-alkogolizma/vyvod-iz-zapoya/na-domu/mo/domodedovo/,/uslugi/vyvod-iz-zapoya/na-domu/moskovskaya-oblast/domodedovo/,/uslugi/lechenie-alkogolizma/vyvod-iz-zapoya/na-domu/mo/,/uslugi/vyvod-iz-zapoya/na-domu/moskovskaya-oblast/,Вывод из запоя,city,yes,moskovskaya-oblast,mo,domodedovo,P0,"Технический каталог metro, okrug или mo убран из публичного URL."
Вывод из запоя на дому — Щёлково,/uslugi/lechenie-alkogolizma/vyvod-iz-zapoya/na-domu/mo/shchelkovo/,/uslugi/vyvod-iz-zapoya/na-domu/moskovskaya-oblast/shchelkovo/,/uslugi/lechenie-alkogolizma/vyvod-iz-zapoya/na-domu/mo/,/uslugi/vyvod-iz-zapoya/na-domu/moskovskaya-oblast/,Вывод из запоя,city,yes,moskovskaya-oblast,mo,shchelkovo,P0,"Технический каталог metro, okrug или mo убран из публичного URL."
Вывод из запоя на дому — Серпухов,/uslugi/lechenie-alkogolizma/vyvod-iz-zapoya/na-domu/mo/serpuhov/,/uslugi/vyvod-iz-zapoya/na-domu/moskovskaya-oblast/serpuhov/,/uslugi/lechenie-alkogolizma/vyvod-iz-zapoya/na-domu/mo/,/uslugi/vyvod-iz-zapoya/na-domu/moskovskaya-oblast/,Вывод из запоя,city,yes,moskovskaya-oblast,mo,serpuhov,P0,"Технический каталог metro, okrug или mo убран из публичного URL."
Вывод из запоя на дому — Раменское,/uslugi/lechenie-alkogolizma/vyvod-iz-zapoya/na-domu/mo/ramenskoe/,/uslugi/vyvod-iz-zapoya/na-domu/moskovskaya-oblast/ramenskoe/,/uslugi/lechenie-alkogolizma/vyvod-iz-zapoya/na-domu/mo/,/uslugi/vyvod-iz-zapoya/na-domu/moskovskaya-oblast/,Вывод из запоя,city,yes,moskovskaya-oblast,mo,ramenskoe,P0,"Технический каталог metro, okrug или mo убран из публичного URL."
Вывод из запоя на дому — Долгопрудный,/uslugi/lechenie-alkogolizma/vyvod-iz-zapoya/na-domu/mo/dolgoprudnyj/,/uslugi/vyvod-iz-zapoya/na-domu/moskovskaya-oblast/dolgoprudnyj/,/uslugi/lechenie-alkogolizma/vyvod-iz-zapoya/na-domu/mo/,/uslugi/vyvod-iz-zapoya/na-domu/moskovskaya-oblast/,Вывод из запоя,city,yes,moskovskaya-oblast,mo,dolgoprudnyj,P0,"Технический каталог metro, okrug или mo убран из публичного URL."
Вывод из запоя на дому — Пушкино,/uslugi/lechenie-alkogolizma/vyvod-iz-zapoya/na-domu/mo/pushkino/,/uslugi/vyvod-iz-zapoya/na-domu/moskovskaya-oblast/pushkino/,/uslugi/lechenie-alkogolizma/vyvod-iz-zapoya/na-domu/mo/,/uslugi/vyvod-iz-zapoya/na-domu/moskovskaya-oblast/,Вывод из запоя,city,yes,moskovskaya-oblast,mo,pushkino,P0,"Технический каталог metro, okrug или mo убран из публичного URL."
Вывод из запоя на дому — Реутов,/uslugi/lechenie-alkogolizma/vyvod-iz-zapoya/na-domu/mo/reutov/,/uslugi/vyvod-iz-zapoya/na-domu/moskovskaya-oblast/reutov/,/uslugi/lechenie-alkogolizma/vyvod-iz-zapoya/na-domu/mo/,/uslugi/vyvod-iz-zapoya/na-domu/moskovskaya-oblast/,Вывод из запоя,city,yes,moskovskaya-oblast,mo,reutov,P0,"Технический каталог metro, okrug или mo убран из публичного URL."
Вывод из запоя на дому — Жуковский,/uslugi/lechenie-alkogolizma/vyvod-iz-zapoya/na-domu/mo/zhukovskij/,/uslugi/vyvod-iz-zapoya/na-domu/moskovskaya-oblast/zhukovskij/,/uslugi/lechenie-alkogolizma/vyvod-iz-zapoya/na-domu/mo/,/uslugi/vyvod-iz-zapoya/na-domu/moskovskaya-oblast/,Вывод из запоя,city,yes,moskovskaya-oblast,mo,zhukovskij,P0,"Технический каталог metro, okrug или mo убран из публичного URL."
Вывод из запоя на дому — Ногинск,/uslugi/lechenie-alkogolizma/vyvod-iz-zapoya/na-domu/mo/noginsk/,/uslugi/vyvod-iz-zapoya/na-domu/moskovskaya-oblast/noginsk/,/uslugi/lechenie-alkogolizma/vyvod-iz-zapoya/na-domu/mo/,/uslugi/vyvod-iz-zapoya/na-domu/moskovskaya-oblast/,Вывод из запоя,city,yes,moskovskaya-oblast,mo,noginsk,P0,"Технический каталог metro, okrug или mo убран из публичного URL."
Вывод из запоя на дому — Сергиев Посад,/uslugi/lechenie-alkogolizma/vyvod-iz-zapoya/na-domu/mo/sergiev-posad/,/uslugi/vyvod-iz-zapoya/na-domu/moskovskaya-oblast/sergiev-posad/,/uslugi/lechenie-alkogolizma/vyvod-iz-zapoya/na-domu/mo/,/uslugi/vyvod-iz-zapoya/na-domu/moskovskaya-oblast/,Вывод из запоя,city,yes,moskovskaya-oblast,mo,sergiev-posad,P0,"Технический каталог metro, okrug или mo убран из публичного URL."
Вывод из запоя на дому — Воскресенск,/uslugi/lechenie-alkogolizma/vyvod-iz-zapoya/na-domu/mo/voskresensk/,/uslugi/vyvod-iz-zapoya/na-domu/moskovskaya-oblast/voskresensk/,/uslugi/lechenie-alkogolizma/vyvod-iz-zapoya/na-domu/mo/,/uslugi/vyvod-iz-zapoya/na-domu/moskovskaya-oblast/,Вывод из запоя,city,yes,moskovskaya-oblast,mo,voskresensk,P0,"Технический каталог metro, okrug или mo убран из публичного URL."
Вывод из запоя на дому — Орехово-Зуево,/uslugi/lechenie-alkogolizma/vyvod-iz-zapoya/na-domu/mo/orehovo-zuevo/,/uslugi/vyvod-iz-zapoya/na-domu/moskovskaya-oblast/orehovo-zuevo/,/uslugi/lechenie-alkogolizma/vyvod-iz-zapoya/na-domu/mo/,/uslugi/vyvod-iz-zapoya/na-domu/moskovskaya-oblast/,Вывод из запоя,city,yes,moskovskaya-oblast,mo,orehovo-zuevo,P0,"Технический каталог metro, okrug или mo убран из публичного URL."
Вывод из запоя на дому — Павловский Посад,/uslugi/lechenie-alkogolizma/vyvod-iz-zapoya/na-domu/mo/pavlovskij-posad/,/uslugi/vyvod-iz-zapoya/na-domu/moskovskaya-oblast/pavlovskij-posad/,/uslugi/lechenie-alkogolizma/vyvod-iz-zapoya/na-domu/mo/,/uslugi/vyvod-iz-zapoya/na-domu/moskovskaya-oblast/,Вывод из запоя,city,yes,moskovskaya-oblast,mo,pavlovskij-posad,P0,"Технический каталог metro, okrug или mo убран из публичного URL."
Вывод из запоя на дому — Лобня,/uslugi/lechenie-alkogolizma/vyvod-iz-zapoya/na-domu/mo/lobnya/,/uslugi/vyvod-iz-zapoya/na-domu/moskovskaya-oblast/lobnya/,/uslugi/lechenie-alkogolizma/vyvod-iz-zapoya/na-domu/mo/,/uslugi/vyvod-iz-zapoya/na-domu/moskovskaya-oblast/,Вывод из запоя,city,yes,moskovskaya-oblast,mo,lobnya,P0,"Технический каталог metro, okrug или mo убран из публичного URL."
Вывод из запоя на дому — Ивантеевка,/uslugi/lechenie-alkogolizma/vyvod-iz-zapoya/na-domu/mo/ivanteevka/,/uslugi/vyvod-iz-zapoya/na-domu/moskovskaya-oblast/ivanteevka/,/uslugi/lechenie-alkogolizma/vyvod-iz-zapoya/na-domu/mo/,/uslugi/vyvod-iz-zapoya/na-domu/moskovskaya-oblast/,Вывод из запоя,city,yes,moskovskaya-oblast,mo,ivanteevka,P0,"Технический каталог metro, okrug или mo убран из публичного URL."
Вывод из запоя на дому — Клин,/uslugi/lechenie-alkogolizma/vyvod-iz-zapoya/na-domu/mo/klin/,/uslugi/vyvod-iz-zapoya/na-domu/moskovskaya-oblast/klin/,/uslugi/lechenie-alkogolizma/vyvod-iz-zapoya/na-domu/mo/,/uslugi/vyvod-iz-zapoya/na-domu/moskovskaya-oblast/,Вывод из запоя,city,yes,moskovskaya-oblast,mo,klin,P0,"Технический каталог metro, okrug или mo убран из публичного URL."
Вывод из запоя на дому — Егорьевск,/uslugi/lechenie-alkogolizma/vyvod-iz-zapoya/na-domu/mo/egorevsk/,/uslugi/vyvod-iz-zapoya/na-domu/moskovskaya-oblast/egorevsk/,/uslugi/lechenie-alkogolizma/vyvod-iz-zapoya/na-domu/mo/,/uslugi/vyvod-iz-zapoya/na-domu/moskovskaya-oblast/,Вывод из запоя,city,yes,moskovskaya-oblast,mo,egorevsk,P0,"Технический каталог metro, okrug или mo убран из публичного URL."
Вывод из запоя на дому — Дмитров,/uslugi/lechenie-alkogolizma/vyvod-iz-zapoya/na-domu/mo/dmitrov/,/uslugi/vyvod-iz-zapoya/na-domu/moskovskaya-oblast/dmitrov/,/uslugi/lechenie-alkogolizma/vyvod-iz-zapoya/na-domu/mo/,/uslugi/vyvod-iz-zapoya/na-domu/moskovskaya-oblast/,Вывод из запоя,city,yes,moskovskaya-oblast,mo,dmitrov,P0,"Технический каталог metro, okrug или mo убран из публичного URL."
Вывод из запоя на дому — Чехов,/uslugi/lechenie-alkogolizma/vyvod-iz-zapoya/na-domu/mo/chehov/,/uslugi/vyvod-iz-zapoya/na-domu/moskovskaya-oblast/chehov/,/uslugi/lechenie-alkogolizma/vyvod-iz-zapoya/na-domu/mo/,/uslugi/vyvod-iz-zapoya/na-domu/moskovskaya-oblast/,Вывод из запоя,city,yes,moskovskaya-oblast,mo,chehov,P0,"Технический каталог metro, okrug или mo убран из публичного URL."
Вывод из запоя на дому — Наро-Фоминск,/uslugi/lechenie-alkogolizma/vyvod-iz-zapoya/na-domu/mo/naro-fominsk/,/uslugi/vyvod-iz-zapoya/na-domu/moskovskaya-oblast/naro-fominsk/,/uslugi/lechenie-alkogolizma/vyvod-iz-zapoya/na-domu/mo/,/uslugi/vyvod-iz-zapoya/na-domu/moskovskaya-oblast/,Вывод из запоя,city,yes,moskovskaya-oblast,mo,naro-fominsk,P0,"Технический каталог metro, okrug или mo убран из публичного URL."
Вывод из запоя на дому — Ступино,/uslugi/lechenie-alkogolizma/vyvod-iz-zapoya/na-domu/mo/stupino/,/uslugi/vyvod-iz-zapoya/na-domu/moskovskaya-oblast/stupino/,/uslugi/lechenie-alkogolizma/vyvod-iz-zapoya/na-domu/mo/,/uslugi/vyvod-iz-zapoya/na-domu/moskovskaya-oblast/,Вывод из запоя,city,yes,moskovskaya-oblast,mo,stupino,P1,"Технический каталог metro, okrug или mo убран из публичного URL."
Вывод из запоя на дому — Видное,/uslugi/lechenie-alkogolizma/vyvod-iz-zapoya/na-domu/mo/vidnoe/,/uslugi/vyvod-iz-zapoya/na-domu/moskovskaya-oblast/vidnoe/,/uslugi/lechenie-alkogolizma/vyvod-iz-zapoya/na-domu/mo/,/uslugi/vyvod-iz-zapoya/na-domu/moskovskaya-oblast/,Вывод из запоя,city,yes,moskovskaya-oblast,mo,vidnoe,P1,"Технический каталог metro, okrug или mo убран из публичного URL."
Вывод из запоя на дому — Фрязино,/uslugi/lechenie-alkogolizma/vyvod-iz-zapoya/na-domu/mo/fryazino/,/uslugi/vyvod-iz-zapoya/na-domu/moskovskaya-oblast/fryazino/,/uslugi/lechenie-alkogolizma/vyvod-iz-zapoya/na-domu/mo/,/uslugi/vyvod-iz-zapoya/na-domu/moskovskaya-oblast/,Вывод из запоя,city,yes,moskovskaya-oblast,mo,fryazino,P1,"Технический каталог metro, okrug или mo убран из публичного URL."
Вывод из запоя на дому — Лыткарино,/uslugi/lechenie-alkogolizma/vyvod-iz-zapoya/na-domu/mo/lytkarino/,/uslugi/vyvod-iz-zapoya/na-domu/moskovskaya-oblast/lytkarino/,/uslugi/lechenie-alkogolizma/vyvod-iz-zapoya/na-domu/mo/,/uslugi/vyvod-iz-zapoya/na-domu/moskovskaya-oblast/,Вывод из запоя,city,yes,moskovskaya-oblast,mo,lytkarino,P1,"Технический каталог metro, okrug или mo убран из публичного URL."
Вывод из запоя на дому — Дзержинский,/uslugi/lechenie-alkogolizma/vyvod-iz-zapoya/na-domu/mo/dzerzhinskij/,/uslugi/vyvod-iz-zapoya/na-domu/moskovskaya-oblast/dzerzhinskij/,/uslugi/lechenie-alkogolizma/vyvod-iz-zapoya/na-domu/mo/,/uslugi/vyvod-iz-zapoya/na-domu/moskovskaya-oblast/,Вывод из запоя,city,yes,moskovskaya-oblast,mo,dzerzhinskij,P1,"Технический каталог metro, okrug или mo убран из публичного URL."
Вывод из запоя на дому — Котельники,/uslugi/lechenie-alkogolizma/vyvod-iz-zapoya/na-domu/mo/kotelniki/,/uslugi/vyvod-iz-zapoya/na-domu/moskovskaya-oblast/kotelniki/,/uslugi/lechenie-alkogolizma/vyvod-iz-zapoya/na-domu/mo/,/uslugi/vyvod-iz-zapoya/na-domu/moskovskaya-oblast/,Вывод из запоя,city,yes,moskovskaya-oblast,mo,kotelniki,P1,"Технический каталог metro, okrug или mo убран из публичного URL."
Вывод из запоя на дому — Истра,/uslugi/lechenie-alkogolizma/vyvod-iz-zapoya/na-domu/mo/istra/,/uslugi/vyvod-iz-zapoya/na-domu/moskovskaya-oblast/istra/,/uslugi/lechenie-alkogolizma/vyvod-iz-zapoya/na-domu/mo/,/uslugi/vyvod-iz-zapoya/na-domu/moskovskaya-oblast/,Вывод из запоя,city,yes,moskovskaya-oblast,mo,istra,P1,"Технический каталог metro, okrug или mo убран из публичного URL."
Вывод из запоя на дому — Дедовск,/uslugi/lechenie-alkogolizma/vyvod-iz-zapoya/na-domu/mo/dedovsk/,/uslugi/vyvod-iz-zapoya/na-domu/moskovskaya-oblast/dedovsk/,/uslugi/lechenie-alkogolizma/vyvod-iz-zapoya/na-domu/mo/,/uslugi/vyvod-iz-zapoya/na-domu/moskovskaya-oblast/,Вывод из запоя,city,yes,moskovskaya-oblast,mo,dedovsk,P1,"Технический каталог metro, okrug или mo убран из публичного URL."
Вывод из запоя на дому — Солнечногорск,/uslugi/lechenie-alkogolizma/vyvod-iz-zapoya/na-domu/mo/solnechnogorsk/,/uslugi/vyvod-iz-zapoya/na-domu/moskovskaya-oblast/solnechnogorsk/,/uslugi/lechenie-alkogolizma/vyvod-iz-zapoya/na-domu/mo/,/uslugi/vyvod-iz-zapoya/na-domu/moskovskaya-oblast/,Вывод из запоя,city,yes,moskovskaya-oblast,mo,solnechnogorsk,P1,"Технический каталог metro, okrug или mo убран из публичного URL."
Вывод из запоя на дому — Апрелевка,/uslugi/lechenie-alkogolizma/vyvod-iz-zapoya/na-domu/mo/aprelevka/,/uslugi/vyvod-iz-zapoya/na-domu/moskovskaya-oblast/aprelevka/,/uslugi/lechenie-alkogolizma/vyvod-iz-zapoya/na-domu/mo/,/uslugi/vyvod-iz-zapoya/na-domu/moskovskaya-oblast/,Вывод из запоя,city,yes,moskovskaya-oblast,mo,aprelevka,P1,"Технический каталог metro, okrug или mo убран из публичного URL."
Вывод из запоя на дому — Кубинка,/uslugi/lechenie-alkogolizma/vyvod-iz-zapoya/na-domu/mo/kubinka/,/uslugi/vyvod-iz-zapoya/na-domu/moskovskaya-oblast/kubinka/,/uslugi/lechenie-alkogolizma/vyvod-iz-zapoya/na-domu/mo/,/uslugi/vyvod-iz-zapoya/na-domu/moskovskaya-oblast/,Вывод из запоя,city,yes,moskovskaya-oblast,mo,kubinka,P1,"Технический каталог metro, okrug или mo убран из публичного URL."
Вывод из запоя на дому — Руза,/uslugi/lechenie-alkogolizma/vyvod-iz-zapoya/na-domu/mo/ruza/,/uslugi/vyvod-iz-zapoya/na-domu/moskovskaya-oblast/ruza/,/uslugi/lechenie-alkogolizma/vyvod-iz-zapoya/na-domu/mo/,/uslugi/vyvod-iz-zapoya/na-domu/moskovskaya-oblast/,Вывод из запоя,city,yes,moskovskaya-oblast,mo,ruza,P1,"Технический каталог metro, okrug или mo убран из публичного URL."
Вывод из запоя на дому — Звенигород,/uslugi/lechenie-alkogolizma/vyvod-iz-zapoya/na-domu/mo/zvenigorod/,/uslugi/vyvod-iz-zapoya/na-domu/moskovskaya-oblast/zvenigorod/,/uslugi/lechenie-alkogolizma/vyvod-iz-zapoya/na-domu/mo/,/uslugi/vyvod-iz-zapoya/na-domu/moskovskaya-oblast/,Вывод из запоя,city,yes,moskovskaya-oblast,mo,zvenigorod,P1,"Технический каталог metro, okrug или mo убран из публичного URL."
Вывод из запоя на дому — Можайск,/uslugi/lechenie-alkogolizma/vyvod-iz-zapoya/na-domu/mo/mozhajsk/,/uslugi/vyvod-iz-zapoya/na-domu/moskovskaya-oblast/mozhajsk/,/uslugi/lechenie-alkogolizma/vyvod-iz-zapoya/na-domu/mo/,/uslugi/vyvod-iz-zapoya/na-domu/moskovskaya-oblast/,Вывод из запоя,city,yes,moskovskaya-oblast,mo,mozhajsk,P1,"Технический каталог metro, okrug или mo убран из публичного URL."
Вывод из запоя на дому — Луховицы,/uslugi/lechenie-alkogolizma/vyvod-iz-zapoya/na-domu/mo/luhovicy/,/uslugi/vyvod-iz-zapoya/na-domu/moskovskaya-oblast/luhovicy/,/uslugi/lechenie-alkogolizma/vyvod-iz-zapoya/na-domu/mo/,/uslugi/vyvod-iz-zapoya/na-domu/moskovskaya-oblast/,Вывод из запоя,city,yes,moskovskaya-oblast,mo,luhovicy,P1,"Технический каталог metro, okrug или mo убран из публичного URL."
Вывод из запоя на дому — Кашира,/uslugi/lechenie-alkogolizma/vyvod-iz-zapoya/na-domu/mo/kashira/,/uslugi/vyvod-iz-zapoya/na-domu/moskovskaya-oblast/kashira/,/uslugi/lechenie-alkogolizma/vyvod-iz-zapoya/na-domu/mo/,/uslugi/vyvod-iz-zapoya/na-domu/moskovskaya-oblast/,Вывод из запоя,city,yes,moskovskaya-oblast,mo,kashira,P1,"Технический каталог metro, okrug или mo убран из публичного URL."
Вывод из запоя на дому — Протвино,/uslugi/lechenie-alkogolizma/vyvod-iz-zapoya/na-domu/mo/protvino/,/uslugi/vyvod-iz-zapoya/na-domu/moskovskaya-oblast/protvino/,/uslugi/lechenie-alkogolizma/vyvod-iz-zapoya/na-domu/mo/,/uslugi/vyvod-iz-zapoya/na-domu/moskovskaya-oblast/,Вывод из запоя,city,yes,moskovskaya-oblast,mo,protvino,P1,"Технический каталог metro, okrug или mo убран из публичного URL."
Вывод из запоя на дому — Дубна,/uslugi/lechenie-alkogolizma/vyvod-iz-zapoya/na-domu/mo/dubna/,/uslugi/vyvod-iz-zapoya/na-domu/moskovskaya-oblast/dubna/,/uslugi/lechenie-alkogolizma/vyvod-iz-zapoya/na-domu/mo/,/uslugi/vyvod-iz-zapoya/na-domu/moskovskaya-oblast/,Вывод из запоя,city,yes,moskovskaya-oblast,mo,dubna,P1,"Технический каталог metro, okrug или mo убран из публичного URL."
Вывод из запоя на дому — Черноголовка,/uslugi/lechenie-alkogolizma/vyvod-iz-zapoya/na-domu/mo/chernogolovka/,/uslugi/vyvod-iz-zapoya/na-domu/moskovskaya-oblast/chernogolovka/,/uslugi/lechenie-alkogolizma/vyvod-iz-zapoya/na-domu/mo/,/uslugi/vyvod-iz-zapoya/na-domu/moskovskaya-oblast/,Вывод из запоя,city,yes,moskovskaya-oblast,mo,chernogolovka,P1,"Технический каталог metro, okrug или mo убран из публичного URL."
Вывод из запоя на дому — Волоколамск,/uslugi/lechenie-alkogolizma/vyvod-iz-zapoya/na-domu/mo/volokolamsk/,/uslugi/vyvod-iz-zapoya/na-domu/moskovskaya-oblast/volokolamsk/,/uslugi/lechenie-alkogolizma/vyvod-iz-zapoya/na-domu/mo/,/uslugi/vyvod-iz-zapoya/na-domu/moskovskaya-oblast/,Вывод из запоя,city,yes,moskovskaya-oblast,mo,volokolamsk,P1,"Технический каталог metro, okrug или mo убран из публичного URL."
Капельница от запоя и алкоголя на дому — Аэропорт,/uslugi/lechenie-alkogolizma/kapelnitsy/ot-zapoya-i-alkogolya/metro/aeroport/,/uslugi/kapelnitsy/ot-zapoya-i-alkogolya/moskva/aeroport/,/uslugi/lechenie-alkogolizma/kapelnitsy/ot-zapoya-i-alkogolya/metro/,/uslugi/kapelnitsy/ot-zapoya-i-alkogolya/moskva/,Капельницы и детокс,metro,yes,moskva,metro,aeroport,P0,"Технический каталог metro, okrug или mo убран из публичного URL."
Капельница от запоя и алкоголя на дому — Александровский сад,/uslugi/lechenie-alkogolizma/kapelnitsy/ot-zapoya-i-alkogolya/metro/aleksandrovskij-sad/,/uslugi/kapelnitsy/ot-zapoya-i-alkogolya/moskva/aleksandrovskij-sad/,/uslugi/lechenie-alkogolizma/kapelnitsy/ot-zapoya-i-alkogolya/metro/,/uslugi/kapelnitsy/ot-zapoya-i-alkogolya/moskva/,Капельницы и детокс,metro,yes,moskva,metro,aleksandrovskij-sad,P0,"Технический каталог metro, okrug или mo убран из публичного URL."
Капельница от запоя и алкоголя на дому — Алексеевская,/uslugi/lechenie-alkogolizma/kapelnitsy/ot-zapoya-i-alkogolya/metro/alekseevskaya/,/uslugi/kapelnitsy/ot-zapoya-i-alkogolya/moskva/alekseevskaya/,/uslugi/lechenie-alkogolizma/kapelnitsy/ot-zapoya-i-alkogolya/metro/,/uslugi/kapelnitsy/ot-zapoya-i-alkogolya/moskva/,Капельницы и детокс,metro,yes,moskva,metro,alekseevskaya,P0,"Технический каталог metro, okrug или mo убран из публичного URL."
Капельница от запоя и алкоголя на дому — Алма-Атинская,/uslugi/lechenie-alkogolizma/kapelnitsy/ot-zapoya-i-alkogolya/metro/alma-atinskaya/,/uslugi/kapelnitsy/ot-zapoya-i-alkogolya/moskva/alma-atinskaya/,/uslugi/lechenie-alkogolizma/kapelnitsy/ot-zapoya-i-alkogolya/metro/,/uslugi/kapelnitsy/ot-zapoya-i-alkogolya/moskva/,Капельницы и детокс,metro,yes,moskva,metro,alma-atinskaya,P0,"Технический каталог metro, okrug или mo убран из публичного URL."
Капельница от запоя и алкоголя на дому — Алтуфьево,/uslugi/lechenie-alkogolizma/kapelnitsy/ot-zapoya-i-alkogolya/metro/altufevo/,/uslugi/kapelnitsy/ot-zapoya-i-alkogolya/moskva/altufevo/,/uslugi/lechenie-alkogolizma/kapelnitsy/ot-zapoya-i-alkogolya/metro/,/uslugi/kapelnitsy/ot-zapoya-i-alkogolya/moskva/,Капельницы и детокс,metro,yes,moskva,metro,altufevo,P0,"Технический каталог metro, okrug или mo убран из публичного URL."
Капельница от запоя и алкоголя на дому — Андроновка,/uslugi/lechenie-alkogolizma/kapelnitsy/ot-zapoya-i-alkogolya/metro/andronovka/,/uslugi/kapelnitsy/ot-zapoya-i-alkogolya/moskva/andronovka/,/uslugi/lechenie-alkogolizma/kapelnitsy/ot-zapoya-i-alkogolya/metro/,/uslugi/kapelnitsy/ot-zapoya-i-alkogolya/moskva/,Капельницы и детокс,metro,yes,moskva,metro,andronovka,P0,"Технический каталог metro, okrug или mo убран из публичного URL."
Капельница от запоя и алкоголя на дому — Аннино,/uslugi/lechenie-alkogolizma/kapelnitsy/ot-zapoya-i-alkogolya/metro/annino/,/uslugi/kapelnitsy/ot-zapoya-i-alkogolya/moskva/annino/,/uslugi/lechenie-alkogolizma/kapelnitsy/ot-zapoya-i-alkogolya/metro/,/uslugi/kapelnitsy/ot-zapoya-i-alkogolya/moskva/,Капельницы и детокс,metro,yes,moskva,metro,annino,P0,"Технический каталог metro, okrug или mo убран из публичного URL."
Капельница от запоя и алкоголя на дому — Арбатская,/uslugi/lechenie-alkogolizma/kapelnitsy/ot-zapoya-i-alkogolya/metro/arbatskaya/,/uslugi/kapelnitsy/ot-zapoya-i-alkogolya/moskva/arbatskaya/,/uslugi/lechenie-alkogolizma/kapelnitsy/ot-zapoya-i-alkogolya/metro/,/uslugi/kapelnitsy/ot-zapoya-i-alkogolya/moskva/,Капельницы и детокс,metro,yes,moskva,metro,arbatskaya,P0,"Технический каталог metro, okrug или mo убран из публичного URL."
Капельница от запоя и алкоголя на дому — Авиамоторная,/uslugi/lechenie-alkogolizma/kapelnitsy/ot-zapoya-i-alkogolya/metro/aviamotornaya/,/uslugi/kapelnitsy/ot-zapoya-i-alkogolya/moskva/aviamotornaya/,/uslugi/lechenie-alkogolizma/kapelnitsy/ot-zapoya-i-alkogolya/metro/,/uslugi/kapelnitsy/ot-zapoya-i-alkogolya/moskva/,Капельницы и детокс,metro,yes,moskva,metro,aviamotornaya,P0,"Технический каталог metro, okrug или mo убран из публичного URL."
Капельница от запоя и алкоголя на дому — Автозаводская,/uslugi/lechenie-alkogolizma/kapelnitsy/ot-zapoya-i-alkogolya/metro/avtozavodskaya/,/uslugi/kapelnitsy/ot-zapoya-i-alkogolya/moskva/avtozavodskaya/,/uslugi/lechenie-alkogolizma/kapelnitsy/ot-zapoya-i-alkogolya/metro/,/uslugi/kapelnitsy/ot-zapoya-i-alkogolya/moskva/,Капельницы и детокс,metro,yes,moskva,metro,avtozavodskaya,P0,"Технический каталог metro, okrug или mo убран из публичного URL."
Капельница от запоя и алкоголя на дому — Бабушкинская,/uslugi/lechenie-alkogolizma/kapelnitsy/ot-zapoya-i-alkogolya/metro/babushkinskaya/,/uslugi/kapelnitsy/ot-zapoya-i-alkogolya/moskva/babushkinskaya/,/uslugi/lechenie-alkogolizma/kapelnitsy/ot-zapoya-i-alkogolya/metro/,/uslugi/kapelnitsy/ot-zapoya-i-alkogolya/moskva/,Капельницы и детокс,metro,yes,moskva,metro,babushkinskaya,P0,"Технический каталог metro, okrug или mo убран из публичного URL."
Капельница от запоя и алкоголя на дому — Багратионовская,/uslugi/lechenie-alkogolizma/kapelnitsy/ot-zapoya-i-alkogolya/metro/bagrationovskaya/,/uslugi/kapelnitsy/ot-zapoya-i-alkogolya/moskva/bagrationovskaya/,/uslugi/lechenie-alkogolizma/kapelnitsy/ot-zapoya-i-alkogolya/metro/,/uslugi/kapelnitsy/ot-zapoya-i-alkogolya/moskva/,Капельницы и детокс,metro,yes,moskva,metro,bagrationovskaya,P0,"Технический каталог metro, okrug или mo убран из публичного URL."
Капельница от запоя и алкоголя на дому — Балтийская,/uslugi/lechenie-alkogolizma/kapelnitsy/ot-zapoya-i-alkogolya/metro/baltijskaya/,/uslugi/kapelnitsy/ot-zapoya-i-alkogolya/moskva/baltijskaya/,/uslugi/lechenie-alkogolizma/kapelnitsy/ot-zapoya-i-alkogolya/metro/,/uslugi/kapelnitsy/ot-zapoya-i-alkogolya/moskva/,Капельницы и детокс,metro,yes,moskva,metro,baltijskaya,P0,"Технический каталог metro, okrug или mo убран из публичного URL."
Капельница от запоя и алкоголя на дому — Баррикадная,/uslugi/lechenie-alkogolizma/kapelnitsy/ot-zapoya-i-alkogolya/metro/barrikadnaya/,/uslugi/kapelnitsy/ot-zapoya-i-alkogolya/moskva/barrikadnaya/,/uslugi/lechenie-alkogolizma/kapelnitsy/ot-zapoya-i-alkogolya/metro/,/uslugi/kapelnitsy/ot-zapoya-i-alkogolya/moskva/,Капельницы и детокс,metro,yes,moskva,metro,barrikadnaya,P0,"Технический каталог metro, okrug или mo убран из публичного URL."
Капельница от запоя и алкоголя на дому — Бауманская,/uslugi/lechenie-alkogolizma/kapelnitsy/ot-zapoya-i-alkogolya/metro/baumanskaya/,/uslugi/kapelnitsy/ot-zapoya-i-alkogolya/moskva/baumanskaya/,/uslugi/lechenie-alkogolizma/kapelnitsy/ot-zapoya-i-alkogolya/metro/,/uslugi/kapelnitsy/ot-zapoya-i-alkogolya/moskva/,Капельницы и детокс,metro,yes,moskva,metro,baumanskaya,P0,"Технический каталог metro, okrug или mo убран из публичного URL."
Капельница от запоя и алкоголя на дому — Беговая,/uslugi/lechenie-alkogolizma/kapelnitsy/ot-zapoya-i-alkogolya/metro/begovaya/,/uslugi/kapelnitsy/ot-zapoya-i-alkogolya/moskva/begovaya/,/uslugi/lechenie-alkogolizma/kapelnitsy/ot-zapoya-i-alkogolya/metro/,/uslugi/kapelnitsy/ot-zapoya-i-alkogolya/moskva/,Капельницы и детокс,metro,yes,moskva,metro,begovaya,P0,"Технический каталог metro, okrug или mo убран из публичного URL."
Капельница от запоя и алкоголя на дому — Белокаменная,/uslugi/lechenie-alkogolizma/kapelnitsy/ot-zapoya-i-alkogolya/metro/belokamennaya/,/uslugi/kapelnitsy/ot-zapoya-i-alkogolya/moskva/belokamennaya/,/uslugi/lechenie-alkogolizma/kapelnitsy/ot-zapoya-i-alkogolya/metro/,/uslugi/kapelnitsy/ot-zapoya-i-alkogolya/moskva/,Капельницы и детокс,metro,yes,moskva,metro,belokamennaya,P0,"Технический каталог metro, okrug или mo убран из публичного URL."
Капельница от запоя и алкоголя на дому — Белорусская,/uslugi/lechenie-alkogolizma/kapelnitsy/ot-zapoya-i-alkogolya/metro/belorusskaya/,/uslugi/kapelnitsy/ot-zapoya-i-alkogolya/moskva/belorusskaya/,/uslugi/lechenie-alkogolizma/kapelnitsy/ot-zapoya-i-alkogolya/metro/,/uslugi/kapelnitsy/ot-zapoya-i-alkogolya/moskva/,Капельницы и детокс,metro,yes,moskva,metro,belorusskaya,P0,"Технический каталог metro, okrug или mo убран из публичного URL."
Капельница от запоя и алкоголя на дому — Беляево,/uslugi/lechenie-alkogolizma/kapelnitsy/ot-zapoya-i-alkogolya/metro/belyaevo/,/uslugi/kapelnitsy/ot-zapoya-i-alkogolya/moskva/belyaevo/,/uslugi/lechenie-alkogolizma/kapelnitsy/ot-zapoya-i-alkogolya/metro/,/uslugi/kapelnitsy/ot-zapoya-i-alkogolya/moskva/,Капельницы и детокс,metro,yes,moskva,metro,belyaevo,P0,"Технический каталог metro, okrug или mo убран из публичного URL."
Капельница от запоя и алкоголя на дому — Бибирево,/uslugi/lechenie-alkogolizma/kapelnitsy/ot-zapoya-i-alkogolya/metro/bibirevo/,/uslugi/kapelnitsy/ot-zapoya-i-alkogolya/moskva/bibirevo/,/uslugi/lechenie-alkogolizma/kapelnitsy/ot-zapoya-i-alkogolya/metro/,/uslugi/kapelnitsy/ot-zapoya-i-alkogolya/moskva/,Капельницы и детокс,metro,yes,moskva,metro,bibirevo,P0,"Технический каталог metro, okrug или mo убран из публичного URL."
Капельница от запоя и алкоголя на дому — Библиотека имени Ленина,/uslugi/lechenie-alkogolizma/kapelnitsy/ot-zapoya-i-alkogolya/metro/biblioteka-imeni-lenina/,/uslugi/kapelnitsy/ot-zapoya-i-alkogolya/moskva/biblioteka-imeni-lenina/,/uslugi/lechenie-alkogolizma/kapelnitsy/ot-zapoya-i-alkogolya/metro/,/uslugi/kapelnitsy/ot-zapoya-i-alkogolya/moskva/,Капельницы и детокс,metro,yes,moskva,metro,biblioteka-imeni-lenina,P0,"Технический каталог metro, okrug или mo убран из публичного URL."
Капельница от запоя и алкоголя на дому — Битцевский парк,/uslugi/lechenie-alkogolizma/kapelnitsy/ot-zapoya-i-alkogolya/metro/bitcevskij-park/,/uslugi/kapelnitsy/ot-zapoya-i-alkogolya/moskva/bitcevskij-park/,/uslugi/lechenie-alkogolizma/kapelnitsy/ot-zapoya-i-alkogolya/metro/,/uslugi/kapelnitsy/ot-zapoya-i-alkogolya/moskva/,Капельницы и детокс,metro,yes,moskva,metro,bitcevskij-park,P0,"Технический каталог metro, okrug или mo убран из публичного URL."
Капельница от запоя и алкоголя на дому — Борисово,/uslugi/lechenie-alkogolizma/kapelnitsy/ot-zapoya-i-alkogolya/metro/borisovo/,/uslugi/kapelnitsy/ot-zapoya-i-alkogolya/moskva/borisovo/,/uslugi/lechenie-alkogolizma/kapelnitsy/ot-zapoya-i-alkogolya/metro/,/uslugi/kapelnitsy/ot-zapoya-i-alkogolya/moskva/,Капельницы и детокс,metro,yes,moskva,metro,borisovo,P0,"Технический каталог metro, okrug или mo убран из публичного URL."
Капельница от запоя и алкоголя на дому — Боровицкая,/uslugi/lechenie-alkogolizma/kapelnitsy/ot-zapoya-i-alkogolya/metro/borovickaya/,/uslugi/kapelnitsy/ot-zapoya-i-alkogolya/moskva/borovickaya/,/uslugi/lechenie-alkogolizma/kapelnitsy/ot-zapoya-i-alkogolya/metro/,/uslugi/kapelnitsy/ot-zapoya-i-alkogolya/moskva/,Капельницы и детокс,metro,yes,moskva,metro,borovickaya,P0,"Технический каталог metro, okrug или mo убран из публичного URL."
Капельница от запоя и алкоголя на дому — Ботанический сад,/uslugi/lechenie-alkogolizma/kapelnitsy/ot-zapoya-i-alkogolya/metro/botanicheskij-sad/,/uslugi/kapelnitsy/ot-zapoya-i-alkogolya/moskva/botanicheskij-sad/,/uslugi/lechenie-alkogolizma/kapelnitsy/ot-zapoya-i-alkogolya/metro/,/uslugi/kapelnitsy/ot-zapoya-i-alkogolya/moskva/,Капельницы и детокс,metro,yes,moskva,metro,botanicheskij-sad,P0,"Технический каталог metro, okrug или mo убран из публичного URL."
Капельница от запоя и алкоголя на дому — Братиславская,/uslugi/lechenie-alkogolizma/kapelnitsy/ot-zapoya-i-alkogolya/metro/bratislavskaya/,/uslugi/kapelnitsy/ot-zapoya-i-alkogolya/moskva/bratislavskaya/,/uslugi/lechenie-alkogolizma/kapelnitsy/ot-zapoya-i-alkogolya/metro/,/uslugi/kapelnitsy/ot-zapoya-i-alkogolya/moskva/,Капельницы и детокс,metro,yes,moskva,metro,bratislavskaya,P0,"Технический каталог metro, okrug или mo убран из публичного URL."
Капельница от запоя и алкоголя на дому — Бульвар Адмирала Ушакова,/uslugi/lechenie-alkogolizma/kapelnitsy/ot-zapoya-i-alkogolya/metro/bulvar-admirala-ushakova/,/uslugi/kapelnitsy/ot-zapoya-i-alkogolya/moskva/bulvar-admirala-ushakova/,/uslugi/lechenie-alkogolizma/kapelnitsy/ot-zapoya-i-alkogolya/metro/,/uslugi/kapelnitsy/ot-zapoya-i-alkogolya/moskva/,Капельницы и детокс,metro,yes,moskva,metro,bulvar-admirala-ushakova,P0,"Технический каталог metro, okrug или mo убран из публичного URL."
Капельница от запоя и алкоголя на дому — Бульвар Рокоссовского,/uslugi/lechenie-alkogolizma/kapelnitsy/ot-zapoya-i-alkogolya/metro/bulvar-rokossovskogo/,/uslugi/kapelnitsy/ot-zapoya-i-alkogolya/moskva/bulvar-rokossovskogo/,/uslugi/lechenie-alkogolizma/kapelnitsy/ot-zapoya-i-alkogolya/metro/,/uslugi/kapelnitsy/ot-zapoya-i-alkogolya/moskva/,Капельницы и детокс,metro,yes,moskva,metro,bulvar-rokossovskogo,P0,"Технический каталог metro, okrug или mo убран из публичного URL."
Капельница от запоя и алкоголя на дому — Бунинская аллея,/uslugi/lechenie-alkogolizma/kapelnitsy/ot-zapoya-i-alkogolya/metro/buninskaya-alleya/,/uslugi/kapelnitsy/ot-zapoya-i-alkogolya/moskva/buninskaya-alleya/,/uslugi/lechenie-alkogolizma/kapelnitsy/ot-zapoya-i-alkogolya/metro/,/uslugi/kapelnitsy/ot-zapoya-i-alkogolya/moskva/,Капельницы и детокс,metro,yes,moskva,metro,buninskaya-alleya,P0,"Технический каталог metro, okrug или mo убран из публичного URL."
Капельница от запоя и алкоголя на дому — Бутырская,/uslugi/lechenie-alkogolizma/kapelnitsy/ot-zapoya-i-alkogolya/metro/butyrskaya/,/uslugi/kapelnitsy/ot-zapoya-i-alkogolya/moskva/butyrskaya/,/uslugi/lechenie-alkogolizma/kapelnitsy/ot-zapoya-i-alkogolya/metro/,/uslugi/kapelnitsy/ot-zapoya-i-alkogolya/moskva/,Капельницы и детокс,metro,yes,moskva,metro,butyrskaya,P0,"Технический каталог metro, okrug или mo убран из публичного URL."
Капельница от запоя и алкоголя на дому — Чеховская,/uslugi/lechenie-alkogolizma/kapelnitsy/ot-zapoya-i-alkogolya/metro/chehovskaya/,/uslugi/kapelnitsy/ot-zapoya-i-alkogolya/moskva/chehovskaya/,/uslugi/lechenie-alkogolizma/kapelnitsy/ot-zapoya-i-alkogolya/metro/,/uslugi/kapelnitsy/ot-zapoya-i-alkogolya/moskva/,Капельницы и детокс,metro,yes,moskva,metro,chehovskaya,P0,"Технический каталог metro, okrug или mo убран из публичного URL."
Капельница от запоя и алкоголя на дому — Черкизовская,/uslugi/lechenie-alkogolizma/kapelnitsy/ot-zapoya-i-alkogolya/metro/cherkizovskaya/,/uslugi/kapelnitsy/ot-zapoya-i-alkogolya/moskva/cherkizovskaya/,/uslugi/lechenie-alkogolizma/kapelnitsy/ot-zapoya-i-alkogolya/metro/,/uslugi/kapelnitsy/ot-zapoya-i-alkogolya/moskva/,Капельницы и детокс,metro,yes,moskva,metro,cherkizovskaya,P0,"Технический каталог metro, okrug или mo убран из публичного URL."
Капельница от запоя и алкоголя на дому — Чертановская,/uslugi/lechenie-alkogolizma/kapelnitsy/ot-zapoya-i-alkogolya/metro/chertanovskaya/,/uslugi/kapelnitsy/ot-zapoya-i-alkogolya/moskva/chertanovskaya/,/uslugi/lechenie-alkogolizma/kapelnitsy/ot-zapoya-i-alkogolya/metro/,/uslugi/kapelnitsy/ot-zapoya-i-alkogolya/moskva/,Капельницы и детокс,metro,yes,moskva,metro,chertanovskaya,P0,"Технический каталог metro, okrug или mo убран из публичного URL."
Капельница от запоя и алкоголя на дому — Чистые пруды,/uslugi/lechenie-alkogolizma/kapelnitsy/ot-zapoya-i-alkogolya/metro/chistye-prudy/,/uslugi/kapelnitsy/ot-zapoya-i-alkogolya/moskva/chistye-prudy/,/uslugi/lechenie-alkogolizma/kapelnitsy/ot-zapoya-i-alkogolya/metro/,/uslugi/kapelnitsy/ot-zapoya-i-alkogolya/moskva/,Капельницы и детокс,metro,yes,moskva,metro,chistye-prudy,P0,"Технический каталог metro, okrug или mo убран из публичного URL."
Капельница от запоя и алкоголя на дому — Чкаловская,/uslugi/lechenie-alkogolizma/kapelnitsy/ot-zapoya-i-alkogolya/metro/chkalovskaya/,/uslugi/kapelnitsy/ot-zapoya-i-alkogolya/moskva/chkalovskaya/,/uslugi/lechenie-alkogolizma/kapelnitsy/ot-zapoya-i-alkogolya/metro/,/uslugi/kapelnitsy/ot-zapoya-i-alkogolya/moskva/,Капельницы и детокс,metro,yes,moskva,metro,chkalovskaya,P0,"Технический каталог metro, okrug или mo убран из публичного URL."
Капельница от запоя и алкоголя на дому — Царицыно,/uslugi/lechenie-alkogolizma/kapelnitsy/ot-zapoya-i-alkogolya/metro/caricyno/,/uslugi/kapelnitsy/ot-zapoya-i-alkogolya/moskva/caricyno/,/uslugi/lechenie-alkogolizma/kapelnitsy/ot-zapoya-i-alkogolya/metro/,/uslugi/kapelnitsy/ot-zapoya-i-alkogolya/moskva/,Капельницы и детокс,metro,yes,moskva,metro,caricyno,P0,"Технический каталог metro, okrug или mo убран из публичного URL."
Капельница от запоя и алкоголя на дому — ЦСКА,/uslugi/lechenie-alkogolizma/kapelnitsy/ot-zapoya-i-alkogolya/metro/cska/,/uslugi/kapelnitsy/ot-zapoya-i-alkogolya/moskva/cska/,/uslugi/lechenie-alkogolizma/kapelnitsy/ot-zapoya-i-alkogolya/metro/,/uslugi/kapelnitsy/ot-zapoya-i-alkogolya/moskva/,Капельницы и детокс,metro,yes,moskva,metro,cska,P0,"Технический каталог metro, okrug или mo убран из публичного URL."
Капельница от запоя и алкоголя на дому — Цветной бульвар,/uslugi/lechenie-alkogolizma/kapelnitsy/ot-zapoya-i-alkogolya/metro/cvetnoj-bulvar/,/uslugi/kapelnitsy/ot-zapoya-i-alkogolya/moskva/cvetnoj-bulvar/,/uslugi/lechenie-alkogolizma/kapelnitsy/ot-zapoya-i-alkogolya/metro/,/uslugi/kapelnitsy/ot-zapoya-i-alkogolya/moskva/,Капельницы и детокс,metro,yes,moskva,metro,cvetnoj-bulvar,P0,"Технический каталог metro, okrug или mo убран из публичного URL."
Капельница от запоя и алкоголя на дому — Деловой центр,/uslugi/lechenie-alkogolizma/kapelnitsy/ot-zapoya-i-alkogolya/metro/delovoj-centr/,/uslugi/kapelnitsy/ot-zapoya-i-alkogolya/moskva/delovoj-centr/,/uslugi/lechenie-alkogolizma/kapelnitsy/ot-zapoya-i-alkogolya/metro/,/uslugi/kapelnitsy/ot-zapoya-i-alkogolya/moskva/,Капельницы и детокс,metro,yes,moskva,metro,delovoj-centr,P0,"Технический каталог metro, okrug или mo убран из публичного URL."
Капельница от запоя и алкоголя на дому — Динамо,/uslugi/lechenie-alkogolizma/kapelnitsy/ot-zapoya-i-alkogolya/metro/dinamo/,/uslugi/kapelnitsy/ot-zapoya-i-alkogolya/moskva/dinamo/,/uslugi/lechenie-alkogolizma/kapelnitsy/ot-zapoya-i-alkogolya/metro/,/uslugi/kapelnitsy/ot-zapoya-i-alkogolya/moskva/,Капельницы и детокс,metro,yes,moskva,metro,dinamo,P0,"Технический каталог metro, okrug или mo убран из публичного URL."
Капельница от запоя и алкоголя на дому — Дмитровская,/uslugi/lechenie-alkogolizma/kapelnitsy/ot-zapoya-i-alkogolya/metro/dmitrovskaya/,/uslugi/kapelnitsy/ot-zapoya-i-alkogolya/moskva/dmitrovskaya/,/uslugi/lechenie-alkogolizma/kapelnitsy/ot-zapoya-i-alkogolya/metro/,/uslugi/kapelnitsy/ot-zapoya-i-alkogolya/moskva/,Капельницы и детокс,metro,yes,moskva,metro,dmitrovskaya,P0,"Технический каталог metro, okrug или mo убран из публичного URL."
Капельница от запоя и алкоголя на дому — Добрынинская,/uslugi/lechenie-alkogolizma/kapelnitsy/ot-zapoya-i-alkogolya/metro/dobryninskaya/,/uslugi/kapelnitsy/ot-zapoya-i-alkogolya/moskva/dobryninskaya/,/uslugi/lechenie-alkogolizma/kapelnitsy/ot-zapoya-i-alkogolya/metro/,/uslugi/kapelnitsy/ot-zapoya-i-alkogolya/moskva/,Капельницы и детокс,metro,yes,moskva,metro,dobryninskaya,P0,"Технический каталог metro, okrug или mo убран из публичного URL."
Капельница от запоя и алкоголя на дому — Домодедовская,/uslugi/lechenie-alkogolizma/kapelnitsy/ot-zapoya-i-alkogolya/metro/domodedovskaya/,/uslugi/kapelnitsy/ot-zapoya-i-alkogolya/moskva/domodedovskaya/,/uslugi/lechenie-alkogolizma/kapelnitsy/ot-zapoya-i-alkogolya/metro/,/uslugi/kapelnitsy/ot-zapoya-i-alkogolya/moskva/,Капельницы и детокс,metro,yes,moskva,metro,domodedovskaya,P0,"Технический каталог metro, okrug или mo убран из публичного URL."
Капельница от запоя и алкоголя на дому — Достоевская,/uslugi/lechenie-alkogolizma/kapelnitsy/ot-zapoya-i-alkogolya/metro/dostoevskaya/,/uslugi/kapelnitsy/ot-zapoya-i-alkogolya/moskva/dostoevskaya/,/uslugi/lechenie-alkogolizma/kapelnitsy/ot-zapoya-i-alkogolya/metro/,/uslugi/kapelnitsy/ot-zapoya-i-alkogolya/moskva/,Капельницы и детокс,metro,yes,moskva,metro,dostoevskaya,P0,"Технический каталог metro, okrug или mo убран из публичного URL."
Капельница от запоя и алкоголя на дому — Электрозаводская,/uslugi/lechenie-alkogolizma/kapelnitsy/ot-zapoya-i-alkogolya/metro/elektrozavodskaya/,/uslugi/kapelnitsy/ot-zapoya-i-alkogolya/moskva/elektrozavodskaya/,/uslugi/lechenie-alkogolizma/kapelnitsy/ot-zapoya-i-alkogolya/metro/,/uslugi/kapelnitsy/ot-zapoya-i-alkogolya/moskva/,Капельницы и детокс,metro,yes,moskva,metro,elektrozavodskaya,P0,"Технический каталог metro, okrug или mo убран из публичного URL."
Капельница от запоя и алкоголя на дому — Филёвский парк,/uslugi/lechenie-alkogolizma/kapelnitsy/ot-zapoya-i-alkogolya/metro/filevskij-park/,/uslugi/kapelnitsy/ot-zapoya-i-alkogolya/moskva/filevskij-park/,/uslugi/lechenie-alkogolizma/kapelnitsy/ot-zapoya-i-alkogolya/metro/,/uslugi/kapelnitsy/ot-zapoya-i-alkogolya/moskva/,Капельницы и детокс,metro,yes,moskva,metro,filevskij-park,P0,"Технический каталог metro, okrug или mo убран из публичного URL."
Капельница от запоя и алкоголя на дому — Фили,/uslugi/lechenie-alkogolizma/kapelnitsy/ot-zapoya-i-alkogolya/metro/fili/,/uslugi/kapelnitsy/ot-zapoya-i-alkogolya/moskva/fili/,/uslugi/lechenie-alkogolizma/kapelnitsy/ot-zapoya-i-alkogolya/metro/,/uslugi/kapelnitsy/ot-zapoya-i-alkogolya/moskva/,Капельницы и детокс,metro,yes,moskva,metro,fili,P0,"Технический каталог metro, okrug или mo убран из публичного URL."
Капельница от запоя и алкоголя на дому — Фонвизинская,/uslugi/lechenie-alkogolizma/kapelnitsy/ot-zapoya-i-alkogolya/metro/fonvizinskaya/,/uslugi/kapelnitsy/ot-zapoya-i-alkogolya/moskva/fonvizinskaya/,/uslugi/lechenie-alkogolizma/kapelnitsy/ot-zapoya-i-alkogolya/metro/,/uslugi/kapelnitsy/ot-zapoya-i-alkogolya/moskva/,Капельницы и детокс,metro,yes,moskva,metro,fonvizinskaya,P0,"Технический каталог metro, okrug или mo убран из публичного URL."
Капельница от запоя и алкоголя на дому — Фрунзенская,/uslugi/lechenie-alkogolizma/kapelnitsy/ot-zapoya-i-alkogolya/metro/frunzenskaya/,/uslugi/kapelnitsy/ot-zapoya-i-alkogolya/moskva/frunzenskaya/,/uslugi/lechenie-alkogolizma/kapelnitsy/ot-zapoya-i-alkogolya/metro/,/uslugi/kapelnitsy/ot-zapoya-i-alkogolya/moskva/,Капельницы и детокс,metro,yes,moskva,metro,frunzenskaya,P0,"Технический каталог metro, okrug или mo убран из публичного URL."
Капельница от запоя и алкоголя на дому — Хорошёвская,/uslugi/lechenie-alkogolizma/kapelnitsy/ot-zapoya-i-alkogolya/metro/horoshevskaya/,/uslugi/kapelnitsy/ot-zapoya-i-alkogolya/moskva/horoshevskaya/,/uslugi/lechenie-alkogolizma/kapelnitsy/ot-zapoya-i-alkogolya/metro/,/uslugi/kapelnitsy/ot-zapoya-i-alkogolya/moskva/,Капельницы и детокс,metro,yes,moskva,metro,horoshevskaya,P0,"Технический каталог metro, okrug или mo убран из публичного URL."
Капельница от запоя и алкоголя на дому — Ховрино,/uslugi/lechenie-alkogolizma/kapelnitsy/ot-zapoya-i-alkogolya/metro/hovrino/,/uslugi/kapelnitsy/ot-zapoya-i-alkogolya/moskva/hovrino/,/uslugi/lechenie-alkogolizma/kapelnitsy/ot-zapoya-i-alkogolya/metro/,/uslugi/kapelnitsy/ot-zapoya-i-alkogolya/moskva/,Капельницы и детокс,metro,yes,moskva,metro,hovrino,P0,"Технический каталог metro, okrug или mo убран из публичного URL."
Капельница от запоя и алкоголя на дому — Измайловская,/uslugi/lechenie-alkogolizma/kapelnitsy/ot-zapoya-i-alkogolya/metro/izmajlovskaya/,/uslugi/kapelnitsy/ot-zapoya-i-alkogolya/moskva/izmajlovskaya/,/uslugi/lechenie-alkogolizma/kapelnitsy/ot-zapoya-i-alkogolya/metro/,/uslugi/kapelnitsy/ot-zapoya-i-alkogolya/moskva/,Капельницы и детокс,metro,yes,moskva,metro,izmajlovskaya,P0,"Технический каталог metro, okrug или mo убран из публичного URL."
Капельница от запоя и алкоголя на дому — Каховская,/uslugi/lechenie-alkogolizma/kapelnitsy/ot-zapoya-i-alkogolya/metro/kahovskaya/,/uslugi/kapelnitsy/ot-zapoya-i-alkogolya/moskva/kahovskaya/,/uslugi/lechenie-alkogolizma/kapelnitsy/ot-zapoya-i-alkogolya/metro/,/uslugi/kapelnitsy/ot-zapoya-i-alkogolya/moskva/,Капельницы и детокс,metro,yes,moskva,metro,kahovskaya,P0,"Технический каталог metro, okrug или mo убран из публичного URL."
Капельница от запоя и алкоголя на дому — Калужская,/uslugi/lechenie-alkogolizma/kapelnitsy/ot-zapoya-i-alkogolya/metro/kaluzhskaya/,/uslugi/kapelnitsy/ot-zapoya-i-alkogolya/moskva/kaluzhskaya/,/uslugi/lechenie-alkogolizma/kapelnitsy/ot-zapoya-i-alkogolya/metro/,/uslugi/kapelnitsy/ot-zapoya-i-alkogolya/moskva/,Капельницы и детокс,metro,yes,moskva,metro,kaluzhskaya,P0,"Технический каталог metro, okrug или mo убран из публичного URL."
Капельница от запоя и алкоголя на дому — Кантемировская,/uslugi/lechenie-alkogolizma/kapelnitsy/ot-zapoya-i-alkogolya/metro/kantemirovskaya/,/uslugi/kapelnitsy/ot-zapoya-i-alkogolya/moskva/kantemirovskaya/,/uslugi/lechenie-alkogolizma/kapelnitsy/ot-zapoya-i-alkogolya/metro/,/uslugi/kapelnitsy/ot-zapoya-i-alkogolya/moskva/,Капельницы и детокс,metro,yes,moskva,metro,kantemirovskaya,P0,"Технический каталог metro, okrug или mo убран из публичного URL."
Капельница от запоя и алкоголя на дому — Каширская,/uslugi/lechenie-alkogolizma/kapelnitsy/ot-zapoya-i-alkogolya/metro/kashirskaya/,/uslugi/kapelnitsy/ot-zapoya-i-alkogolya/moskva/kashirskaya/,/uslugi/lechenie-alkogolizma/kapelnitsy/ot-zapoya-i-alkogolya/metro/,/uslugi/kapelnitsy/ot-zapoya-i-alkogolya/moskva/,Капельницы и детокс,metro,yes,moskva,metro,kashirskaya,P0,"Технический каталог metro, okrug или mo убран из публичного URL."
Капельница от запоя и алкоголя на дому — Киевская,/uslugi/lechenie-alkogolizma/kapelnitsy/ot-zapoya-i-alkogolya/metro/kievskaya/,/uslugi/kapelnitsy/ot-zapoya-i-alkogolya/moskva/kievskaya/,/uslugi/lechenie-alkogolizma/kapelnitsy/ot-zapoya-i-alkogolya/metro/,/uslugi/kapelnitsy/ot-zapoya-i-alkogolya/moskva/,Капельницы и детокс,metro,yes,moskva,metro,kievskaya,P0,"Технический каталог metro, okrug или mo убран из публичного URL."
Капельница от запоя и алкоголя на дому — Китай-город,/uslugi/lechenie-alkogolizma/kapelnitsy/ot-zapoya-i-alkogolya/metro/kitaj-gorod/,/uslugi/kapelnitsy/ot-zapoya-i-alkogolya/moskva/kitaj-gorod/,/uslugi/lechenie-alkogolizma/kapelnitsy/ot-zapoya-i-alkogolya/metro/,/uslugi/kapelnitsy/ot-zapoya-i-alkogolya/moskva/,Капельницы и детокс,metro,yes,moskva,metro,kitaj-gorod,P0,"Технический каталог metro, okrug или mo убран из публичного URL."
Капельница от запоя и алкоголя на дому — Коломенская,/uslugi/lechenie-alkogolizma/kapelnitsy/ot-zapoya-i-alkogolya/metro/kolomenskaya/,/uslugi/kapelnitsy/ot-zapoya-i-alkogolya/moskva/kolomenskaya/,/uslugi/lechenie-alkogolizma/kapelnitsy/ot-zapoya-i-alkogolya/metro/,/uslugi/kapelnitsy/ot-zapoya-i-alkogolya/moskva/,Капельницы и детокс,metro,yes,moskva,metro,kolomenskaya,P0,"Технический каталог metro, okrug или mo убран из публичного URL."
Капельница от запоя и алкоголя на дому — Комсомольская,/uslugi/lechenie-alkogolizma/kapelnitsy/ot-zapoya-i-alkogolya/metro/komsomolskaya/,/uslugi/kapelnitsy/ot-zapoya-i-alkogolya/moskva/komsomolskaya/,/uslugi/lechenie-alkogolizma/kapelnitsy/ot-zapoya-i-alkogolya/metro/,/uslugi/kapelnitsy/ot-zapoya-i-alkogolya/moskva/,Капельницы и детокс,metro,yes,moskva,metro,komsomolskaya,P0,"Технический каталог metro, okrug или mo убран из публичного URL."
Капельница от запоя и алкоголя на дому — Коньково,/uslugi/lechenie-alkogolizma/kapelnitsy/ot-zapoya-i-alkogolya/metro/konkovo/,/uslugi/kapelnitsy/ot-zapoya-i-alkogolya/moskva/konkovo/,/uslugi/lechenie-alkogolizma/kapelnitsy/ot-zapoya-i-alkogolya/metro/,/uslugi/kapelnitsy/ot-zapoya-i-alkogolya/moskva/,Капельницы и детокс,metro,yes,moskva,metro,konkovo,P0,"Технический каталог metro, okrug или mo убран из публичного URL."
Капельница от запоя и алкоголя на дому — Коптево,/uslugi/lechenie-alkogolizma/kapelnitsy/ot-zapoya-i-alkogolya/metro/koptevo/,/uslugi/kapelnitsy/ot-zapoya-i-alkogolya/moskva/koptevo/,/uslugi/lechenie-alkogolizma/kapelnitsy/ot-zapoya-i-alkogolya/metro/,/uslugi/kapelnitsy/ot-zapoya-i-alkogolya/moskva/,Капельницы и детокс,metro,yes,moskva,metro,koptevo,P0,"Технический каталог metro, okrug или mo убран из публичного URL."
Капельница от запоя и алкоголя на дому — Котельники,/uslugi/lechenie-alkogolizma/kapelnitsy/ot-zapoya-i-alkogolya/metro/kotelniki/,/uslugi/kapelnitsy/ot-zapoya-i-alkogolya/moskva/kotelniki/,/uslugi/lechenie-alkogolizma/kapelnitsy/ot-zapoya-i-alkogolya/metro/,/uslugi/kapelnitsy/ot-zapoya-i-alkogolya/moskva/,Капельницы и детокс,metro,yes,moskva,metro,kotelniki,P0,"Технический каталог metro, okrug или mo убран из публичного URL."
Капельница от запоя и алкоголя на дому — Кожуховская,/uslugi/lechenie-alkogolizma/kapelnitsy/ot-zapoya-i-alkogolya/metro/kozhuhovskaya/,/uslugi/kapelnitsy/ot-zapoya-i-alkogolya/moskva/kozhuhovskaya/,/uslugi/lechenie-alkogolizma/kapelnitsy/ot-zapoya-i-alkogolya/metro/,/uslugi/kapelnitsy/ot-zapoya-i-alkogolya/moskva/,Капельницы и детокс,metro,yes,moskva,metro,kozhuhovskaya,P0,"Технический каталог metro, okrug или mo убран из публичного URL."
Капельница от запоя и алкоголя на дому — Красногвардейская,/uslugi/lechenie-alkogolizma/kapelnitsy/ot-zapoya-i-alkogolya/metro/krasnogvardejskaya/,/uslugi/kapelnitsy/ot-zapoya-i-alkogolya/moskva/krasnogvardejskaya/,/uslugi/lechenie-alkogolizma/kapelnitsy/ot-zapoya-i-alkogolya/metro/,/uslugi/kapelnitsy/ot-zapoya-i-alkogolya/moskva/,Капельницы и детокс,metro,yes,moskva,metro,krasnogvardejskaya,P0,"Технический каталог metro, okrug или mo убран из публичного URL."
Капельница от запоя и алкоголя на дому — Краснопресненская,/uslugi/lechenie-alkogolizma/kapelnitsy/ot-zapoya-i-alkogolya/metro/krasnopresnenskaya/,/uslugi/kapelnitsy/ot-zapoya-i-alkogolya/moskva/krasnopresnenskaya/,/uslugi/lechenie-alkogolizma/kapelnitsy/ot-zapoya-i-alkogolya/metro/,/uslugi/kapelnitsy/ot-zapoya-i-alkogolya/moskva/,Капельницы и детокс,metro,yes,moskva,metro,krasnopresnenskaya,P0,"Технический каталог metro, okrug или mo убран из публичного URL."
Капельница от запоя и алкоголя на дому — Красносельская,/uslugi/lechenie-alkogolizma/kapelnitsy/ot-zapoya-i-alkogolya/metro/krasnoselskaya/,/uslugi/kapelnitsy/ot-zapoya-i-alkogolya/moskva/krasnoselskaya/,/uslugi/lechenie-alkogolizma/kapelnitsy/ot-zapoya-i-alkogolya/metro/,/uslugi/kapelnitsy/ot-zapoya-i-alkogolya/moskva/,Капельницы и детокс,metro,yes,moskva,metro,krasnoselskaya,P0,"Технический каталог metro, okrug или mo убран из публичного URL."
Капельница от запоя и алкоголя на дому — Красные ворота,/uslugi/lechenie-alkogolizma/kapelnitsy/ot-zapoya-i-alkogolya/metro/krasnye-vorota/,/uslugi/kapelnitsy/ot-zapoya-i-alkogolya/moskva/krasnye-vorota/,/uslugi/lechenie-alkogolizma/kapelnitsy/ot-zapoya-i-alkogolya/metro/,/uslugi/kapelnitsy/ot-zapoya-i-alkogolya/moskva/,Капельницы и детокс,metro,yes,moskva,metro,krasnye-vorota,P0,"Технический каталог metro, okrug или mo убран из публичного URL."
Капельница от запоя и алкоголя на дому — Крестьянская застава,/uslugi/lechenie-alkogolizma/kapelnitsy/ot-zapoya-i-alkogolya/metro/krestyanskaya-zastava/,/uslugi/kapelnitsy/ot-zapoya-i-alkogolya/moskva/krestyanskaya-zastava/,/uslugi/lechenie-alkogolizma/kapelnitsy/ot-zapoya-i-alkogolya/metro/,/uslugi/kapelnitsy/ot-zapoya-i-alkogolya/moskva/,Капельницы и детокс,metro,yes,moskva,metro,krestyanskaya-zastava,P0,"Технический каталог metro, okrug или mo убран из публичного URL."
Капельница от запоя и алкоголя на дому — Кропоткинская,/uslugi/lechenie-alkogolizma/kapelnitsy/ot-zapoya-i-alkogolya/metro/kropotkinskaya/,/uslugi/kapelnitsy/ot-zapoya-i-alkogolya/moskva/kropotkinskaya/,/uslugi/lechenie-alkogolizma/kapelnitsy/ot-zapoya-i-alkogolya/metro/,/uslugi/kapelnitsy/ot-zapoya-i-alkogolya/moskva/,Капельницы и детокс,metro,yes,moskva,metro,kropotkinskaya,P0,"Технический каталог metro, okrug или mo убран из публичного URL."
Капельница от запоя и алкоголя на дому — Крылатское,/uslugi/lechenie-alkogolizma/kapelnitsy/ot-zapoya-i-alkogolya/metro/krylatskoe/,/uslugi/kapelnitsy/ot-zapoya-i-alkogolya/moskva/krylatskoe/,/uslugi/lechenie-alkogolizma/kapelnitsy/ot-zapoya-i-alkogolya/metro/,/uslugi/kapelnitsy/ot-zapoya-i-alkogolya/moskva/,Капельницы и детокс,metro,yes,moskva,metro,krylatskoe,P0,"Технический каталог metro, okrug или mo убран из публичного URL."
Капельница от запоя и алкоголя на дому — Крымская,/uslugi/lechenie-alkogolizma/kapelnitsy/ot-zapoya-i-alkogolya/metro/krymskaya/,/uslugi/kapelnitsy/ot-zapoya-i-alkogolya/moskva/krymskaya/,/uslugi/lechenie-alkogolizma/kapelnitsy/ot-zapoya-i-alkogolya/metro/,/uslugi/kapelnitsy/ot-zapoya-i-alkogolya/moskva/,Капельницы и детокс,metro,yes,moskva,metro,krymskaya,P0,"Технический каталог metro, okrug или mo убран из публичного URL."
Капельница от запоя и алкоголя на дому — Кунцевская,/uslugi/lechenie-alkogolizma/kapelnitsy/ot-zapoya-i-alkogolya/metro/kuncevskaya/,/uslugi/kapelnitsy/ot-zapoya-i-alkogolya/moskva/kuncevskaya/,/uslugi/lechenie-alkogolizma/kapelnitsy/ot-zapoya-i-alkogolya/metro/,/uslugi/kapelnitsy/ot-zapoya-i-alkogolya/moskva/,Капельницы и детокс,metro,yes,moskva,metro,kuncevskaya,P0,"Технический каталог metro, okrug или mo убран из публичного URL."
Капельница от запоя и алкоголя на дому — Курская,/uslugi/lechenie-alkogolizma/kapelnitsy/ot-zapoya-i-alkogolya/metro/kurskaya/,/uslugi/kapelnitsy/ot-zapoya-i-alkogolya/moskva/kurskaya/,/uslugi/lechenie-alkogolizma/kapelnitsy/ot-zapoya-i-alkogolya/metro/,/uslugi/kapelnitsy/ot-zapoya-i-alkogolya/moskva/,Капельницы и детокс,metro,yes,moskva,metro,kurskaya,P0,"Технический каталог metro, okrug или mo убран из публичного URL."
Капельница от запоя и алкоголя на дому — Кутузовская,/uslugi/lechenie-alkogolizma/kapelnitsy/ot-zapoya-i-alkogolya/metro/kutuzovskaya/,/uslugi/kapelnitsy/ot-zapoya-i-alkogolya/moskva/kutuzovskaya/,/uslugi/lechenie-alkogolizma/kapelnitsy/ot-zapoya-i-alkogolya/metro/,/uslugi/kapelnitsy/ot-zapoya-i-alkogolya/moskva/,Капельницы и детокс,metro,yes,moskva,metro,kutuzovskaya,P0,"Технический каталог metro, okrug или mo убран из публичного URL."
Капельница от запоя и алкоголя на дому — Кузьминки,/uslugi/lechenie-alkogolizma/kapelnitsy/ot-zapoya-i-alkogolya/metro/kuzminki/,/uslugi/kapelnitsy/ot-zapoya-i-alkogolya/moskva/kuzminki/,/uslugi/lechenie-alkogolizma/kapelnitsy/ot-zapoya-i-alkogolya/metro/,/uslugi/kapelnitsy/ot-zapoya-i-alkogolya/moskva/,Капельницы и детокс,metro,yes,moskva,metro,kuzminki,P0,"Технический каталог metro, okrug или mo убран из публичного URL."
Капельница от запоя и алкоголя на дому — Кузнецкий мост,/uslugi/lechenie-alkogolizma/kapelnitsy/ot-zapoya-i-alkogolya/metro/kuzneckij-most/,/uslugi/kapelnitsy/ot-zapoya-i-alkogolya/moskva/kuzneckij-most/,/uslugi/lechenie-alkogolizma/kapelnitsy/ot-zapoya-i-alkogolya/metro/,/uslugi/kapelnitsy/ot-zapoya-i-alkogolya/moskva/,Капельницы и детокс,metro,yes,moskva,metro,kuzneckij-most,P0,"Технический каталог metro, okrug или mo убран из публичного URL."
Капельница от запоя и алкоголя на дому — Ленинский проспект,/uslugi/lechenie-alkogolizma/kapelnitsy/ot-zapoya-i-alkogolya/metro/leninskij-prospekt/,/uslugi/kapelnitsy/ot-zapoya-i-alkogolya/moskva/leninskij-prospekt/,/uslugi/lechenie-alkogolizma/kapelnitsy/ot-zapoya-i-alkogolya/metro/,/uslugi/kapelnitsy/ot-zapoya-i-alkogolya/moskva/,Капельницы и детокс,metro,yes,moskva,metro,leninskij-prospekt,P0,"Технический каталог metro, okrug или mo убран из публичного URL."
Капельница от запоя и алкоголя на дому — Лермонтовский проспект,/uslugi/lechenie-alkogolizma/kapelnitsy/ot-zapoya-i-alkogolya/metro/lermontovskij-prospekt/,/uslugi/kapelnitsy/ot-zapoya-i-alkogolya/moskva/lermontovskij-prospekt/,/uslugi/lechenie-alkogolizma/kapelnitsy/ot-zapoya-i-alkogolya/metro/,/uslugi/kapelnitsy/ot-zapoya-i-alkogolya/moskva/,Капельницы и детокс,metro,yes,moskva,metro,lermontovskij-prospekt,P0,"Технический каталог metro, okrug или mo убран из публичного URL."
Капельница от запоя и алкоголя на дому — Лесопарковая,/uslugi/lechenie-alkogolizma/kapelnitsy/ot-zapoya-i-alkogolya/metro/lesoparkovaya/,/uslugi/kapelnitsy/ot-zapoya-i-alkogolya/moskva/lesoparkovaya/,/uslugi/lechenie-alkogolizma/kapelnitsy/ot-zapoya-i-alkogolya/metro/,/uslugi/kapelnitsy/ot-zapoya-i-alkogolya/moskva/,Капельницы и детокс,metro,yes,moskva,metro,lesoparkovaya,P0,"Технический каталог metro, okrug или mo убран из публичного URL."
Капельница от запоя и алкоголя на дому — Лихоборы,/uslugi/lechenie-alkogolizma/kapelnitsy/ot-zapoya-i-alkogolya/metro/lihobory/,/uslugi/kapelnitsy/ot-zapoya-i-alkogolya/moskva/lihobory/,/uslugi/lechenie-alkogolizma/kapelnitsy/ot-zapoya-i-alkogolya/metro/,/uslugi/kapelnitsy/ot-zapoya-i-alkogolya/moskva/,Капельницы и детокс,metro,yes,moskva,metro,lihobory,P0,"Технический каталог metro, okrug или mo убран из публичного URL."
Капельница от запоя и алкоголя на дому — Локомотив,/uslugi/lechenie-alkogolizma/kapelnitsy/ot-zapoya-i-alkogolya/metro/lokomotiv/,/uslugi/kapelnitsy/ot-zapoya-i-alkogolya/moskva/lokomotiv/,/uslugi/lechenie-alkogolizma/kapelnitsy/ot-zapoya-i-alkogolya/metro/,/uslugi/kapelnitsy/ot-zapoya-i-alkogolya/moskva/,Капельницы и детокс,metro,yes,moskva,metro,lokomotiv,P0,"Технический каталог metro, okrug или mo убран из публичного URL."
Капельница от запоя и алкоголя на дому — Ломоносовский проспект,/uslugi/lechenie-alkogolizma/kapelnitsy/ot-zapoya-i-alkogolya/metro/lomonosovskij-prospekt/,/uslugi/kapelnitsy/ot-zapoya-i-alkogolya/moskva/lomonosovskij-prospekt/,/uslugi/lechenie-alkogolizma/kapelnitsy/ot-zapoya-i-alkogolya/metro/,/uslugi/kapelnitsy/ot-zapoya-i-alkogolya/moskva/,Капельницы и детокс,metro,yes,moskva,metro,lomonosovskij-prospekt,P0,"Технический каталог metro, okrug или mo убран из публичного URL."
Капельница от запоя и алкоголя на дому — Лубянка,/uslugi/lechenie-alkogolizma/kapelnitsy/ot-zapoya-i-alkogolya/metro/lubyanka/,/uslugi/kapelnitsy/ot-zapoya-i-alkogolya/moskva/lubyanka/,/uslugi/lechenie-alkogolizma/kapelnitsy/ot-zapoya-i-alkogolya/metro/,/uslugi/kapelnitsy/ot-zapoya-i-alkogolya/moskva/,Капельницы и детокс,metro,yes,moskva,metro,lubyanka,P0,"Технический каталог metro, okrug или mo убран из публичного URL."
Капельница от запоя и алкоголя на дому — Лужники,/uslugi/lechenie-alkogolizma/kapelnitsy/ot-zapoya-i-alkogolya/metro/luzhniki/,/uslugi/kapelnitsy/ot-zapoya-i-alkogolya/moskva/luzhniki/,/uslugi/lechenie-alkogolizma/kapelnitsy/ot-zapoya-i-alkogolya/metro/,/uslugi/kapelnitsy/ot-zapoya-i-alkogolya/moskva/,Капельницы и детокс,metro,yes,moskva,metro,luzhniki,P0,"Технический каталог metro, okrug или mo убран из публичного URL."
Капельница от запоя и алкоголя на дому — Люблино,/uslugi/lechenie-alkogolizma/kapelnitsy/ot-zapoya-i-alkogolya/metro/lyublino/,/uslugi/kapelnitsy/ot-zapoya-i-alkogolya/moskva/lyublino/,/uslugi/lechenie-alkogolizma/kapelnitsy/ot-zapoya-i-alkogolya/metro/,/uslugi/kapelnitsy/ot-zapoya-i-alkogolya/moskva/,Капельницы и детокс,metro,yes,moskva,metro,lyublino,P0,"Технический каталог metro, okrug или mo убран из публичного URL."
Капельница от запоя и алкоголя на дому — Марьино,/uslugi/lechenie-alkogolizma/kapelnitsy/ot-zapoya-i-alkogolya/metro/marino/,/uslugi/kapelnitsy/ot-zapoya-i-alkogolya/moskva/marino/,/uslugi/lechenie-alkogolizma/kapelnitsy/ot-zapoya-i-alkogolya/metro/,/uslugi/kapelnitsy/ot-zapoya-i-alkogolya/moskva/,Капельницы и детокс,metro,yes,moskva,metro,marino,P0,"Технический каталог metro, okrug или mo убран из публичного URL."
Капельница от запоя и алкоголя на дому — Марьина Роща,/uslugi/lechenie-alkogolizma/kapelnitsy/ot-zapoya-i-alkogolya/metro/marina-roshcha/,/uslugi/kapelnitsy/ot-zapoya-i-alkogolya/moskva/marina-roshcha/,/uslugi/lechenie-alkogolizma/kapelnitsy/ot-zapoya-i-alkogolya/metro/,/uslugi/kapelnitsy/ot-zapoya-i-alkogolya/moskva/,Капельницы и детокс,metro,yes,moskva,metro,marina-roshcha,P0,"Технический каталог metro, okrug или mo убран из публичного URL."
Капельница от запоя и алкоголя на дому — Марксистская,/uslugi/lechenie-alkogolizma/kapelnitsy/ot-zapoya-i-alkogolya/metro/marksistskaya/,/uslugi/kapelnitsy/ot-zapoya-i-alkogolya/moskva/marksistskaya/,/uslugi/lechenie-alkogolizma/kapelnitsy/ot-zapoya-i-alkogolya/metro/,/uslugi/kapelnitsy/ot-zapoya-i-alkogolya/moskva/,Капельницы и детокс,metro,yes,moskva,metro,marksistskaya,P0,"Технический каталог metro, okrug или mo убран из публичного URL."
Капельница от запоя и алкоголя на дому — Маяковская,/uslugi/lechenie-alkogolizma/kapelnitsy/ot-zapoya-i-alkogolya/metro/mayakovskaya/,/uslugi/kapelnitsy/ot-zapoya-i-alkogolya/moskva/mayakovskaya/,/uslugi/lechenie-alkogolizma/kapelnitsy/ot-zapoya-i-alkogolya/metro/,/uslugi/kapelnitsy/ot-zapoya-i-alkogolya/moskva/,Капельницы и детокс,metro,yes,moskva,metro,mayakovskaya,P0,"Технический каталог metro, okrug или mo убран из публичного URL."
Капельница от запоя и алкоголя на дому — Медведково,/uslugi/lechenie-alkogolizma/kapelnitsy/ot-zapoya-i-alkogolya/metro/medvedkovo/,/uslugi/kapelnitsy/ot-zapoya-i-alkogolya/moskva/medvedkovo/,/uslugi/lechenie-alkogolizma/kapelnitsy/ot-zapoya-i-alkogolya/metro/,/uslugi/kapelnitsy/ot-zapoya-i-alkogolya/moskva/,Капельницы и детокс,metro,yes,moskva,metro,medvedkovo,P0,"Технический каталог metro, okrug или mo убран из публичного URL."
Капельница от запоя и алкоголя на дому — Менделеевская,/uslugi/lechenie-alkogolizma/kapelnitsy/ot-zapoya-i-alkogolya/metro/mendeleevskaya/,/uslugi/kapelnitsy/ot-zapoya-i-alkogolya/moskva/mendeleevskaya/,/uslugi/lechenie-alkogolizma/kapelnitsy/ot-zapoya-i-alkogolya/metro/,/uslugi/kapelnitsy/ot-zapoya-i-alkogolya/moskva/,Капельницы и детокс,metro,yes,moskva,metro,mendeleevskaya,P0,"Технический каталог metro, okrug или mo убран из публичного URL."
Капельница от запоя и алкоголя на дому — Международная,/uslugi/lechenie-alkogolizma/kapelnitsy/ot-zapoya-i-alkogolya/metro/mezhdunarodnaya/,/uslugi/kapelnitsy/ot-zapoya-i-alkogolya/moskva/mezhdunarodnaya/,/uslugi/lechenie-alkogolizma/kapelnitsy/ot-zapoya-i-alkogolya/metro/,/uslugi/kapelnitsy/ot-zapoya-i-alkogolya/moskva/,Капельницы и детокс,metro,yes,moskva,metro,mezhdunarodnaya,P0,"Технический каталог metro, okrug или mo убран из публичного URL."
Капельница от запоя и алкоголя на дому — Минская,/uslugi/lechenie-alkogolizma/kapelnitsy/ot-zapoya-i-alkogolya/metro/minskaya/,/uslugi/kapelnitsy/ot-zapoya-i-alkogolya/moskva/minskaya/,/uslugi/lechenie-alkogolizma/kapelnitsy/ot-zapoya-i-alkogolya/metro/,/uslugi/kapelnitsy/ot-zapoya-i-alkogolya/moskva/,Капельницы и детокс,metro,yes,moskva,metro,minskaya,P0,"Технический каталог metro, okrug или mo убран из публичного URL."
Капельница от запоя и алкоголя на дому — Молодёжная,/uslugi/lechenie-alkogolizma/kapelnitsy/ot-zapoya-i-alkogolya/metro/molodezhnaya/,/uslugi/kapelnitsy/ot-zapoya-i-alkogolya/moskva/molodezhnaya/,/uslugi/lechenie-alkogolizma/kapelnitsy/ot-zapoya-i-alkogolya/metro/,/uslugi/kapelnitsy/ot-zapoya-i-alkogolya/moskva/,Капельницы и детокс,metro,yes,moskva,metro,molodezhnaya,P0,"Технический каталог metro, okrug или mo убран из публичного URL."
Капельница от запоя и алкоголя на дому — Мякинино,/uslugi/lechenie-alkogolizma/kapelnitsy/ot-zapoya-i-alkogolya/metro/myakinino/,/uslugi/kapelnitsy/ot-zapoya-i-alkogolya/moskva/myakinino/,/uslugi/lechenie-alkogolizma/kapelnitsy/ot-zapoya-i-alkogolya/metro/,/uslugi/kapelnitsy/ot-zapoya-i-alkogolya/moskva/,Капельницы и детокс,metro,yes,moskva,metro,myakinino,P0,"Технический каталог metro, okrug или mo убран из публичного URL."
Капельница от запоя и алкоголя на дому — Нагатинская,/uslugi/lechenie-alkogolizma/kapelnitsy/ot-zapoya-i-alkogolya/metro/nagatinskaya/,/uslugi/kapelnitsy/ot-zapoya-i-alkogolya/moskva/nagatinskaya/,/uslugi/lechenie-alkogolizma/kapelnitsy/ot-zapoya-i-alkogolya/metro/,/uslugi/kapelnitsy/ot-zapoya-i-alkogolya/moskva/,Капельницы и детокс,metro,yes,moskva,metro,nagatinskaya,P0,"Технический каталог metro, okrug или mo убран из публичного URL."
Капельница от запоя и алкоголя на дому — Нагорная,/uslugi/lechenie-alkogolizma/kapelnitsy/ot-zapoya-i-alkogolya/metro/nagornaya/,/uslugi/kapelnitsy/ot-zapoya-i-alkogolya/moskva/nagornaya/,/uslugi/lechenie-alkogolizma/kapelnitsy/ot-zapoya-i-alkogolya/metro/,/uslugi/kapelnitsy/ot-zapoya-i-alkogolya/moskva/,Капельницы и детокс,metro,yes,moskva,metro,nagornaya,P0,"Технический каталог metro, okrug или mo убран из публичного URL."
Капельница от запоя и алкоголя на дому — Нахимовский проспект,/uslugi/lechenie-alkogolizma/kapelnitsy/ot-zapoya-i-alkogolya/metro/nahimovskij-prospekt/,/uslugi/kapelnitsy/ot-zapoya-i-alkogolya/moskva/nahimovskij-prospekt/,/uslugi/lechenie-alkogolizma/kapelnitsy/ot-zapoya-i-alkogolya/metro/,/uslugi/kapelnitsy/ot-zapoya-i-alkogolya/moskva/,Капельницы и детокс,metro,yes,moskva,metro,nahimovskij-prospekt,P0,"Технический каталог metro, okrug или mo убран из публичного URL."
Капельница от запоя и алкоголя на дому — Нижегородская,/uslugi/lechenie-alkogolizma/kapelnitsy/ot-zapoya-i-alkogolya/metro/nizhegorodskaya/,/uslugi/kapelnitsy/ot-zapoya-i-alkogolya/moskva/nizhegorodskaya/,/uslugi/lechenie-alkogolizma/kapelnitsy/ot-zapoya-i-alkogolya/metro/,/uslugi/kapelnitsy/ot-zapoya-i-alkogolya/moskva/,Капельницы и детокс,metro,yes,moskva,metro,nizhegorodskaya,P0,"Технический каталог metro, okrug или mo убран из публичного URL."
Капельница от запоя и алкоголя на дому — Новогиреево,/uslugi/lechenie-alkogolizma/kapelnitsy/ot-zapoya-i-alkogolya/metro/novogireevo/,/uslugi/kapelnitsy/ot-zapoya-i-alkogolya/moskva/novogireevo/,/uslugi/lechenie-alkogolizma/kapelnitsy/ot-zapoya-i-alkogolya/metro/,/uslugi/kapelnitsy/ot-zapoya-i-alkogolya/moskva/,Капельницы и детокс,metro,yes,moskva,metro,novogireevo,P0,"Технический каталог metro, okrug или mo убран из публичного URL."
Капельница от запоя и алкоголя на дому — Новохохловская,/uslugi/lechenie-alkogolizma/kapelnitsy/ot-zapoya-i-alkogolya/metro/novohohlovskaya/,/uslugi/kapelnitsy/ot-zapoya-i-alkogolya/moskva/novohohlovskaya/,/uslugi/lechenie-alkogolizma/kapelnitsy/ot-zapoya-i-alkogolya/metro/,/uslugi/kapelnitsy/ot-zapoya-i-alkogolya/moskva/,Капельницы и детокс,metro,yes,moskva,metro,novohohlovskaya,P0,"Технический каталог metro, okrug или mo убран из публичного URL."
Капельница от запоя и алкоголя на дому — Новокосино,/uslugi/lechenie-alkogolizma/kapelnitsy/ot-zapoya-i-alkogolya/metro/novokosino/,/uslugi/kapelnitsy/ot-zapoya-i-alkogolya/moskva/novokosino/,/uslugi/lechenie-alkogolizma/kapelnitsy/ot-zapoya-i-alkogolya/metro/,/uslugi/kapelnitsy/ot-zapoya-i-alkogolya/moskva/,Капельницы и детокс,metro,yes,moskva,metro,novokosino,P0,"Технический каталог metro, okrug или mo убран из публичного URL."
Капельница от запоя и алкоголя на дому — Новокузнецкая,/uslugi/lechenie-alkogolizma/kapelnitsy/ot-zapoya-i-alkogolya/metro/novokuzneckaya/,/uslugi/kapelnitsy/ot-zapoya-i-alkogolya/moskva/novokuzneckaya/,/uslugi/lechenie-alkogolizma/kapelnitsy/ot-zapoya-i-alkogolya/metro/,/uslugi/kapelnitsy/ot-zapoya-i-alkogolya/moskva/,Капельницы и детокс,metro,yes,moskva,metro,novokuzneckaya,P0,"Технический каталог metro, okrug или mo убран из публичного URL."
Капельница от запоя и алкоголя на дому — Новослободская,/uslugi/lechenie-alkogolizma/kapelnitsy/ot-zapoya-i-alkogolya/metro/novoslobodskaya/,/uslugi/kapelnitsy/ot-zapoya-i-alkogolya/moskva/novoslobodskaya/,/uslugi/lechenie-alkogolizma/kapelnitsy/ot-zapoya-i-alkogolya/metro/,/uslugi/kapelnitsy/ot-zapoya-i-alkogolya/moskva/,Капельницы и детокс,metro,yes,moskva,metro,novoslobodskaya,P0,"Технический каталог metro, okrug или mo убран из публичного URL."
Капельница от запоя и алкоголя на дому — Новоясеневская,/uslugi/lechenie-alkogolizma/kapelnitsy/ot-zapoya-i-alkogolya/metro/novoyasenevskaya/,/uslugi/kapelnitsy/ot-zapoya-i-alkogolya/moskva/novoyasenevskaya/,/uslugi/lechenie-alkogolizma/kapelnitsy/ot-zapoya-i-alkogolya/metro/,/uslugi/kapelnitsy/ot-zapoya-i-alkogolya/moskva/,Капельницы и детокс,metro,yes,moskva,metro,novoyasenevskaya,P0,"Технический каталог metro, okrug или mo убран из публичного URL."
Капельница от запоя и алкоголя на дому — Новые Черёмушки,/uslugi/lechenie-alkogolizma/kapelnitsy/ot-zapoya-i-alkogolya/metro/novye-cheremushki/,/uslugi/kapelnitsy/ot-zapoya-i-alkogolya/moskva/novye-cheremushki/,/uslugi/lechenie-alkogolizma/kapelnitsy/ot-zapoya-i-alkogolya/metro/,/uslugi/kapelnitsy/ot-zapoya-i-alkogolya/moskva/,Капельницы и детокс,metro,yes,moskva,metro,novye-cheremushki,P0,"Технический каталог metro, okrug или mo убран из публичного URL."
Капельница от запоя и алкоголя на дому — Охотный Ряд,/uslugi/lechenie-alkogolizma/kapelnitsy/ot-zapoya-i-alkogolya/metro/ohotnyj-ryad/,/uslugi/kapelnitsy/ot-zapoya-i-alkogolya/moskva/ohotnyj-ryad/,/uslugi/lechenie-alkogolizma/kapelnitsy/ot-zapoya-i-alkogolya/metro/,/uslugi/kapelnitsy/ot-zapoya-i-alkogolya/moskva/,Капельницы и детокс,metro,yes,moskva,metro,ohotnyj-ryad,P0,"Технический каталог metro, okrug или mo убран из публичного URL."
Капельница от запоя и алкоголя на дому — Окружная,/uslugi/lechenie-alkogolizma/kapelnitsy/ot-zapoya-i-alkogolya/metro/okruzhnaya/,/uslugi/kapelnitsy/ot-zapoya-i-alkogolya/moskva/okruzhnaya/,/uslugi/lechenie-alkogolizma/kapelnitsy/ot-zapoya-i-alkogolya/metro/,/uslugi/kapelnitsy/ot-zapoya-i-alkogolya/moskva/,Капельницы и детокс,metro,yes,moskva,metro,okruzhnaya,P0,"Технический каталог metro, okrug или mo убран из публичного URL."
Капельница от запоя и алкоголя на дому — Октябрьское Поле,/uslugi/lechenie-alkogolizma/kapelnitsy/ot-zapoya-i-alkogolya/metro/oktyabrskoe-pole/,/uslugi/kapelnitsy/ot-zapoya-i-alkogolya/moskva/oktyabrskoe-pole/,/uslugi/lechenie-alkogolizma/kapelnitsy/ot-zapoya-i-alkogolya/metro/,/uslugi/kapelnitsy/ot-zapoya-i-alkogolya/moskva/,Капельницы и детокс,metro,yes,moskva,metro,oktyabrskoe-pole,P0,"Технический каталог metro, okrug или mo убран из публичного URL."
Капельница от запоя и алкоголя на дому — Октябрьская,/uslugi/lechenie-alkogolizma/kapelnitsy/ot-zapoya-i-alkogolya/metro/oktyabrskaya/,/uslugi/kapelnitsy/ot-zapoya-i-alkogolya/moskva/oktyabrskaya/,/uslugi/lechenie-alkogolizma/kapelnitsy/ot-zapoya-i-alkogolya/metro/,/uslugi/kapelnitsy/ot-zapoya-i-alkogolya/moskva/,Капельницы и детокс,metro,yes,moskva,metro,oktyabrskaya,P0,"Технический каталог metro, okrug или mo убран из публичного URL."
Капельница от запоя и алкоголя на дому — Орехово,/uslugi/lechenie-alkogolizma/kapelnitsy/ot-zapoya-i-alkogolya/metro/orehovo/,/uslugi/kapelnitsy/ot-zapoya-i-alkogolya/moskva/orehovo/,/uslugi/lechenie-alkogolizma/kapelnitsy/ot-zapoya-i-alkogolya/metro/,/uslugi/kapelnitsy/ot-zapoya-i-alkogolya/moskva/,Капельницы и детокс,metro,yes,moskva,metro,orehovo,P0,"Технический каталог metro, okrug или mo убран из публичного URL."
Капельница от запоя и алкоголя на дому — Отрадное,/uslugi/lechenie-alkogolizma/kapelnitsy/ot-zapoya-i-alkogolya/metro/otradnoe/,/uslugi/kapelnitsy/ot-zapoya-i-alkogolya/moskva/otradnoe/,/uslugi/lechenie-alkogolizma/kapelnitsy/ot-zapoya-i-alkogolya/metro/,/uslugi/kapelnitsy/ot-zapoya-i-alkogolya/moskva/,Капельницы и детокс,metro,yes,moskva,metro,otradnoe,P0,"Технический каталог metro, okrug или mo убран из публичного URL."
Капельница от запоя и алкоголя на дому — Панфиловская,/uslugi/lechenie-alkogolizma/kapelnitsy/ot-zapoya-i-alkogolya/metro/panfilovskaya/,/uslugi/kapelnitsy/ot-zapoya-i-alkogolya/moskva/panfilovskaya/,/uslugi/lechenie-alkogolizma/kapelnitsy/ot-zapoya-i-alkogolya/metro/,/uslugi/kapelnitsy/ot-zapoya-i-alkogolya/moskva/,Капельницы и детокс,metro,yes,moskva,metro,panfilovskaya,P0,"Технический каталог metro, okrug или mo убран из публичного URL."
Капельница от запоя и алкоголя на дому — Парк культуры,/uslugi/lechenie-alkogolizma/kapelnitsy/ot-zapoya-i-alkogolya/metro/park-kultury/,/uslugi/kapelnitsy/ot-zapoya-i-alkogolya/moskva/park-kultury/,/uslugi/lechenie-alkogolizma/kapelnitsy/ot-zapoya-i-alkogolya/metro/,/uslugi/kapelnitsy/ot-zapoya-i-alkogolya/moskva/,Капельницы и детокс,metro,yes,moskva,metro,park-kultury,P0,"Технический каталог metro, okrug или mo убран из публичного URL."
Капельница от запоя и алкоголя на дому — Парк Победы,/uslugi/lechenie-alkogolizma/kapelnitsy/ot-zapoya-i-alkogolya/metro/park-pobedy/,/uslugi/kapelnitsy/ot-zapoya-i-alkogolya/moskva/park-pobedy/,/uslugi/lechenie-alkogolizma/kapelnitsy/ot-zapoya-i-alkogolya/metro/,/uslugi/kapelnitsy/ot-zapoya-i-alkogolya/moskva/,Капельницы и детокс,metro,yes,moskva,metro,park-pobedy,P0,"Технический каталог metro, okrug или mo убран из публичного URL."
Капельница от запоя и алкоголя на дому — Партизанская,/uslugi/lechenie-alkogolizma/kapelnitsy/ot-zapoya-i-alkogolya/metro/partizanskaya/,/uslugi/kapelnitsy/ot-zapoya-i-alkogolya/moskva/partizanskaya/,/uslugi/lechenie-alkogolizma/kapelnitsy/ot-zapoya-i-alkogolya/metro/,/uslugi/kapelnitsy/ot-zapoya-i-alkogolya/moskva/,Капельницы и детокс,metro,yes,moskva,metro,partizanskaya,P0,"Технический каталог metro, okrug или mo убран из публичного URL."
Капельница от запоя и алкоголя на дому — Павелецкая,/uslugi/lechenie-alkogolizma/kapelnitsy/ot-zapoya-i-alkogolya/metro/paveleckaya/,/uslugi/kapelnitsy/ot-zapoya-i-alkogolya/moskva/paveleckaya/,/uslugi/lechenie-alkogolizma/kapelnitsy/ot-zapoya-i-alkogolya/metro/,/uslugi/kapelnitsy/ot-zapoya-i-alkogolya/moskva/,Капельницы и детокс,metro,yes,moskva,metro,paveleckaya,P0,"Технический каталог metro, okrug или mo убран из публичного URL."
Капельница от запоя и алкоголя на дому — Печатники,/uslugi/lechenie-alkogolizma/kapelnitsy/ot-zapoya-i-alkogolya/metro/pechatniki/,/uslugi/kapelnitsy/ot-zapoya-i-alkogolya/moskva/pechatniki/,/uslugi/lechenie-alkogolizma/kapelnitsy/ot-zapoya-i-alkogolya/metro/,/uslugi/kapelnitsy/ot-zapoya-i-alkogolya/moskva/,Капельницы и детокс,metro,yes,moskva,metro,pechatniki,P0,"Технический каталог metro, okrug или mo убран из публичного URL."
Капельница от запоя и алкоголя на дому — Перово,/uslugi/lechenie-alkogolizma/kapelnitsy/ot-zapoya-i-alkogolya/metro/perovo/,/uslugi/kapelnitsy/ot-zapoya-i-alkogolya/moskva/perovo/,/uslugi/lechenie-alkogolizma/kapelnitsy/ot-zapoya-i-alkogolya/metro/,/uslugi/kapelnitsy/ot-zapoya-i-alkogolya/moskva/,Капельницы и детокс,metro,yes,moskva,metro,perovo,P0,"Технический каталог metro, okrug или mo убран из публичного URL."
Капельница от запоя и алкоголя на дому — Первомайская,/uslugi/lechenie-alkogolizma/kapelnitsy/ot-zapoya-i-alkogolya/metro/pervomajskaya/,/uslugi/kapelnitsy/ot-zapoya-i-alkogolya/moskva/pervomajskaya/,/uslugi/lechenie-alkogolizma/kapelnitsy/ot-zapoya-i-alkogolya/metro/,/uslugi/kapelnitsy/ot-zapoya-i-alkogolya/moskva/,Капельницы и детокс,metro,yes,moskva,metro,pervomajskaya,P0,"Технический каталог metro, okrug или mo убран из публичного URL."
Капельница от запоя и алкоголя на дому — Петровский парк,/uslugi/lechenie-alkogolizma/kapelnitsy/ot-zapoya-i-alkogolya/metro/petrovskij-park/,/uslugi/kapelnitsy/ot-zapoya-i-alkogolya/moskva/petrovskij-park/,/uslugi/lechenie-alkogolizma/kapelnitsy/ot-zapoya-i-alkogolya/metro/,/uslugi/kapelnitsy/ot-zapoya-i-alkogolya/moskva/,Капельницы и детокс,metro,yes,moskva,metro,petrovskij-park,P0,"Технический каталог metro, okrug или mo убран из публичного URL."
Капельница от запоя и алкоголя на дому — Петровско-Разумовская,/uslugi/lechenie-alkogolizma/kapelnitsy/ot-zapoya-i-alkogolya/metro/petrovsko-razumovskaya/,/uslugi/kapelnitsy/ot-zapoya-i-alkogolya/moskva/petrovsko-razumovskaya/,/uslugi/lechenie-alkogolizma/kapelnitsy/ot-zapoya-i-alkogolya/metro/,/uslugi/kapelnitsy/ot-zapoya-i-alkogolya/moskva/,Капельницы и детокс,metro,yes,moskva,metro,petrovsko-razumovskaya,P0,"Технический каталог metro, okrug или mo убран из публичного URL."
Капельница от запоя и алкоголя на дому — Пионерская,/uslugi/lechenie-alkogolizma/kapelnitsy/ot-zapoya-i-alkogolya/metro/pionerskaya/,/uslugi/kapelnitsy/ot-zapoya-i-alkogolya/moskva/pionerskaya/,/uslugi/lechenie-alkogolizma/kapelnitsy/ot-zapoya-i-alkogolya/metro/,/uslugi/kapelnitsy/ot-zapoya-i-alkogolya/moskva/,Капельницы и детокс,metro,yes,moskva,metro,pionerskaya,P0,"Технический каталог metro, okrug или mo убран из публичного URL."
Капельница от запоя и алкоголя на дому — Планерная,/uslugi/lechenie-alkogolizma/kapelnitsy/ot-zapoya-i-alkogolya/metro/planernaya/,/uslugi/kapelnitsy/ot-zapoya-i-alkogolya/moskva/planernaya/,/uslugi/lechenie-alkogolizma/kapelnitsy/ot-zapoya-i-alkogolya/metro/,/uslugi/kapelnitsy/ot-zapoya-i-alkogolya/moskva/,Капельницы и детокс,metro,yes,moskva,metro,planernaya,P0,"Технический каталог metro, okrug или mo убран из публичного URL."
Капельница от запоя и алкоголя на дому — Площадь Гагарина,/uslugi/lechenie-alkogolizma/kapelnitsy/ot-zapoya-i-alkogolya/metro/ploshchad-gagarina/,/uslugi/kapelnitsy/ot-zapoya-i-alkogolya/moskva/ploshchad-gagarina/,/uslugi/lechenie-alkogolizma/kapelnitsy/ot-zapoya-i-alkogolya/metro/,/uslugi/kapelnitsy/ot-zapoya-i-alkogolya/moskva/,Капельницы и детокс,metro,yes,moskva,metro,ploshchad-gagarina,P0,"Технический каталог metro, okrug или mo убран из публичного URL."
Капельница от запоя и алкоголя на дому — Площадь Ильича,/uslugi/lechenie-alkogolizma/kapelnitsy/ot-zapoya-i-alkogolya/metro/ploshchad-ilicha/,/uslugi/kapelnitsy/ot-zapoya-i-alkogolya/moskva/ploshchad-ilicha/,/uslugi/lechenie-alkogolizma/kapelnitsy/ot-zapoya-i-alkogolya/metro/,/uslugi/kapelnitsy/ot-zapoya-i-alkogolya/moskva/,Капельницы и детокс,metro,yes,moskva,metro,ploshchad-ilicha,P0,"Технический каталог metro, okrug или mo убран из публичного URL."
Капельница от запоя и алкоголя на дому — Площадь Революции,/uslugi/lechenie-alkogolizma/kapelnitsy/ot-zapoya-i-alkogolya/metro/ploshchad-revolyucii/,/uslugi/kapelnitsy/ot-zapoya-i-alkogolya/moskva/ploshchad-revolyucii/,/uslugi/lechenie-alkogolizma/kapelnitsy/ot-zapoya-i-alkogolya/metro/,/uslugi/kapelnitsy/ot-zapoya-i-alkogolya/moskva/,Капельницы и детокс,metro,yes,moskva,metro,ploshchad-revolyucii,P0,"Технический каталог metro, okrug или mo убран из публичного URL."
Капельница от запоя и алкоголя на дому — Полежаевская,/uslugi/lechenie-alkogolizma/kapelnitsy/ot-zapoya-i-alkogolya/metro/polezhaevskaya/,/uslugi/kapelnitsy/ot-zapoya-i-alkogolya/moskva/polezhaevskaya/,/uslugi/lechenie-alkogolizma/kapelnitsy/ot-zapoya-i-alkogolya/metro/,/uslugi/kapelnitsy/ot-zapoya-i-alkogolya/moskva/,Капельницы и детокс,metro,yes,moskva,metro,polezhaevskaya,P0,"Технический каталог metro, okrug или mo убран из публичного URL."
Капельница от запоя и алкоголя на дому — Полянка,/uslugi/lechenie-alkogolizma/kapelnitsy/ot-zapoya-i-alkogolya/metro/polyanka/,/uslugi/kapelnitsy/ot-zapoya-i-alkogolya/moskva/polyanka/,/uslugi/lechenie-alkogolizma/kapelnitsy/ot-zapoya-i-alkogolya/metro/,/uslugi/kapelnitsy/ot-zapoya-i-alkogolya/moskva/,Капельницы и детокс,metro,yes,moskva,metro,polyanka,P0,"Технический каталог metro, okrug или mo убран из публичного URL."
Капельница от запоя и алкоголя на дому — Пражская,/uslugi/lechenie-alkogolizma/kapelnitsy/ot-zapoya-i-alkogolya/metro/prazhskaya/,/uslugi/kapelnitsy/ot-zapoya-i-alkogolya/moskva/prazhskaya/,/uslugi/lechenie-alkogolizma/kapelnitsy/ot-zapoya-i-alkogolya/metro/,/uslugi/kapelnitsy/ot-zapoya-i-alkogolya/moskva/,Капельницы и детокс,metro,yes,moskva,metro,prazhskaya,P0,"Технический каталог metro, okrug или mo убран из публичного URL."
Капельница от запоя и алкоголя на дому — Преображенская площадь,/uslugi/lechenie-alkogolizma/kapelnitsy/ot-zapoya-i-alkogolya/metro/preobrazhenskaya-ploshchad/,/uslugi/kapelnitsy/ot-zapoya-i-alkogolya/moskva/preobrazhenskaya-ploshchad/,/uslugi/lechenie-alkogolizma/kapelnitsy/ot-zapoya-i-alkogolya/metro/,/uslugi/kapelnitsy/ot-zapoya-i-alkogolya/moskva/,Капельницы и детокс,metro,yes,moskva,metro,preobrazhenskaya-ploshchad,P0,"Технический каталог metro, okrug или mo убран из публичного URL."
Капельница от запоя и алкоголя на дому — Профсоюзная,/uslugi/lechenie-alkogolizma/kapelnitsy/ot-zapoya-i-alkogolya/metro/profsoyuznaya/,/uslugi/kapelnitsy/ot-zapoya-i-alkogolya/moskva/profsoyuznaya/,/uslugi/lechenie-alkogolizma/kapelnitsy/ot-zapoya-i-alkogolya/metro/,/uslugi/kapelnitsy/ot-zapoya-i-alkogolya/moskva/,Капельницы и детокс,metro,yes,moskva,metro,profsoyuznaya,P0,"Технический каталог metro, okrug или mo убран из публичного URL."
Капельница от запоя и алкоголя на дому — Пролетарская,/uslugi/lechenie-alkogolizma/kapelnitsy/ot-zapoya-i-alkogolya/metro/proletarskaya/,/uslugi/kapelnitsy/ot-zapoya-i-alkogolya/moskva/proletarskaya/,/uslugi/lechenie-alkogolizma/kapelnitsy/ot-zapoya-i-alkogolya/metro/,/uslugi/kapelnitsy/ot-zapoya-i-alkogolya/moskva/,Капельницы и детокс,metro,yes,moskva,metro,proletarskaya,P0,"Технический каталог metro, okrug или mo убран из публичного URL."
Капельница от запоя и алкоголя на дому — Проспект Мира,/uslugi/lechenie-alkogolizma/kapelnitsy/ot-zapoya-i-alkogolya/metro/prospekt-mira/,/uslugi/kapelnitsy/ot-zapoya-i-alkogolya/moskva/prospekt-mira/,/uslugi/lechenie-alkogolizma/kapelnitsy/ot-zapoya-i-alkogolya/metro/,/uslugi/kapelnitsy/ot-zapoya-i-alkogolya/moskva/,Капельницы и детокс,metro,yes,moskva,metro,prospekt-mira,P0,"Технический каталог metro, okrug или mo убран из публичного URL."
Капельница от запоя и алкоголя на дому — Проспект Вернадского,/uslugi/lechenie-alkogolizma/kapelnitsy/ot-zapoya-i-alkogolya/metro/prospekt-vernadskogo/,/uslugi/kapelnitsy/ot-zapoya-i-alkogolya/moskva/prospekt-vernadskogo/,/uslugi/lechenie-alkogolizma/kapelnitsy/ot-zapoya-i-alkogolya/metro/,/uslugi/kapelnitsy/ot-zapoya-i-alkogolya/moskva/,Капельницы и детокс,metro,yes,moskva,metro,prospekt-vernadskogo,P0,"Технический каталог metro, okrug или mo убран из публичного URL."
Капельница от запоя и алкоголя на дому — Пушкинская,/uslugi/lechenie-alkogolizma/kapelnitsy/ot-zapoya-i-alkogolya/metro/pushkinskaya/,/uslugi/kapelnitsy/ot-zapoya-i-alkogolya/moskva/pushkinskaya/,/uslugi/lechenie-alkogolizma/kapelnitsy/ot-zapoya-i-alkogolya/metro/,/uslugi/kapelnitsy/ot-zapoya-i-alkogolya/moskva/,Капельницы и детокс,metro,yes,moskva,metro,pushkinskaya,P0,"Технический каталог metro, okrug или mo убран из публичного URL."
Капельница от запоя и алкоголя на дому — Пятницкое шоссе,/uslugi/lechenie-alkogolizma/kapelnitsy/ot-zapoya-i-alkogolya/metro/pyatnickoe-shosse/,/uslugi/kapelnitsy/ot-zapoya-i-alkogolya/moskva/pyatnickoe-shosse/,/uslugi/lechenie-alkogolizma/kapelnitsy/ot-zapoya-i-alkogolya/metro/,/uslugi/kapelnitsy/ot-zapoya-i-alkogolya/moskva/,Капельницы и детокс,metro,yes,moskva,metro,pyatnickoe-shosse,P0,"Технический каталог metro, okrug или mo убран из публичного URL."
Капельница от запоя и алкоголя на дому — Раменки,/uslugi/lechenie-alkogolizma/kapelnitsy/ot-zapoya-i-alkogolya/metro/ramenki/,/uslugi/kapelnitsy/ot-zapoya-i-alkogolya/moskva/ramenki/,/uslugi/lechenie-alkogolizma/kapelnitsy/ot-zapoya-i-alkogolya/metro/,/uslugi/kapelnitsy/ot-zapoya-i-alkogolya/moskva/,Капельницы и детокс,metro,yes,moskva,metro,ramenki,P0,"Технический каталог metro, okrug или mo убран из публичного URL."
Капельница от запоя и алкоголя на дому — Речной вокзал,/uslugi/lechenie-alkogolizma/kapelnitsy/ot-zapoya-i-alkogolya/metro/rechnoj-vokzal/,/uslugi/kapelnitsy/ot-zapoya-i-alkogolya/moskva/rechnoj-vokzal/,/uslugi/lechenie-alkogolizma/kapelnitsy/ot-zapoya-i-alkogolya/metro/,/uslugi/kapelnitsy/ot-zapoya-i-alkogolya/moskva/,Капельницы и детокс,metro,yes,moskva,metro,rechnoj-vokzal,P0,"Технический каталог metro, okrug или mo убран из публичного URL."
Капельница от запоя и алкоголя на дому — Римская,/uslugi/lechenie-alkogolizma/kapelnitsy/ot-zapoya-i-alkogolya/metro/rimskaya/,/uslugi/kapelnitsy/ot-zapoya-i-alkogolya/moskva/rimskaya/,/uslugi/lechenie-alkogolizma/kapelnitsy/ot-zapoya-i-alkogolya/metro/,/uslugi/kapelnitsy/ot-zapoya-i-alkogolya/moskva/,Капельницы и детокс,metro,yes,moskva,metro,rimskaya,P0,"Технический каталог metro, okrug или mo убран из публичного URL."
Капельница от запоя и алкоголя на дому — Рижская,/uslugi/lechenie-alkogolizma/kapelnitsy/ot-zapoya-i-alkogolya/metro/rizhskaya/,/uslugi/kapelnitsy/ot-zapoya-i-alkogolya/moskva/rizhskaya/,/uslugi/lechenie-alkogolizma/kapelnitsy/ot-zapoya-i-alkogolya/metro/,/uslugi/kapelnitsy/ot-zapoya-i-alkogolya/moskva/,Капельницы и детокс,metro,yes,moskva,metro,rizhskaya,P0,"Технический каталог metro, okrug или mo убран из публичного URL."
Капельница от запоя и алкоголя на дому — Ростокино,/uslugi/lechenie-alkogolizma/kapelnitsy/ot-zapoya-i-alkogolya/metro/rostokino/,/uslugi/kapelnitsy/ot-zapoya-i-alkogolya/moskva/rostokino/,/uslugi/lechenie-alkogolizma/kapelnitsy/ot-zapoya-i-alkogolya/metro/,/uslugi/kapelnitsy/ot-zapoya-i-alkogolya/moskva/,Капельницы и детокс,metro,yes,moskva,metro,rostokino,P0,"Технический каталог metro, okrug или mo убран из публичного URL."
Капельница от запоя и алкоголя на дому — Румянцево,/uslugi/lechenie-alkogolizma/kapelnitsy/ot-zapoya-i-alkogolya/metro/rumyancevo/,/uslugi/kapelnitsy/ot-zapoya-i-alkogolya/moskva/rumyancevo/,/uslugi/lechenie-alkogolizma/kapelnitsy/ot-zapoya-i-alkogolya/metro/,/uslugi/kapelnitsy/ot-zapoya-i-alkogolya/moskva/,Капельницы и детокс,metro,yes,moskva,metro,rumyancevo,P0,"Технический каталог metro, okrug или mo убран из публичного URL."
Капельница от запоя и алкоголя на дому — Рязанский проспект,/uslugi/lechenie-alkogolizma/kapelnitsy/ot-zapoya-i-alkogolya/metro/ryazanskij-prospekt/,/uslugi/kapelnitsy/ot-zapoya-i-alkogolya/moskva/ryazanskij-prospekt/,/uslugi/lechenie-alkogolizma/kapelnitsy/ot-zapoya-i-alkogolya/metro/,/uslugi/kapelnitsy/ot-zapoya-i-alkogolya/moskva/,Капельницы и детокс,metro,yes,moskva,metro,ryazanskij-prospekt,P0,"Технический каталог metro, okrug или mo убран из публичного URL."
Капельница от запоя и алкоголя на дому — Саларьево,/uslugi/lechenie-alkogolizma/kapelnitsy/ot-zapoya-i-alkogolya/metro/salarevo/,/uslugi/kapelnitsy/ot-zapoya-i-alkogolya/moskva/salarevo/,/uslugi/lechenie-alkogolizma/kapelnitsy/ot-zapoya-i-alkogolya/metro/,/uslugi/kapelnitsy/ot-zapoya-i-alkogolya/moskva/,Капельницы и детокс,metro,yes,moskva,metro,salarevo,P0,"Технический каталог metro, okrug или mo убран из публичного URL."
Капельница от запоя и алкоголя на дому — Савёловская,/uslugi/lechenie-alkogolizma/kapelnitsy/ot-zapoya-i-alkogolya/metro/savelovskaya/,/uslugi/kapelnitsy/ot-zapoya-i-alkogolya/moskva/savelovskaya/,/uslugi/lechenie-alkogolizma/kapelnitsy/ot-zapoya-i-alkogolya/metro/,/uslugi/kapelnitsy/ot-zapoya-i-alkogolya/moskva/,Капельницы и детокс,metro,yes,moskva,metro,savelovskaya,P0,"Технический каталог metro, okrug или mo убран из публичного URL."
Капельница от запоя и алкоголя на дому — Селигерская,/uslugi/lechenie-alkogolizma/kapelnitsy/ot-zapoya-i-alkogolya/metro/seligerskaya/,/uslugi/kapelnitsy/ot-zapoya-i-alkogolya/moskva/seligerskaya/,/uslugi/lechenie-alkogolizma/kapelnitsy/ot-zapoya-i-alkogolya/metro/,/uslugi/kapelnitsy/ot-zapoya-i-alkogolya/moskva/,Капельницы и детокс,metro,yes,moskva,metro,seligerskaya,P0,"Технический каталог metro, okrug или mo убран из публичного URL."
Капельница от запоя и алкоголя на дому — Семёновская,/uslugi/lechenie-alkogolizma/kapelnitsy/ot-zapoya-i-alkogolya/metro/semenovskaya/,/uslugi/kapelnitsy/ot-zapoya-i-alkogolya/moskva/semenovskaya/,/uslugi/lechenie-alkogolizma/kapelnitsy/ot-zapoya-i-alkogolya/metro/,/uslugi/kapelnitsy/ot-zapoya-i-alkogolya/moskva/,Капельницы и детокс,metro,yes,moskva,metro,semenovskaya,P0,"Технический каталог metro, okrug или mo убран из публичного URL."
Капельница от запоя и алкоголя на дому — Серпуховская,/uslugi/lechenie-alkogolizma/kapelnitsy/ot-zapoya-i-alkogolya/metro/serpuhovskaya/,/uslugi/kapelnitsy/ot-zapoya-i-alkogolya/moskva/serpuhovskaya/,/uslugi/lechenie-alkogolizma/kapelnitsy/ot-zapoya-i-alkogolya/metro/,/uslugi/kapelnitsy/ot-zapoya-i-alkogolya/moskva/,Капельницы и детокс,metro,yes,moskva,metro,serpuhovskaya,P0,"Технический каталог metro, okrug или mo убран из публичного URL."
Капельница от запоя и алкоголя на дому — Севастопольская,/uslugi/lechenie-alkogolizma/kapelnitsy/ot-zapoya-i-alkogolya/metro/sevastopolskaya/,/uslugi/kapelnitsy/ot-zapoya-i-alkogolya/moskva/sevastopolskaya/,/uslugi/lechenie-alkogolizma/kapelnitsy/ot-zapoya-i-alkogolya/metro/,/uslugi/kapelnitsy/ot-zapoya-i-alkogolya/moskva/,Капельницы и детокс,metro,yes,moskva,metro,sevastopolskaya,P0,"Технический каталог metro, okrug или mo убран из публичного URL."
Капельница от запоя и алкоголя на дому — Шаболовская,/uslugi/lechenie-alkogolizma/kapelnitsy/ot-zapoya-i-alkogolya/metro/shabolovskaya/,/uslugi/kapelnitsy/ot-zapoya-i-alkogolya/moskva/shabolovskaya/,/uslugi/lechenie-alkogolizma/kapelnitsy/ot-zapoya-i-alkogolya/metro/,/uslugi/kapelnitsy/ot-zapoya-i-alkogolya/moskva/,Капельницы и детокс,metro,yes,moskva,metro,shabolovskaya,P0,"Технический каталог metro, okrug или mo убран из публичного URL."
Капельница от запоя и алкоголя на дому — Шелепиха,/uslugi/lechenie-alkogolizma/kapelnitsy/ot-zapoya-i-alkogolya/metro/shelepiha/,/uslugi/kapelnitsy/ot-zapoya-i-alkogolya/moskva/shelepiha/,/uslugi/lechenie-alkogolizma/kapelnitsy/ot-zapoya-i-alkogolya/metro/,/uslugi/kapelnitsy/ot-zapoya-i-alkogolya/moskva/,Капельницы и детокс,metro,yes,moskva,metro,shelepiha,P0,"Технический каталог metro, okrug или mo убран из публичного URL."
Капельница от запоя и алкоголя на дому — Щукинская,/uslugi/lechenie-alkogolizma/kapelnitsy/ot-zapoya-i-alkogolya/metro/shchukinskaya/,/uslugi/kapelnitsy/ot-zapoya-i-alkogolya/moskva/shchukinskaya/,/uslugi/lechenie-alkogolizma/kapelnitsy/ot-zapoya-i-alkogolya/metro/,/uslugi/kapelnitsy/ot-zapoya-i-alkogolya/moskva/,Капельницы и детокс,metro,yes,moskva,metro,shchukinskaya,P0,"Технический каталог metro, okrug или mo убран из публичного URL."
Капельница от запоя и алкоголя на дому — Щёлковская,/uslugi/lechenie-alkogolizma/kapelnitsy/ot-zapoya-i-alkogolya/metro/shchelkovskaya/,/uslugi/kapelnitsy/ot-zapoya-i-alkogolya/moskva/shchelkovskaya/,/uslugi/lechenie-alkogolizma/kapelnitsy/ot-zapoya-i-alkogolya/metro/,/uslugi/kapelnitsy/ot-zapoya-i-alkogolya/moskva/,Капельницы и детокс,metro,yes,moskva,metro,shchelkovskaya,P0,"Технический каталог metro, okrug или mo убран из публичного URL."
Капельница от запоя и алкоголя на дому — Шипиловская,/uslugi/lechenie-alkogolizma/kapelnitsy/ot-zapoya-i-alkogolya/metro/shipilovskaya/,/uslugi/kapelnitsy/ot-zapoya-i-alkogolya/moskva/shipilovskaya/,/uslugi/lechenie-alkogolizma/kapelnitsy/ot-zapoya-i-alkogolya/metro/,/uslugi/kapelnitsy/ot-zapoya-i-alkogolya/moskva/,Капельницы и детокс,metro,yes,moskva,metro,shipilovskaya,P0,"Технический каталог metro, okrug или mo убран из публичного URL."
Капельница от запоя и алкоголя на дому — Сходненская,/uslugi/lechenie-alkogolizma/kapelnitsy/ot-zapoya-i-alkogolya/metro/shodnenskaya/,/uslugi/kapelnitsy/ot-zapoya-i-alkogolya/moskva/shodnenskaya/,/uslugi/lechenie-alkogolizma/kapelnitsy/ot-zapoya-i-alkogolya/metro/,/uslugi/kapelnitsy/ot-zapoya-i-alkogolya/moskva/,Капельницы и детокс,metro,yes,moskva,metro,shodnenskaya,P0,"Технический каталог metro, okrug или mo убран из публичного URL."
Капельница от запоя и алкоголя на дому — Шоссе Энтузиастов,/uslugi/lechenie-alkogolizma/kapelnitsy/ot-zapoya-i-alkogolya/metro/shosse-entuziastov/,/uslugi/kapelnitsy/ot-zapoya-i-alkogolya/moskva/shosse-entuziastov/,/uslugi/lechenie-alkogolizma/kapelnitsy/ot-zapoya-i-alkogolya/metro/,/uslugi/kapelnitsy/ot-zapoya-i-alkogolya/moskva/,Капельницы и детокс,metro,yes,moskva,metro,shosse-entuziastov,P0,"Технический каталог metro, okrug или mo убран из публичного URL."
Капельница от запоя и алкоголя на дому — Улица Скобелевская,/uslugi/lechenie-alkogolizma/kapelnitsy/ot-zapoya-i-alkogolya/metro/ulica-skobelevskaya/,/uslugi/kapelnitsy/ot-zapoya-i-alkogolya/moskva/ulica-skobelevskaya/,/uslugi/lechenie-alkogolizma/kapelnitsy/ot-zapoya-i-alkogolya/metro/,/uslugi/kapelnitsy/ot-zapoya-i-alkogolya/moskva/,Капельницы и детокс,metro,yes,moskva,metro,ulica-skobelevskaya,P0,"Технический каталог metro, okrug или mo убран из публичного URL."
Капельница от запоя и алкоголя на дому — Славянский бульвар,/uslugi/lechenie-alkogolizma/kapelnitsy/ot-zapoya-i-alkogolya/metro/slavyanskij-bulvar/,/uslugi/kapelnitsy/ot-zapoya-i-alkogolya/moskva/slavyanskij-bulvar/,/uslugi/lechenie-alkogolizma/kapelnitsy/ot-zapoya-i-alkogolya/metro/,/uslugi/kapelnitsy/ot-zapoya-i-alkogolya/moskva/,Капельницы и детокс,metro,yes,moskva,metro,slavyanskij-bulvar,P0,"Технический каталог metro, okrug или mo убран из публичного URL."
Капельница от запоя и алкоголя на дому — Смоленская,/uslugi/lechenie-alkogolizma/kapelnitsy/ot-zapoya-i-alkogolya/metro/smolenskaya/,/uslugi/kapelnitsy/ot-zapoya-i-alkogolya/moskva/smolenskaya/,/uslugi/lechenie-alkogolizma/kapelnitsy/ot-zapoya-i-alkogolya/metro/,/uslugi/kapelnitsy/ot-zapoya-i-alkogolya/moskva/,Капельницы и детокс,metro,yes,moskva,metro,smolenskaya,P0,"Технический каталог metro, okrug или mo убран из публичного URL."
Капельница от запоя и алкоголя на дому — Сокол,/uslugi/lechenie-alkogolizma/kapelnitsy/ot-zapoya-i-alkogolya/metro/sokol/,/uslugi/kapelnitsy/ot-zapoya-i-alkogolya/moskva/sokol/,/uslugi/lechenie-alkogolizma/kapelnitsy/ot-zapoya-i-alkogolya/metro/,/uslugi/kapelnitsy/ot-zapoya-i-alkogolya/moskva/,Капельницы и детокс,metro,yes,moskva,metro,sokol,P0,"Технический каталог metro, okrug или mo убран из публичного URL."
Капельница от запоя и алкоголя на дому — Соколиная гора,/uslugi/lechenie-alkogolizma/kapelnitsy/ot-zapoya-i-alkogolya/metro/sokolinaya-gora/,/uslugi/kapelnitsy/ot-zapoya-i-alkogolya/moskva/sokolinaya-gora/,/uslugi/lechenie-alkogolizma/kapelnitsy/ot-zapoya-i-alkogolya/metro/,/uslugi/kapelnitsy/ot-zapoya-i-alkogolya/moskva/,Капельницы и детокс,metro,yes,moskva,metro,sokolinaya-gora,P0,"Технический каталог metro, okrug или mo убран из публичного URL."
Капельница от запоя и алкоголя на дому — Спартак,/uslugi/lechenie-alkogolizma/kapelnitsy/ot-zapoya-i-alkogolya/metro/spartak/,/uslugi/kapelnitsy/ot-zapoya-i-alkogolya/moskva/spartak/,/uslugi/lechenie-alkogolizma/kapelnitsy/ot-zapoya-i-alkogolya/metro/,/uslugi/kapelnitsy/ot-zapoya-i-alkogolya/moskva/,Капельницы и детокс,metro,yes,moskva,metro,spartak,P0,"Технический каталог metro, okrug или mo убран из публичного URL."
Капельница от запоя и алкоголя на дому — Спортивная,/uslugi/lechenie-alkogolizma/kapelnitsy/ot-zapoya-i-alkogolya/metro/sportivnaya/,/uslugi/kapelnitsy/ot-zapoya-i-alkogolya/moskva/sportivnaya/,/uslugi/lechenie-alkogolizma/kapelnitsy/ot-zapoya-i-alkogolya/metro/,/uslugi/kapelnitsy/ot-zapoya-i-alkogolya/moskva/,Капельницы и детокс,metro,yes,moskva,metro,sportivnaya,P0,"Технический каталог metro, okrug или mo убран из публичного URL."
Капельница от запоя и алкоголя на дому — Сретенский бульвар,/uslugi/lechenie-alkogolizma/kapelnitsy/ot-zapoya-i-alkogolya/metro/sretenskij-bulvar/,/uslugi/kapelnitsy/ot-zapoya-i-alkogolya/moskva/sretenskij-bulvar/,/uslugi/lechenie-alkogolizma/kapelnitsy/ot-zapoya-i-alkogolya/metro/,/uslugi/kapelnitsy/ot-zapoya-i-alkogolya/moskva/,Капельницы и детокс,metro,yes,moskva,metro,sretenskij-bulvar,P0,"Технический каталог metro, okrug или mo убран из публичного URL."
Капельница от запоя и алкоголя на дому — Стрешнево,/uslugi/lechenie-alkogolizma/kapelnitsy/ot-zapoya-i-alkogolya/metro/streshnevo/,/uslugi/kapelnitsy/ot-zapoya-i-alkogolya/moskva/streshnevo/,/uslugi/lechenie-alkogolizma/kapelnitsy/ot-zapoya-i-alkogolya/metro/,/uslugi/kapelnitsy/ot-zapoya-i-alkogolya/moskva/,Капельницы и детокс,metro,yes,moskva,metro,streshnevo,P0,"Технический каталог metro, okrug или mo убран из публичного URL."
Капельница от запоя и алкоголя на дому — Строгино,/uslugi/lechenie-alkogolizma/kapelnitsy/ot-zapoya-i-alkogolya/metro/strogino/,/uslugi/kapelnitsy/ot-zapoya-i-alkogolya/moskva/strogino/,/uslugi/lechenie-alkogolizma/kapelnitsy/ot-zapoya-i-alkogolya/metro/,/uslugi/kapelnitsy/ot-zapoya-i-alkogolya/moskva/,Капельницы и детокс,metro,yes,moskva,metro,strogino,P0,"Технический каталог metro, okrug или mo убран из публичного URL."
Капельница от запоя и алкоголя на дому — Студенческая,/uslugi/lechenie-alkogolizma/kapelnitsy/ot-zapoya-i-alkogolya/metro/studencheskaya/,/uslugi/kapelnitsy/ot-zapoya-i-alkogolya/moskva/studencheskaya/,/uslugi/lechenie-alkogolizma/kapelnitsy/ot-zapoya-i-alkogolya/metro/,/uslugi/kapelnitsy/ot-zapoya-i-alkogolya/moskva/,Капельницы и детокс,metro,yes,moskva,metro,studencheskaya,P0,"Технический каталог metro, okrug или mo убран из публичного URL."
Капельница от запоя и алкоголя на дому — Сухаревская,/uslugi/lechenie-alkogolizma/kapelnitsy/ot-zapoya-i-alkogolya/metro/suharevskaya/,/uslugi/kapelnitsy/ot-zapoya-i-alkogolya/moskva/suharevskaya/,/uslugi/lechenie-alkogolizma/kapelnitsy/ot-zapoya-i-alkogolya/metro/,/uslugi/kapelnitsy/ot-zapoya-i-alkogolya/moskva/,Капельницы и детокс,metro,yes,moskva,metro,suharevskaya,P0,"Технический каталог metro, okrug или mo убран из публичного URL."
Капельница от запоя и алкоголя на дому — Свиблово,/uslugi/lechenie-alkogolizma/kapelnitsy/ot-zapoya-i-alkogolya/metro/sviblovo/,/uslugi/kapelnitsy/ot-zapoya-i-alkogolya/moskva/sviblovo/,/uslugi/lechenie-alkogolizma/kapelnitsy/ot-zapoya-i-alkogolya/metro/,/uslugi/kapelnitsy/ot-zapoya-i-alkogolya/moskva/,Капельницы и детокс,metro,yes,moskva,metro,sviblovo,P0,"Технический каталог metro, okrug или mo убран из публичного URL."
Капельница от запоя и алкоголя на дому — Таганская,/uslugi/lechenie-alkogolizma/kapelnitsy/ot-zapoya-i-alkogolya/metro/taganskaya/,/uslugi/kapelnitsy/ot-zapoya-i-alkogolya/moskva/taganskaya/,/uslugi/lechenie-alkogolizma/kapelnitsy/ot-zapoya-i-alkogolya/metro/,/uslugi/kapelnitsy/ot-zapoya-i-alkogolya/moskva/,Капельницы и детокс,metro,yes,moskva,metro,taganskaya,P0,"Технический каталог metro, okrug или mo убран из публичного URL."
Капельница от запоя и алкоголя на дому — Театральная,/uslugi/lechenie-alkogolizma/kapelnitsy/ot-zapoya-i-alkogolya/metro/teatralnaya/,/uslugi/kapelnitsy/ot-zapoya-i-alkogolya/moskva/teatralnaya/,/uslugi/lechenie-alkogolizma/kapelnitsy/ot-zapoya-i-alkogolya/metro/,/uslugi/kapelnitsy/ot-zapoya-i-alkogolya/moskva/,Капельницы и детокс,metro,yes,moskva,metro,teatralnaya,P0,"Технический каталог metro, okrug или mo убран из публичного URL."
Капельница от запоя и алкоголя на дому — Технопарк,/uslugi/lechenie-alkogolizma/kapelnitsy/ot-zapoya-i-alkogolya/metro/tehnopark/,/uslugi/kapelnitsy/ot-zapoya-i-alkogolya/moskva/tehnopark/,/uslugi/lechenie-alkogolizma/kapelnitsy/ot-zapoya-i-alkogolya/metro/,/uslugi/kapelnitsy/ot-zapoya-i-alkogolya/moskva/,Капельницы и детокс,metro,yes,moskva,metro,tehnopark,P0,"Технический каталог metro, okrug или mo убран из публичного URL."
Капельница от запоя и алкоголя на дому — Текстильщики,/uslugi/lechenie-alkogolizma/kapelnitsy/ot-zapoya-i-alkogolya/metro/tekstilshchiki/,/uslugi/kapelnitsy/ot-zapoya-i-alkogolya/moskva/tekstilshchiki/,/uslugi/lechenie-alkogolizma/kapelnitsy/ot-zapoya-i-alkogolya/metro/,/uslugi/kapelnitsy/ot-zapoya-i-alkogolya/moskva/,Капельницы и детокс,metro,yes,moskva,metro,tekstilshchiki,P0,"Технический каталог metro, okrug или mo убран из публичного URL."
Капельница от запоя и алкоголя на дому — Телецентр,/uslugi/lechenie-alkogolizma/kapelnitsy/ot-zapoya-i-alkogolya/metro/telecentr/,/uslugi/kapelnitsy/ot-zapoya-i-alkogolya/moskva/telecentr/,/uslugi/lechenie-alkogolizma/kapelnitsy/ot-zapoya-i-alkogolya/metro/,/uslugi/kapelnitsy/ot-zapoya-i-alkogolya/moskva/,Капельницы и детокс,metro,yes,moskva,metro,telecentr,P0,"Технический каталог metro, okrug или mo убран из публичного URL."
Капельница от запоя и алкоголя на дому — Тёплый Стан,/uslugi/lechenie-alkogolizma/kapelnitsy/ot-zapoya-i-alkogolya/metro/teplyj-stan/,/uslugi/kapelnitsy/ot-zapoya-i-alkogolya/moskva/teplyj-stan/,/uslugi/lechenie-alkogolizma/kapelnitsy/ot-zapoya-i-alkogolya/metro/,/uslugi/kapelnitsy/ot-zapoya-i-alkogolya/moskva/,Капельницы и детокс,metro,yes,moskva,metro,teplyj-stan,P0,"Технический каталог metro, okrug или mo убран из публичного URL."
Капельница от запоя и алкоголя на дому — Тимирязевская,/uslugi/lechenie-alkogolizma/kapelnitsy/ot-zapoya-i-alkogolya/metro/timiryazevskaya/,/uslugi/kapelnitsy/ot-zapoya-i-alkogolya/moskva/timiryazevskaya/,/uslugi/lechenie-alkogolizma/kapelnitsy/ot-zapoya-i-alkogolya/metro/,/uslugi/kapelnitsy/ot-zapoya-i-alkogolya/moskva/,Капельницы и детокс,metro,yes,moskva,metro,timiryazevskaya,P0,"Технический каталог metro, okrug или mo убран из публичного URL."
Капельница от запоя и алкоголя на дому — Третьяковская,/uslugi/lechenie-alkogolizma/kapelnitsy/ot-zapoya-i-alkogolya/metro/tretyakovskaya/,/uslugi/kapelnitsy/ot-zapoya-i-alkogolya/moskva/tretyakovskaya/,/uslugi/lechenie-alkogolizma/kapelnitsy/ot-zapoya-i-alkogolya/metro/,/uslugi/kapelnitsy/ot-zapoya-i-alkogolya/moskva/,Капельницы и детокс,metro,yes,moskva,metro,tretyakovskaya,P0,"Технический каталог metro, okrug или mo убран из публичного URL."
Капельница от запоя и алкоголя на дому — Тропарёво,/uslugi/lechenie-alkogolizma/kapelnitsy/ot-zapoya-i-alkogolya/metro/troparevo/,/uslugi/kapelnitsy/ot-zapoya-i-alkogolya/moskva/troparevo/,/uslugi/lechenie-alkogolizma/kapelnitsy/ot-zapoya-i-alkogolya/metro/,/uslugi/kapelnitsy/ot-zapoya-i-alkogolya/moskva/,Капельницы и детокс,metro,yes,moskva,metro,troparevo,P0,"Технический каталог metro, okrug или mo убран из публичного URL."
Капельница от запоя и алкоголя на дому — Трубная,/uslugi/lechenie-alkogolizma/kapelnitsy/ot-zapoya-i-alkogolya/metro/trubnaya/,/uslugi/kapelnitsy/ot-zapoya-i-alkogolya/moskva/trubnaya/,/uslugi/lechenie-alkogolizma/kapelnitsy/ot-zapoya-i-alkogolya/metro/,/uslugi/kapelnitsy/ot-zapoya-i-alkogolya/moskva/,Капельницы и детокс,metro,yes,moskva,metro,trubnaya,P0,"Технический каталог metro, okrug или mo убран из публичного URL."
Капельница от запоя и алкоголя на дому — Тульская,/uslugi/lechenie-alkogolizma/kapelnitsy/ot-zapoya-i-alkogolya/metro/tulskaya/,/uslugi/kapelnitsy/ot-zapoya-i-alkogolya/moskva/tulskaya/,/uslugi/lechenie-alkogolizma/kapelnitsy/ot-zapoya-i-alkogolya/metro/,/uslugi/kapelnitsy/ot-zapoya-i-alkogolya/moskva/,Капельницы и детокс,metro,yes,moskva,metro,tulskaya,P0,"Технический каталог metro, okrug или mo убран из публичного URL."
Капельница от запоя и алкоголя на дому — Тургеневская,/uslugi/lechenie-alkogolizma/kapelnitsy/ot-zapoya-i-alkogolya/metro/turgenevskaya/,/uslugi/kapelnitsy/ot-zapoya-i-alkogolya/moskva/turgenevskaya/,/uslugi/lechenie-alkogolizma/kapelnitsy/ot-zapoya-i-alkogolya/metro/,/uslugi/kapelnitsy/ot-zapoya-i-alkogolya/moskva/,Капельницы и детокс,metro,yes,moskva,metro,turgenevskaya,P0,"Технический каталог metro, okrug или mo убран из публичного URL."
Капельница от запоя и алкоголя на дому — Тушинская,/uslugi/lechenie-alkogolizma/kapelnitsy/ot-zapoya-i-alkogolya/metro/tushinskaya/,/uslugi/kapelnitsy/ot-zapoya-i-alkogolya/moskva/tushinskaya/,/uslugi/lechenie-alkogolizma/kapelnitsy/ot-zapoya-i-alkogolya/metro/,/uslugi/kapelnitsy/ot-zapoya-i-alkogolya/moskva/,Капельницы и детокс,metro,yes,moskva,metro,tushinskaya,P0,"Технический каталог metro, okrug или mo убран из публичного URL."
Капельница от запоя и алкоголя на дому — Тверская,/uslugi/lechenie-alkogolizma/kapelnitsy/ot-zapoya-i-alkogolya/metro/tverskaya/,/uslugi/kapelnitsy/ot-zapoya-i-alkogolya/moskva/tverskaya/,/uslugi/lechenie-alkogolizma/kapelnitsy/ot-zapoya-i-alkogolya/metro/,/uslugi/kapelnitsy/ot-zapoya-i-alkogolya/moskva/,Капельницы и детокс,metro,yes,moskva,metro,tverskaya,P0,"Технический каталог metro, okrug или mo убран из публичного URL."
Капельница от запоя и алкоголя на дому — Угрешская,/uslugi/lechenie-alkogolizma/kapelnitsy/ot-zapoya-i-alkogolya/metro/ugreshskaya/,/uslugi/kapelnitsy/ot-zapoya-i-alkogolya/moskva/ugreshskaya/,/uslugi/lechenie-alkogolizma/kapelnitsy/ot-zapoya-i-alkogolya/metro/,/uslugi/kapelnitsy/ot-zapoya-i-alkogolya/moskva/,Капельницы и детокс,metro,yes,moskva,metro,ugreshskaya,P0,"Технический каталог metro, okrug или mo убран из публичного URL."
Капельница от запоя и алкоголя на дому — Улица 1905 года,/uslugi/lechenie-alkogolizma/kapelnitsy/ot-zapoya-i-alkogolya/metro/ulica-1905-goda/,/uslugi/kapelnitsy/ot-zapoya-i-alkogolya/moskva/ulica-1905-goda/,/uslugi/lechenie-alkogolizma/kapelnitsy/ot-zapoya-i-alkogolya/metro/,/uslugi/kapelnitsy/ot-zapoya-i-alkogolya/moskva/,Капельницы и детокс,metro,yes,moskva,metro,ulica-1905-goda,P0,"Технический каталог metro, okrug или mo убран из публичного URL."
Капельница от запоя и алкоголя на дому — Улица Академика Королёва,/uslugi/lechenie-alkogolizma/kapelnitsy/ot-zapoya-i-alkogolya/metro/ulica-akademika-koroleva/,/uslugi/kapelnitsy/ot-zapoya-i-alkogolya/moskva/ulica-akademika-koroleva/,/uslugi/lechenie-alkogolizma/kapelnitsy/ot-zapoya-i-alkogolya/metro/,/uslugi/kapelnitsy/ot-zapoya-i-alkogolya/moskva/,Капельницы и детокс,metro,yes,moskva,metro,ulica-akademika-koroleva,P0,"Технический каталог metro, okrug или mo убран из публичного URL."
Капельница от запоя и алкоголя на дому — Улица Академика Янгеля,/uslugi/lechenie-alkogolizma/kapelnitsy/ot-zapoya-i-alkogolya/metro/ulica-akademika-yangelya/,/uslugi/kapelnitsy/ot-zapoya-i-alkogolya/moskva/ulica-akademika-yangelya/,/uslugi/lechenie-alkogolizma/kapelnitsy/ot-zapoya-i-alkogolya/metro/,/uslugi/kapelnitsy/ot-zapoya-i-alkogolya/moskva/,Капельницы и детокс,metro,yes,moskva,metro,ulica-akademika-yangelya,P0,"Технический каталог metro, okrug или mo убран из публичного URL."
Капельница от запоя и алкоголя на дому — Улица Горчакова,/uslugi/lechenie-alkogolizma/kapelnitsy/ot-zapoya-i-alkogolya/metro/ulica-gorchakova/,/uslugi/kapelnitsy/ot-zapoya-i-alkogolya/moskva/ulica-gorchakova/,/uslugi/lechenie-alkogolizma/kapelnitsy/ot-zapoya-i-alkogolya/metro/,/uslugi/kapelnitsy/ot-zapoya-i-alkogolya/moskva/,Капельницы и детокс,metro,yes,moskva,metro,ulica-gorchakova,P0,"Технический каталог metro, okrug или mo убран из публичного URL."
Капельница от запоя и алкоголя на дому — Улица Милашенкова,/uslugi/lechenie-alkogolizma/kapelnitsy/ot-zapoya-i-alkogolya/metro/ulica-milashenkova/,/uslugi/kapelnitsy/ot-zapoya-i-alkogolya/moskva/ulica-milashenkova/,/uslugi/lechenie-alkogolizma/kapelnitsy/ot-zapoya-i-alkogolya/metro/,/uslugi/kapelnitsy/ot-zapoya-i-alkogolya/moskva/,Капельницы и детокс,metro,yes,moskva,metro,ulica-milashenkova,P0,"Технический каталог metro, okrug или mo убран из публичного URL."
Капельница от запоя и алкоголя на дому — Улица Сергея Эйзенштейна,/uslugi/lechenie-alkogolizma/kapelnitsy/ot-zapoya-i-alkogolya/metro/ulica-sergeya-ejzenshtejna/,/uslugi/kapelnitsy/ot-zapoya-i-alkogolya/moskva/ulica-sergeya-ejzenshtejna/,/uslugi/lechenie-alkogolizma/kapelnitsy/ot-zapoya-i-alkogolya/metro/,/uslugi/kapelnitsy/ot-zapoya-i-alkogolya/moskva/,Капельницы и детокс,metro,yes,moskva,metro,ulica-sergeya-ejzenshtejna,P0,"Технический каталог metro, okrug или mo убран из публичного URL."
Капельница от запоя и алкоголя на дому — Улица Старокачаловская,/uslugi/lechenie-alkogolizma/kapelnitsy/ot-zapoya-i-alkogolya/metro/ulica-starokachalovskaya/,/uslugi/kapelnitsy/ot-zapoya-i-alkogolya/moskva/ulica-starokachalovskaya/,/uslugi/lechenie-alkogolizma/kapelnitsy/ot-zapoya-i-alkogolya/metro/,/uslugi/kapelnitsy/ot-zapoya-i-alkogolya/moskva/,Капельницы и детокс,metro,yes,moskva,metro,ulica-starokachalovskaya,P0,"Технический каталог metro, okrug или mo убран из публичного URL."
Капельница от запоя и алкоголя на дому — Университет,/uslugi/lechenie-alkogolizma/kapelnitsy/ot-zapoya-i-alkogolya/metro/universitet/,/uslugi/kapelnitsy/ot-zapoya-i-alkogolya/moskva/universitet/,/uslugi/lechenie-alkogolizma/kapelnitsy/ot-zapoya-i-alkogolya/metro/,/uslugi/kapelnitsy/ot-zapoya-i-alkogolya/moskva/,Капельницы и детокс,metro,yes,moskva,metro,universitet,P0,"Технический каталог metro, okrug или mo убран из публичного URL."
Капельница от запоя и алкоголя на дому — Варшавская,/uslugi/lechenie-alkogolizma/kapelnitsy/ot-zapoya-i-alkogolya/metro/varshavskaya/,/uslugi/kapelnitsy/ot-zapoya-i-alkogolya/moskva/varshavskaya/,/uslugi/lechenie-alkogolizma/kapelnitsy/ot-zapoya-i-alkogolya/metro/,/uslugi/kapelnitsy/ot-zapoya-i-alkogolya/moskva/,Капельницы и детокс,metro,yes,moskva,metro,varshavskaya,P0,"Технический каталог metro, okrug или mo убран из публичного URL."
Капельница от запоя и алкоголя на дому — ВДНХ,/uslugi/lechenie-alkogolizma/kapelnitsy/ot-zapoya-i-alkogolya/metro/vdnh/,/uslugi/kapelnitsy/ot-zapoya-i-alkogolya/moskva/vdnh/,/uslugi/lechenie-alkogolizma/kapelnitsy/ot-zapoya-i-alkogolya/metro/,/uslugi/kapelnitsy/ot-zapoya-i-alkogolya/moskva/,Капельницы и детокс,metro,yes,moskva,metro,vdnh,P0,"Технический каталог metro, okrug или mo убран из публичного URL."
Капельница от запоя и алкоголя на дому — Верхние Котлы,/uslugi/lechenie-alkogolizma/kapelnitsy/ot-zapoya-i-alkogolya/metro/verhnie-kotly/,/uslugi/kapelnitsy/ot-zapoya-i-alkogolya/moskva/verhnie-kotly/,/uslugi/lechenie-alkogolizma/kapelnitsy/ot-zapoya-i-alkogolya/metro/,/uslugi/kapelnitsy/ot-zapoya-i-alkogolya/moskva/,Капельницы и детокс,metro,yes,moskva,metro,verhnie-kotly,P0,"Технический каталог metro, okrug или mo убран из публичного URL."
Капельница от запоя и алкоголя на дому — Верхние Лихоборы,/uslugi/lechenie-alkogolizma/kapelnitsy/ot-zapoya-i-alkogolya/metro/verhnie-lihobory/,/uslugi/kapelnitsy/ot-zapoya-i-alkogolya/moskva/verhnie-lihobory/,/uslugi/lechenie-alkogolizma/kapelnitsy/ot-zapoya-i-alkogolya/metro/,/uslugi/kapelnitsy/ot-zapoya-i-alkogolya/moskva/,Капельницы и детокс,metro,yes,moskva,metro,verhnie-lihobory,P0,"Технический каталог metro, okrug или mo убран из публичного URL."
Капельница от запоя и алкоголя на дому — Владыкино,/uslugi/lechenie-alkogolizma/kapelnitsy/ot-zapoya-i-alkogolya/metro/vladykino/,/uslugi/kapelnitsy/ot-zapoya-i-alkogolya/moskva/vladykino/,/uslugi/lechenie-alkogolizma/kapelnitsy/ot-zapoya-i-alkogolya/metro/,/uslugi/kapelnitsy/ot-zapoya-i-alkogolya/moskva/,Капельницы и детокс,metro,yes,moskva,metro,vladykino,P0,"Технический каталог metro, okrug или mo убран из публичного URL."
Капельница от запоя и алкоголя на дому — Водный стадион,/uslugi/lechenie-alkogolizma/kapelnitsy/ot-zapoya-i-alkogolya/metro/vodnyj-stadion/,/uslugi/kapelnitsy/ot-zapoya-i-alkogolya/moskva/vodnyj-stadion/,/uslugi/lechenie-alkogolizma/kapelnitsy/ot-zapoya-i-alkogolya/metro/,/uslugi/kapelnitsy/ot-zapoya-i-alkogolya/moskva/,Капельницы и детокс,metro,yes,moskva,metro,vodnyj-stadion,P0,"Технический каталог metro, okrug или mo убран из публичного URL."
Капельница от запоя и алкоголя на дому — Войковская,/uslugi/lechenie-alkogolizma/kapelnitsy/ot-zapoya-i-alkogolya/metro/vojkovskaya/,/uslugi/kapelnitsy/ot-zapoya-i-alkogolya/moskva/vojkovskaya/,/uslugi/lechenie-alkogolizma/kapelnitsy/ot-zapoya-i-alkogolya/metro/,/uslugi/kapelnitsy/ot-zapoya-i-alkogolya/moskva/,Капельницы и детокс,metro,yes,moskva,metro,vojkovskaya,P0,"Технический каталог metro, okrug или mo убран из публичного URL."
Капельница от запоя и алкоголя на дому — Волгоградский проспект,/uslugi/lechenie-alkogolizma/kapelnitsy/ot-zapoya-i-alkogolya/metro/volgogradskij-prospekt/,/uslugi/kapelnitsy/ot-zapoya-i-alkogolya/moskva/volgogradskij-prospekt/,/uslugi/lechenie-alkogolizma/kapelnitsy/ot-zapoya-i-alkogolya/metro/,/uslugi/kapelnitsy/ot-zapoya-i-alkogolya/moskva/,Капельницы и детокс,metro,yes,moskva,metro,volgogradskij-prospekt,P0,"Технический каталог metro, okrug или mo убран из публичного URL."
Капельница от запоя и алкоголя на дому — Волоколамская,/uslugi/lechenie-alkogolizma/kapelnitsy/ot-zapoya-i-alkogolya/metro/volokolamskaya/,/uslugi/kapelnitsy/ot-zapoya-i-alkogolya/moskva/volokolamskaya/,/uslugi/lechenie-alkogolizma/kapelnitsy/ot-zapoya-i-alkogolya/metro/,/uslugi/kapelnitsy/ot-zapoya-i-alkogolya/moskva/,Капельницы и детокс,metro,yes,moskva,metro,volokolamskaya,P0,"Технический каталог metro, okrug или mo убран из публичного URL."
Капельница от запоя и алкоголя на дому — Волжская,/uslugi/lechenie-alkogolizma/kapelnitsy/ot-zapoya-i-alkogolya/metro/volzhskaya/,/uslugi/kapelnitsy/ot-zapoya-i-alkogolya/moskva/volzhskaya/,/uslugi/lechenie-alkogolizma/kapelnitsy/ot-zapoya-i-alkogolya/metro/,/uslugi/kapelnitsy/ot-zapoya-i-alkogolya/moskva/,Капельницы и детокс,metro,yes,moskva,metro,volzhskaya,P0,"Технический каталог metro, okrug или mo убран из публичного URL."
Капельница от запоя и алкоголя на дому — Воробьёвы горы,/uslugi/lechenie-alkogolizma/kapelnitsy/ot-zapoya-i-alkogolya/metro/vorobevy-gory/,/uslugi/kapelnitsy/ot-zapoya-i-alkogolya/moskva/vorobevy-gory/,/uslugi/lechenie-alkogolizma/kapelnitsy/ot-zapoya-i-alkogolya/metro/,/uslugi/kapelnitsy/ot-zapoya-i-alkogolya/moskva/,Капельницы и детокс,metro,yes,moskva,metro,vorobevy-gory,P0,"Технический каталог metro, okrug или mo убран из публичного URL."
Капельница от запоя и алкоголя на дому — Выхино,/uslugi/lechenie-alkogolizma/kapelnitsy/ot-zapoya-i-alkogolya/metro/vyhino/,/uslugi/kapelnitsy/ot-zapoya-i-alkogolya/moskva/vyhino/,/uslugi/lechenie-alkogolizma/kapelnitsy/ot-zapoya-i-alkogolya/metro/,/uslugi/kapelnitsy/ot-zapoya-i-alkogolya/moskva/,Капельницы и детокс,metro,yes,moskva,metro,vyhino,P0,"Технический каталог metro, okrug или mo убран из публичного URL."
Капельница от запоя и алкоголя на дому — Выставочная,/uslugi/lechenie-alkogolizma/kapelnitsy/ot-zapoya-i-alkogolya/metro/vystavochnaya/,/uslugi/kapelnitsy/ot-zapoya-i-alkogolya/moskva/vystavochnaya/,/uslugi/lechenie-alkogolizma/kapelnitsy/ot-zapoya-i-alkogolya/metro/,/uslugi/kapelnitsy/ot-zapoya-i-alkogolya/moskva/,Капельницы и детокс,metro,yes,moskva,metro,vystavochnaya,P0,"Технический каталог metro, okrug или mo убран из публичного URL."
Капельница от запоя и алкоголя на дому — Выставочный центр,/uslugi/lechenie-alkogolizma/kapelnitsy/ot-zapoya-i-alkogolya/metro/vystavochnyj-centr/,/uslugi/kapelnitsy/ot-zapoya-i-alkogolya/moskva/vystavochnyj-centr/,/uslugi/lechenie-alkogolizma/kapelnitsy/ot-zapoya-i-alkogolya/metro/,/uslugi/kapelnitsy/ot-zapoya-i-alkogolya/moskva/,Капельницы и детокс,metro,yes,moskva,metro,vystavochnyj-centr,P0,"Технический каталог metro, okrug или mo убран из публичного URL."
Капельница от запоя и алкоголя на дому — Ясенево,/uslugi/lechenie-alkogolizma/kapelnitsy/ot-zapoya-i-alkogolya/metro/yasenevo/,/uslugi/kapelnitsy/ot-zapoya-i-alkogolya/moskva/yasenevo/,/uslugi/lechenie-alkogolizma/kapelnitsy/ot-zapoya-i-alkogolya/metro/,/uslugi/kapelnitsy/ot-zapoya-i-alkogolya/moskva/,Капельницы и детокс,metro,yes,moskva,metro,yasenevo,P0,"Технический каталог metro, okrug или mo убран из публичного URL."
Капельница от запоя и алкоголя на дому — Юго-Западная,/uslugi/lechenie-alkogolizma/kapelnitsy/ot-zapoya-i-alkogolya/metro/yugo-zapadnaya/,/uslugi/kapelnitsy/ot-zapoya-i-alkogolya/moskva/yugo-zapadnaya/,/uslugi/lechenie-alkogolizma/kapelnitsy/ot-zapoya-i-alkogolya/metro/,/uslugi/kapelnitsy/ot-zapoya-i-alkogolya/moskva/,Капельницы и детокс,metro,yes,moskva,metro,yugo-zapadnaya,P0,"Технический каталог metro, okrug или mo убран из публичного URL."
Капельница от запоя и алкоголя на дому — Южная,/uslugi/lechenie-alkogolizma/kapelnitsy/ot-zapoya-i-alkogolya/metro/yuzhnaya/,/uslugi/kapelnitsy/ot-zapoya-i-alkogolya/moskva/yuzhnaya/,/uslugi/lechenie-alkogolizma/kapelnitsy/ot-zapoya-i-alkogolya/metro/,/uslugi/kapelnitsy/ot-zapoya-i-alkogolya/moskva/,Капельницы и детокс,metro,yes,moskva,metro,yuzhnaya,P0,"Технический каталог metro, okrug или mo убран из публичного URL."
Капельница от запоя и алкоголя на дому — Жулебино,/uslugi/lechenie-alkogolizma/kapelnitsy/ot-zapoya-i-alkogolya/metro/zhulebino/,/uslugi/kapelnitsy/ot-zapoya-i-alkogolya/moskva/zhulebino/,/uslugi/lechenie-alkogolizma/kapelnitsy/ot-zapoya-i-alkogolya/metro/,/uslugi/kapelnitsy/ot-zapoya-i-alkogolya/moskva/,Капельницы и детокс,metro,yes,moskva,metro,zhulebino,P0,"Технический каталог metro, okrug или mo убран из публичного URL."
Капельница от запоя и алкоголя на дому — ЗИЛ,/uslugi/lechenie-alkogolizma/kapelnitsy/ot-zapoya-i-alkogolya/metro/zil/,/uslugi/kapelnitsy/ot-zapoya-i-alkogolya/moskva/zil/,/uslugi/lechenie-alkogolizma/kapelnitsy/ot-zapoya-i-alkogolya/metro/,/uslugi/kapelnitsy/ot-zapoya-i-alkogolya/moskva/,Капельницы и детокс,metro,yes,moskva,metro,zil,P0,"Технический каталог metro, okrug или mo убран из публичного URL."
Капельница от запоя и алкоголя на дому — Зорге,/uslugi/lechenie-alkogolizma/kapelnitsy/ot-zapoya-i-alkogolya/metro/zorge/,/uslugi/kapelnitsy/ot-zapoya-i-alkogolya/moskva/zorge/,/uslugi/lechenie-alkogolizma/kapelnitsy/ot-zapoya-i-alkogolya/metro/,/uslugi/kapelnitsy/ot-zapoya-i-alkogolya/moskva/,Капельницы и детокс,metro,yes,moskva,metro,zorge,P0,"Технический каталог metro, okrug или mo убран из публичного URL."
Капельница от запоя и алкоголя на дому — Зябликово,/uslugi/lechenie-alkogolizma/kapelnitsy/ot-zapoya-i-alkogolya/metro/zyablikovo/,/uslugi/kapelnitsy/ot-zapoya-i-alkogolya/moskva/zyablikovo/,/uslugi/lechenie-alkogolizma/kapelnitsy/ot-zapoya-i-alkogolya/metro/,/uslugi/kapelnitsy/ot-zapoya-i-alkogolya/moskva/,Капельницы и детокс,metro,yes,moskva,metro,zyablikovo,P0,"Технический каталог metro, okrug или mo убран из публичного URL."
Капельница от запоя и алкоголя на дому — ЦАО,/uslugi/lechenie-alkogolizma/kapelnitsy/ot-zapoya-i-alkogolya/okrug/cao/,/uslugi/kapelnitsy/ot-zapoya-i-alkogolya/moskva/cao/,/uslugi/lechenie-alkogolizma/kapelnitsy/ot-zapoya-i-alkogolya/okrug/,/uslugi/kapelnitsy/ot-zapoya-i-alkogolya/moskva/,Капельницы и детокс,okrug,yes,moskva,okrug,cao,P0,"Технический каталог metro, okrug или mo убран из публичного URL."
Капельница от запоя и алкоголя на дому — САО,/uslugi/lechenie-alkogolizma/kapelnitsy/ot-zapoya-i-alkogolya/okrug/sao/,/uslugi/kapelnitsy/ot-zapoya-i-alkogolya/moskva/sao/,/uslugi/lechenie-alkogolizma/kapelnitsy/ot-zapoya-i-alkogolya/okrug/,/uslugi/kapelnitsy/ot-zapoya-i-alkogolya/moskva/,Капельницы и детокс,okrug,yes,moskva,okrug,sao,P0,"Технический каталог metro, okrug или mo убран из публичного URL."
Капельница от запоя и алкоголя на дому — СВАО,/uslugi/lechenie-alkogolizma/kapelnitsy/ot-zapoya-i-alkogolya/okrug/svao/,/uslugi/kapelnitsy/ot-zapoya-i-alkogolya/moskva/svao/,/uslugi/lechenie-alkogolizma/kapelnitsy/ot-zapoya-i-alkogolya/okrug/,/uslugi/kapelnitsy/ot-zapoya-i-alkogolya/moskva/,Капельницы и детокс,okrug,yes,moskva,okrug,svao,P0,"Технический каталог metro, okrug или mo убран из публичного URL."
Капельница от запоя и алкоголя на дому — ВАО,/uslugi/lechenie-alkogolizma/kapelnitsy/ot-zapoya-i-alkogolya/okrug/vao/,/uslugi/kapelnitsy/ot-zapoya-i-alkogolya/moskva/vao/,/uslugi/lechenie-alkogolizma/kapelnitsy/ot-zapoya-i-alkogolya/okrug/,/uslugi/kapelnitsy/ot-zapoya-i-alkogolya/moskva/,Капельницы и детокс,okrug,yes,moskva,okrug,vao,P0,"Технический каталог metro, okrug или mo убран из публичного URL."
Капельница от запоя и алкоголя на дому — ЮВАО,/uslugi/lechenie-alkogolizma/kapelnitsy/ot-zapoya-i-alkogolya/okrug/yuvao/,/uslugi/kapelnitsy/ot-zapoya-i-alkogolya/moskva/yuvao/,/uslugi/lechenie-alkogolizma/kapelnitsy/ot-zapoya-i-alkogolya/okrug/,/uslugi/kapelnitsy/ot-zapoya-i-alkogolya/moskva/,Капельницы и детокс,okrug,yes,moskva,okrug,yuvao,P0,"Технический каталог metro, okrug или mo убран из публичного URL."
Капельница от запоя и алкоголя на дому — ЮАО,/uslugi/lechenie-alkogolizma/kapelnitsy/ot-zapoya-i-alkogolya/okrug/yuao/,/uslugi/kapelnitsy/ot-zapoya-i-alkogolya/moskva/yuao/,/uslugi/lechenie-alkogolizma/kapelnitsy/ot-zapoya-i-alkogolya/okrug/,/uslugi/kapelnitsy/ot-zapoya-i-alkogolya/moskva/,Капельницы и детокс,okrug,yes,moskva,okrug,yuao,P0,"Технический каталог metro, okrug или mo убран из публичного URL."
Капельница от запоя и алкоголя на дому — ЮЗАО,/uslugi/lechenie-alkogolizma/kapelnitsy/ot-zapoya-i-alkogolya/okrug/yuzao/,/uslugi/kapelnitsy/ot-zapoya-i-alkogolya/moskva/yuzao/,/uslugi/lechenie-alkogolizma/kapelnitsy/ot-zapoya-i-alkogolya/okrug/,/uslugi/kapelnitsy/ot-zapoya-i-alkogolya/moskva/,Капельницы и детокс,okrug,yes,moskva,okrug,yuzao,P0,"Технический каталог metro, okrug или mo убран из публичного URL."
Капельница от запоя и алкоголя на дому — ЗАО,/uslugi/lechenie-alkogolizma/kapelnitsy/ot-zapoya-i-alkogolya/okrug/zao/,/uslugi/kapelnitsy/ot-zapoya-i-alkogolya/moskva/zao/,/uslugi/lechenie-alkogolizma/kapelnitsy/ot-zapoya-i-alkogolya/okrug/,/uslugi/kapelnitsy/ot-zapoya-i-alkogolya/moskva/,Капельницы и детокс,okrug,yes,moskva,okrug,zao,P0,"Технический каталог metro, okrug или mo убран из публичного URL."
Капельница от запоя и алкоголя на дому — СЗАО,/uslugi/lechenie-alkogolizma/kapelnitsy/ot-zapoya-i-alkogolya/okrug/szao/,/uslugi/kapelnitsy/ot-zapoya-i-alkogolya/moskva/szao/,/uslugi/lechenie-alkogolizma/kapelnitsy/ot-zapoya-i-alkogolya/okrug/,/uslugi/kapelnitsy/ot-zapoya-i-alkogolya/moskva/,Капельницы и детокс,okrug,yes,moskva,okrug,szao,P0,"Технический каталог metro, okrug или mo убран из публичного URL."
Капельница от запоя и алкоголя на дому — ЗелАО,/uslugi/lechenie-alkogolizma/kapelnitsy/ot-zapoya-i-alkogolya/okrug/zelao/,/uslugi/kapelnitsy/ot-zapoya-i-alkogolya/moskva/zelao/,/uslugi/lechenie-alkogolizma/kapelnitsy/ot-zapoya-i-alkogolya/okrug/,/uslugi/kapelnitsy/ot-zapoya-i-alkogolya/moskva/,Капельницы и детокс,okrug,yes,moskva,okrug,zelao,P0,"Технический каталог metro, okrug или mo убран из публичного URL."
Капельница от запоя и алкоголя на дому — НАО,/uslugi/lechenie-alkogolizma/kapelnitsy/ot-zapoya-i-alkogolya/okrug/nao/,/uslugi/kapelnitsy/ot-zapoya-i-alkogolya/moskva/nao/,/uslugi/lechenie-alkogolizma/kapelnitsy/ot-zapoya-i-alkogolya/okrug/,/uslugi/kapelnitsy/ot-zapoya-i-alkogolya/moskva/,Капельницы и детокс,okrug,yes,moskva,okrug,nao,P0,"Технический каталог metro, okrug или mo убран из публичного URL."
Капельница от запоя и алкоголя на дому — ТАО,/uslugi/lechenie-alkogolizma/kapelnitsy/ot-zapoya-i-alkogolya/okrug/tao/,/uslugi/kapelnitsy/ot-zapoya-i-alkogolya/moskva/tao/,/uslugi/lechenie-alkogolizma/kapelnitsy/ot-zapoya-i-alkogolya/okrug/,/uslugi/kapelnitsy/ot-zapoya-i-alkogolya/moskva/,Капельницы и детокс,okrug,yes,moskva,okrug,tao,P0,"Технический каталог metro, okrug или mo убран из публичного URL."
Капельница от запоя и алкоголя на дому — Балашиха,/uslugi/lechenie-alkogolizma/kapelnitsy/ot-zapoya-i-alkogolya/mo/balashiha/,/uslugi/kapelnitsy/ot-zapoya-i-alkogolya/moskovskaya-oblast/balashiha/,/uslugi/lechenie-alkogolizma/kapelnitsy/ot-zapoya-i-alkogolya/mo/,/uslugi/kapelnitsy/ot-zapoya-i-alkogolya/moskovskaya-oblast/,Капельницы и детокс,city,yes,moskovskaya-oblast,mo,balashiha,P0,"Технический каталог metro, okrug или mo убран из публичного URL."
Капельница от запоя и алкоголя на дому — Подольск,/uslugi/lechenie-alkogolizma/kapelnitsy/ot-zapoya-i-alkogolya/mo/podolsk/,/uslugi/kapelnitsy/ot-zapoya-i-alkogolya/moskovskaya-oblast/podolsk/,/uslugi/lechenie-alkogolizma/kapelnitsy/ot-zapoya-i-alkogolya/mo/,/uslugi/kapelnitsy/ot-zapoya-i-alkogolya/moskovskaya-oblast/,Капельницы и детокс,city,yes,moskovskaya-oblast,mo,podolsk,P0,"Технический каталог metro, okrug или mo убран из публичного URL."
Капельница от запоя и алкоголя на дому — Химки,/uslugi/lechenie-alkogolizma/kapelnitsy/ot-zapoya-i-alkogolya/mo/himki/,/uslugi/kapelnitsy/ot-zapoya-i-alkogolya/moskovskaya-oblast/himki/,/uslugi/lechenie-alkogolizma/kapelnitsy/ot-zapoya-i-alkogolya/mo/,/uslugi/kapelnitsy/ot-zapoya-i-alkogolya/moskovskaya-oblast/,Капельницы и детокс,city,yes,moskovskaya-oblast,mo,himki,P0,"Технический каталог metro, okrug или mo убран из публичного URL."
Капельница от запоя и алкоголя на дому — Мытищи,/uslugi/lechenie-alkogolizma/kapelnitsy/ot-zapoya-i-alkogolya/mo/mytishchi/,/uslugi/kapelnitsy/ot-zapoya-i-alkogolya/moskovskaya-oblast/mytishchi/,/uslugi/lechenie-alkogolizma/kapelnitsy/ot-zapoya-i-alkogolya/mo/,/uslugi/kapelnitsy/ot-zapoya-i-alkogolya/moskovskaya-oblast/,Капельницы и детокс,city,yes,moskovskaya-oblast,mo,mytishchi,P0,"Технический каталог metro, okrug или mo убран из публичного URL."
Капельница от запоя и алкоголя на дому — Королёв,/uslugi/lechenie-alkogolizma/kapelnitsy/ot-zapoya-i-alkogolya/mo/korolev/,/uslugi/kapelnitsy/ot-zapoya-i-alkogolya/moskovskaya-oblast/korolev/,/uslugi/lechenie-alkogolizma/kapelnitsy/ot-zapoya-i-alkogolya/mo/,/uslugi/kapelnitsy/ot-zapoya-i-alkogolya/moskovskaya-oblast/,Капельницы и детокс,city,yes,moskovskaya-oblast,mo,korolev,P0,"Технический каталог metro, okrug или mo убран из публичного URL."
Капельница от запоя и алкоголя на дому — Люберцы,/uslugi/lechenie-alkogolizma/kapelnitsy/ot-zapoya-i-alkogolya/mo/lyubertsy/,/uslugi/kapelnitsy/ot-zapoya-i-alkogolya/moskovskaya-oblast/lyubertsy/,/uslugi/lechenie-alkogolizma/kapelnitsy/ot-zapoya-i-alkogolya/mo/,/uslugi/kapelnitsy/ot-zapoya-i-alkogolya/moskovskaya-oblast/,Капельницы и детокс,city,yes,moskovskaya-oblast,mo,lyubertsy,P0,"Технический каталог metro, okrug или mo убран из публичного URL."
Капельница от запоя и алкоголя на дому — Красногорск,/uslugi/lechenie-alkogolizma/kapelnitsy/ot-zapoya-i-alkogolya/mo/krasnogorsk/,/uslugi/kapelnitsy/ot-zapoya-i-alkogolya/moskovskaya-oblast/krasnogorsk/,/uslugi/lechenie-alkogolizma/kapelnitsy/ot-zapoya-i-alkogolya/mo/,/uslugi/kapelnitsy/ot-zapoya-i-alkogolya/moskovskaya-oblast/,Капельницы и детокс,city,yes,moskovskaya-oblast,mo,krasnogorsk,P0,"Технический каталог metro, okrug или mo убран из публичного URL."
Капельница от запоя и алкоголя на дому — Электросталь,/uslugi/lechenie-alkogolizma/kapelnitsy/ot-zapoya-i-alkogolya/mo/elektrostal/,/uslugi/kapelnitsy/ot-zapoya-i-alkogolya/moskovskaya-oblast/elektrostal/,/uslugi/lechenie-alkogolizma/kapelnitsy/ot-zapoya-i-alkogolya/mo/,/uslugi/kapelnitsy/ot-zapoya-i-alkogolya/moskovskaya-oblast/,Капельницы и детокс,city,yes,moskovskaya-oblast,mo,elektrostal,P0,"Технический каталог metro, okrug или mo убран из публичного URL."
Капельница от запоя и алкоголя на дому — Коломна,/uslugi/lechenie-alkogolizma/kapelnitsy/ot-zapoya-i-alkogolya/mo/kolomna/,/uslugi/kapelnitsy/ot-zapoya-i-alkogolya/moskovskaya-oblast/kolomna/,/uslugi/lechenie-alkogolizma/kapelnitsy/ot-zapoya-i-alkogolya/mo/,/uslugi/kapelnitsy/ot-zapoya-i-alkogolya/moskovskaya-oblast/,Капельницы и детокс,city,yes,moskovskaya-oblast,mo,kolomna,P0,"Технический каталог metro, okrug или mo убран из публичного URL."
Капельница от запоя и алкоголя на дому — Одинцово,/uslugi/lechenie-alkogolizma/kapelnitsy/ot-zapoya-i-alkogolya/mo/odincovo/,/uslugi/kapelnitsy/ot-zapoya-i-alkogolya/moskovskaya-oblast/odincovo/,/uslugi/lechenie-alkogolizma/kapelnitsy/ot-zapoya-i-alkogolya/mo/,/uslugi/kapelnitsy/ot-zapoya-i-alkogolya/moskovskaya-oblast/,Капельницы и детокс,city,yes,moskovskaya-oblast,mo,odincovo,P0,"Технический каталог metro, okrug или mo убран из публичного URL."
Капельница от запоя и алкоголя на дому — Домодедово,/uslugi/lechenie-alkogolizma/kapelnitsy/ot-zapoya-i-alkogolya/mo/domodedovo/,/uslugi/kapelnitsy/ot-zapoya-i-alkogolya/moskovskaya-oblast/domodedovo/,/uslugi/lechenie-alkogolizma/kapelnitsy/ot-zapoya-i-alkogolya/mo/,/uslugi/kapelnitsy/ot-zapoya-i-alkogolya/moskovskaya-oblast/,Капельницы и детокс,city,yes,moskovskaya-oblast,mo,domodedovo,P0,"Технический каталог metro, okrug или mo убран из публичного URL."
Капельница от запоя и алкоголя на дому — Щёлково,/uslugi/lechenie-alkogolizma/kapelnitsy/ot-zapoya-i-alkogolya/mo/shchelkovo/,/uslugi/kapelnitsy/ot-zapoya-i-alkogolya/moskovskaya-oblast/shchelkovo/,/uslugi/lechenie-alkogolizma/kapelnitsy/ot-zapoya-i-alkogolya/mo/,/uslugi/kapelnitsy/ot-zapoya-i-alkogolya/moskovskaya-oblast/,Капельницы и детокс,city,yes,moskovskaya-oblast,mo,shchelkovo,P0,"Технический каталог metro, okrug или mo убран из публичного URL."
Капельница от запоя и алкоголя на дому — Серпухов,/uslugi/lechenie-alkogolizma/kapelnitsy/ot-zapoya-i-alkogolya/mo/serpuhov/,/uslugi/kapelnitsy/ot-zapoya-i-alkogolya/moskovskaya-oblast/serpuhov/,/uslugi/lechenie-alkogolizma/kapelnitsy/ot-zapoya-i-alkogolya/mo/,/uslugi/kapelnitsy/ot-zapoya-i-alkogolya/moskovskaya-oblast/,Капельницы и детокс,city,yes,moskovskaya-oblast,mo,serpuhov,P0,"Технический каталог metro, okrug или mo убран из публичного URL."
Капельница от запоя и алкоголя на дому — Раменское,/uslugi/lechenie-alkogolizma/kapelnitsy/ot-zapoya-i-alkogolya/mo/ramenskoe/,/uslugi/kapelnitsy/ot-zapoya-i-alkogolya/moskovskaya-oblast/ramenskoe/,/uslugi/lechenie-alkogolizma/kapelnitsy/ot-zapoya-i-alkogolya/mo/,/uslugi/kapelnitsy/ot-zapoya-i-alkogolya/moskovskaya-oblast/,Капельницы и детокс,city,yes,moskovskaya-oblast,mo,ramenskoe,P0,"Технический каталог metro, okrug или mo убран из публичного URL."
Капельница от запоя и алкоголя на дому — Долгопрудный,/uslugi/lechenie-alkogolizma/kapelnitsy/ot-zapoya-i-alkogolya/mo/dolgoprudnyj/,/uslugi/kapelnitsy/ot-zapoya-i-alkogolya/moskovskaya-oblast/dolgoprudnyj/,/uslugi/lechenie-alkogolizma/kapelnitsy/ot-zapoya-i-alkogolya/mo/,/uslugi/kapelnitsy/ot-zapoya-i-alkogolya/moskovskaya-oblast/,Капельницы и детокс,city,yes,moskovskaya-oblast,mo,dolgoprudnyj,P0,"Технический каталог metro, okrug или mo убран из публичного URL."
Капельница от запоя и алкоголя на дому — Пушкино,/uslugi/lechenie-alkogolizma/kapelnitsy/ot-zapoya-i-alkogolya/mo/pushkino/,/uslugi/kapelnitsy/ot-zapoya-i-alkogolya/moskovskaya-oblast/pushkino/,/uslugi/lechenie-alkogolizma/kapelnitsy/ot-zapoya-i-alkogolya/mo/,/uslugi/kapelnitsy/ot-zapoya-i-alkogolya/moskovskaya-oblast/,Капельницы и детокс,city,yes,moskovskaya-oblast,mo,pushkino,P0,"Технический каталог metro, okrug или mo убран из публичного URL."
Капельница от запоя и алкоголя на дому — Реутов,/uslugi/lechenie-alkogolizma/kapelnitsy/ot-zapoya-i-alkogolya/mo/reutov/,/uslugi/kapelnitsy/ot-zapoya-i-alkogolya/moskovskaya-oblast/reutov/,/uslugi/lechenie-alkogolizma/kapelnitsy/ot-zapoya-i-alkogolya/mo/,/uslugi/kapelnitsy/ot-zapoya-i-alkogolya/moskovskaya-oblast/,Капельницы и детокс,city,yes,moskovskaya-oblast,mo,reutov,P0,"Технический каталог metro, okrug или mo убран из публичного URL."
Капельница от запоя и алкоголя на дому — Жуковский,/uslugi/lechenie-alkogolizma/kapelnitsy/ot-zapoya-i-alkogolya/mo/zhukovskij/,/uslugi/kapelnitsy/ot-zapoya-i-alkogolya/moskovskaya-oblast/zhukovskij/,/uslugi/lechenie-alkogolizma/kapelnitsy/ot-zapoya-i-alkogolya/mo/,/uslugi/kapelnitsy/ot-zapoya-i-alkogolya/moskovskaya-oblast/,Капельницы и детокс,city,yes,moskovskaya-oblast,mo,zhukovskij,P0,"Технический каталог metro, okrug или mo убран из публичного URL."
Капельница от запоя и алкоголя на дому — Ногинск,/uslugi/lechenie-alkogolizma/kapelnitsy/ot-zapoya-i-alkogolya/mo/noginsk/,/uslugi/kapelnitsy/ot-zapoya-i-alkogolya/moskovskaya-oblast/noginsk/,/uslugi/lechenie-alkogolizma/kapelnitsy/ot-zapoya-i-alkogolya/mo/,/uslugi/kapelnitsy/ot-zapoya-i-alkogolya/moskovskaya-oblast/,Капельницы и детокс,city,yes,moskovskaya-oblast,mo,noginsk,P0,"Технический каталог metro, okrug или mo убран из публичного URL."
Капельница от запоя и алкоголя на дому — Сергиев Посад,/uslugi/lechenie-alkogolizma/kapelnitsy/ot-zapoya-i-alkogolya/mo/sergiev-posad/,/uslugi/kapelnitsy/ot-zapoya-i-alkogolya/moskovskaya-oblast/sergiev-posad/,/uslugi/lechenie-alkogolizma/kapelnitsy/ot-zapoya-i-alkogolya/mo/,/uslugi/kapelnitsy/ot-zapoya-i-alkogolya/moskovskaya-oblast/,Капельницы и детокс,city,yes,moskovskaya-oblast,mo,sergiev-posad,P0,"Технический каталог metro, okrug или mo убран из публичного URL."
Капельница от запоя и алкоголя на дому — Воскресенск,/uslugi/lechenie-alkogolizma/kapelnitsy/ot-zapoya-i-alkogolya/mo/voskresensk/,/uslugi/kapelnitsy/ot-zapoya-i-alkogolya/moskovskaya-oblast/voskresensk/,/uslugi/lechenie-alkogolizma/kapelnitsy/ot-zapoya-i-alkogolya/mo/,/uslugi/kapelnitsy/ot-zapoya-i-alkogolya/moskovskaya-oblast/,Капельницы и детокс,city,yes,moskovskaya-oblast,mo,voskresensk,P0,"Технический каталог metro, okrug или mo убран из публичного URL."
Капельница от запоя и алкоголя на дому — Орехово-Зуево,/uslugi/lechenie-alkogolizma/kapelnitsy/ot-zapoya-i-alkogolya/mo/orehovo-zuevo/,/uslugi/kapelnitsy/ot-zapoya-i-alkogolya/moskovskaya-oblast/orehovo-zuevo/,/uslugi/lechenie-alkogolizma/kapelnitsy/ot-zapoya-i-alkogolya/mo/,/uslugi/kapelnitsy/ot-zapoya-i-alkogolya/moskovskaya-oblast/,Капельницы и детокс,city,yes,moskovskaya-oblast,mo,orehovo-zuevo,P0,"Технический каталог metro, okrug или mo убран из публичного URL."
Капельница от запоя и алкоголя на дому — Павловский Посад,/uslugi/lechenie-alkogolizma/kapelnitsy/ot-zapoya-i-alkogolya/mo/pavlovskij-posad/,/uslugi/kapelnitsy/ot-zapoya-i-alkogolya/moskovskaya-oblast/pavlovskij-posad/,/uslugi/lechenie-alkogolizma/kapelnitsy/ot-zapoya-i-alkogolya/mo/,/uslugi/kapelnitsy/ot-zapoya-i-alkogolya/moskovskaya-oblast/,Капельницы и детокс,city,yes,moskovskaya-oblast,mo,pavlovskij-posad,P0,"Технический каталог metro, okrug или mo убран из публичного URL."
Капельница от запоя и алкоголя на дому — Лобня,/uslugi/lechenie-alkogolizma/kapelnitsy/ot-zapoya-i-alkogolya/mo/lobnya/,/uslugi/kapelnitsy/ot-zapoya-i-alkogolya/moskovskaya-oblast/lobnya/,/uslugi/lechenie-alkogolizma/kapelnitsy/ot-zapoya-i-alkogolya/mo/,/uslugi/kapelnitsy/ot-zapoya-i-alkogolya/moskovskaya-oblast/,Капельницы и детокс,city,yes,moskovskaya-oblast,mo,lobnya,P0,"Технический каталог metro, okrug или mo убран из публичного URL."
Капельница от запоя и алкоголя на дому — Ивантеевка,/uslugi/lechenie-alkogolizma/kapelnitsy/ot-zapoya-i-alkogolya/mo/ivanteevka/,/uslugi/kapelnitsy/ot-zapoya-i-alkogolya/moskovskaya-oblast/ivanteevka/,/uslugi/lechenie-alkogolizma/kapelnitsy/ot-zapoya-i-alkogolya/mo/,/uslugi/kapelnitsy/ot-zapoya-i-alkogolya/moskovskaya-oblast/,Капельницы и детокс,city,yes,moskovskaya-oblast,mo,ivanteevka,P0,"Технический каталог metro, okrug или mo убран из публичного URL."
Капельница от запоя и алкоголя на дому — Клин,/uslugi/lechenie-alkogolizma/kapelnitsy/ot-zapoya-i-alkogolya/mo/klin/,/uslugi/kapelnitsy/ot-zapoya-i-alkogolya/moskovskaya-oblast/klin/,/uslugi/lechenie-alkogolizma/kapelnitsy/ot-zapoya-i-alkogolya/mo/,/uslugi/kapelnitsy/ot-zapoya-i-alkogolya/moskovskaya-oblast/,Капельницы и детокс,city,yes,moskovskaya-oblast,mo,klin,P0,"Технический каталог metro, okrug или mo убран из публичного URL."
Капельница от запоя и алкоголя на дому — Егорьевск,/uslugi/lechenie-alkogolizma/kapelnitsy/ot-zapoya-i-alkogolya/mo/egorevsk/,/uslugi/kapelnitsy/ot-zapoya-i-alkogolya/moskovskaya-oblast/egorevsk/,/uslugi/lechenie-alkogolizma/kapelnitsy/ot-zapoya-i-alkogolya/mo/,/uslugi/kapelnitsy/ot-zapoya-i-alkogolya/moskovskaya-oblast/,Капельницы и детокс,city,yes,moskovskaya-oblast,mo,egorevsk,P0,"Технический каталог metro, okrug или mo убран из публичного URL."
Капельница от запоя и алкоголя на дому — Дмитров,/uslugi/lechenie-alkogolizma/kapelnitsy/ot-zapoya-i-alkogolya/mo/dmitrov/,/uslugi/kapelnitsy/ot-zapoya-i-alkogolya/moskovskaya-oblast/dmitrov/,/uslugi/lechenie-alkogolizma/kapelnitsy/ot-zapoya-i-alkogolya/mo/,/uslugi/kapelnitsy/ot-zapoya-i-alkogolya/moskovskaya-oblast/,Капельницы и детокс,city,yes,moskovskaya-oblast,mo,dmitrov,P0,"Технический каталог metro, okrug или mo убран из публичного URL."
Капельница от запоя и алкоголя на дому — Чехов,/uslugi/lechenie-alkogolizma/kapelnitsy/ot-zapoya-i-alkogolya/mo/chehov/,/uslugi/kapelnitsy/ot-zapoya-i-alkogolya/moskovskaya-oblast/chehov/,/uslugi/lechenie-alkogolizma/kapelnitsy/ot-zapoya-i-alkogolya/mo/,/uslugi/kapelnitsy/ot-zapoya-i-alkogolya/moskovskaya-oblast/,Капельницы и детокс,city,yes,moskovskaya-oblast,mo,chehov,P0,"Технический каталог metro, okrug или mo убран из публичного URL."
Капельница от запоя и алкоголя на дому — Наро-Фоминск,/uslugi/lechenie-alkogolizma/kapelnitsy/ot-zapoya-i-alkogolya/mo/naro-fominsk/,/uslugi/kapelnitsy/ot-zapoya-i-alkogolya/moskovskaya-oblast/naro-fominsk/,/uslugi/lechenie-alkogolizma/kapelnitsy/ot-zapoya-i-alkogolya/mo/,/uslugi/kapelnitsy/ot-zapoya-i-alkogolya/moskovskaya-oblast/,Капельницы и детокс,city,yes,moskovskaya-oblast,mo,naro-fominsk,P0,"Технический каталог metro, okrug или mo убран из публичного URL."
Капельница от запоя и алкоголя на дому — Ступино,/uslugi/lechenie-alkogolizma/kapelnitsy/ot-zapoya-i-alkogolya/mo/stupino/,/uslugi/kapelnitsy/ot-zapoya-i-alkogolya/moskovskaya-oblast/stupino/,/uslugi/lechenie-alkogolizma/kapelnitsy/ot-zapoya-i-alkogolya/mo/,/uslugi/kapelnitsy/ot-zapoya-i-alkogolya/moskovskaya-oblast/,Капельницы и детокс,city,yes,moskovskaya-oblast,mo,stupino,P1,"Технический каталог metro, okrug или mo убран из публичного URL."
Капельница от запоя и алкоголя на дому — Видное,/uslugi/lechenie-alkogolizma/kapelnitsy/ot-zapoya-i-alkogolya/mo/vidnoe/,/uslugi/kapelnitsy/ot-zapoya-i-alkogolya/moskovskaya-oblast/vidnoe/,/uslugi/lechenie-alkogolizma/kapelnitsy/ot-zapoya-i-alkogolya/mo/,/uslugi/kapelnitsy/ot-zapoya-i-alkogolya/moskovskaya-oblast/,Капельницы и детокс,city,yes,moskovskaya-oblast,mo,vidnoe,P1,"Технический каталог metro, okrug или mo убран из публичного URL."
Капельница от запоя и алкоголя на дому — Фрязино,/uslugi/lechenie-alkogolizma/kapelnitsy/ot-zapoya-i-alkogolya/mo/fryazino/,/uslugi/kapelnitsy/ot-zapoya-i-alkogolya/moskovskaya-oblast/fryazino/,/uslugi/lechenie-alkogolizma/kapelnitsy/ot-zapoya-i-alkogolya/mo/,/uslugi/kapelnitsy/ot-zapoya-i-alkogolya/moskovskaya-oblast/,Капельницы и детокс,city,yes,moskovskaya-oblast,mo,fryazino,P1,"Технический каталог metro, okrug или mo убран из публичного URL."
Капельница от запоя и алкоголя на дому — Лыткарино,/uslugi/lechenie-alkogolizma/kapelnitsy/ot-zapoya-i-alkogolya/mo/lytkarino/,/uslugi/kapelnitsy/ot-zapoya-i-alkogolya/moskovskaya-oblast/lytkarino/,/uslugi/lechenie-alkogolizma/kapelnitsy/ot-zapoya-i-alkogolya/mo/,/uslugi/kapelnitsy/ot-zapoya-i-alkogolya/moskovskaya-oblast/,Капельницы и детокс,city,yes,moskovskaya-oblast,mo,lytkarino,P1,"Технический каталог metro, okrug или mo убран из публичного URL."
Капельница от запоя и алкоголя на дому — Дзержинский,/uslugi/lechenie-alkogolizma/kapelnitsy/ot-zapoya-i-alkogolya/mo/dzerzhinskij/,/uslugi/kapelnitsy/ot-zapoya-i-alkogolya/moskovskaya-oblast/dzerzhinskij/,/uslugi/lechenie-alkogolizma/kapelnitsy/ot-zapoya-i-alkogolya/mo/,/uslugi/kapelnitsy/ot-zapoya-i-alkogolya/moskovskaya-oblast/,Капельницы и детокс,city,yes,moskovskaya-oblast,mo,dzerzhinskij,P1,"Технический каталог metro, okrug или mo убран из публичного URL."
Капельница от запоя и алкоголя на дому — Котельники,/uslugi/lechenie-alkogolizma/kapelnitsy/ot-zapoya-i-alkogolya/mo/kotelniki/,/uslugi/kapelnitsy/ot-zapoya-i-alkogolya/moskovskaya-oblast/kotelniki/,/uslugi/lechenie-alkogolizma/kapelnitsy/ot-zapoya-i-alkogolya/mo/,/uslugi/kapelnitsy/ot-zapoya-i-alkogolya/moskovskaya-oblast/,Капельницы и детокс,city,yes,moskovskaya-oblast,mo,kotelniki,P1,"Технический каталог metro, okrug или mo убран из публичного URL."
Капельница от запоя и алкоголя на дому — Истра,/uslugi/lechenie-alkogolizma/kapelnitsy/ot-zapoya-i-alkogolya/mo/istra/,/uslugi/kapelnitsy/ot-zapoya-i-alkogolya/moskovskaya-oblast/istra/,/uslugi/lechenie-alkogolizma/kapelnitsy/ot-zapoya-i-alkogolya/mo/,/uslugi/kapelnitsy/ot-zapoya-i-alkogolya/moskovskaya-oblast/,Капельницы и детокс,city,yes,moskovskaya-oblast,mo,istra,P1,"Технический каталог metro, okrug или mo убран из публичного URL."
Капельница от запоя и алкоголя на дому — Дедовск,/uslugi/lechenie-alkogolizma/kapelnitsy/ot-zapoya-i-alkogolya/mo/dedovsk/,/uslugi/kapelnitsy/ot-zapoya-i-alkogolya/moskovskaya-oblast/dedovsk/,/uslugi/lechenie-alkogolizma/kapelnitsy/ot-zapoya-i-alkogolya/mo/,/uslugi/kapelnitsy/ot-zapoya-i-alkogolya/moskovskaya-oblast/,Капельницы и детокс,city,yes,moskovskaya-oblast,mo,dedovsk,P1,"Технический каталог metro, okrug или mo убран из публичного URL."
Капельница от запоя и алкоголя на дому — Солнечногорск,/uslugi/lechenie-alkogolizma/kapelnitsy/ot-zapoya-i-alkogolya/mo/solnechnogorsk/,/uslugi/kapelnitsy/ot-zapoya-i-alkogolya/moskovskaya-oblast/solnechnogorsk/,/uslugi/lechenie-alkogolizma/kapelnitsy/ot-zapoya-i-alkogolya/mo/,/uslugi/kapelnitsy/ot-zapoya-i-alkogolya/moskovskaya-oblast/,Капельницы и детокс,city,yes,moskovskaya-oblast,mo,solnechnogorsk,P1,"Технический каталог metro, okrug или mo убран из публичного URL."
Капельница от запоя и алкоголя на дому — Апрелевка,/uslugi/lechenie-alkogolizma/kapelnitsy/ot-zapoya-i-alkogolya/mo/aprelevka/,/uslugi/kapelnitsy/ot-zapoya-i-alkogolya/moskovskaya-oblast/aprelevka/,/uslugi/lechenie-alkogolizma/kapelnitsy/ot-zapoya-i-alkogolya/mo/,/uslugi/kapelnitsy/ot-zapoya-i-alkogolya/moskovskaya-oblast/,Капельницы и детокс,city,yes,moskovskaya-oblast,mo,aprelevka,P1,"Технический каталог metro, okrug или mo убран из публичного URL."
Капельница от запоя и алкоголя на дому — Кубинка,/uslugi/lechenie-alkogolizma/kapelnitsy/ot-zapoya-i-alkogolya/mo/kubinka/,/uslugi/kapelnitsy/ot-zapoya-i-alkogolya/moskovskaya-oblast/kubinka/,/uslugi/lechenie-alkogolizma/kapelnitsy/ot-zapoya-i-alkogolya/mo/,/uslugi/kapelnitsy/ot-zapoya-i-alkogolya/moskovskaya-oblast/,Капельницы и детокс,city,yes,moskovskaya-oblast,mo,kubinka,P1,"Технический каталог metro, okrug или mo убран из публичного URL."
Капельница от запоя и алкоголя на дому — Руза,/uslugi/lechenie-alkogolizma/kapelnitsy/ot-zapoya-i-alkogolya/mo/ruza/,/uslugi/kapelnitsy/ot-zapoya-i-alkogolya/moskovskaya-oblast/ruza/,/uslugi/lechenie-alkogolizma/kapelnitsy/ot-zapoya-i-alkogolya/mo/,/uslugi/kapelnitsy/ot-zapoya-i-alkogolya/moskovskaya-oblast/,Капельницы и детокс,city,yes,moskovskaya-oblast,mo,ruza,P1,"Технический каталог metro, okrug или mo убран из публичного URL."
Капельница от запоя и алкоголя на дому — Звенигород,/uslugi/lechenie-alkogolizma/kapelnitsy/ot-zapoya-i-alkogolya/mo/zvenigorod/,/uslugi/kapelnitsy/ot-zapoya-i-alkogolya/moskovskaya-oblast/zvenigorod/,/uslugi/lechenie-alkogolizma/kapelnitsy/ot-zapoya-i-alkogolya/mo/,/uslugi/kapelnitsy/ot-zapoya-i-alkogolya/moskovskaya-oblast/,Капельницы и детокс,city,yes,moskovskaya-oblast,mo,zvenigorod,P1,"Технический каталог metro, okrug или mo убран из публичного URL."
Капельница от запоя и алкоголя на дому — Можайск,/uslugi/lechenie-alkogolizma/kapelnitsy/ot-zapoya-i-alkogolya/mo/mozhajsk/,/uslugi/kapelnitsy/ot-zapoya-i-alkogolya/moskovskaya-oblast/mozhajsk/,/uslugi/lechenie-alkogolizma/kapelnitsy/ot-zapoya-i-alkogolya/mo/,/uslugi/kapelnitsy/ot-zapoya-i-alkogolya/moskovskaya-oblast/,Капельницы и детокс,city,yes,moskovskaya-oblast,mo,mozhajsk,P1,"Технический каталог metro, okrug или mo убран из публичного URL."
Капельница от запоя и алкоголя на дому — Луховицы,/uslugi/lechenie-alkogolizma/kapelnitsy/ot-zapoya-i-alkogolya/mo/luhovicy/,/uslugi/kapelnitsy/ot-zapoya-i-alkogolya/moskovskaya-oblast/luhovicy/,/uslugi/lechenie-alkogolizma/kapelnitsy/ot-zapoya-i-alkogolya/mo/,/uslugi/kapelnitsy/ot-zapoya-i-alkogolya/moskovskaya-oblast/,Капельницы и детокс,city,yes,moskovskaya-oblast,mo,luhovicy,P1,"Технический каталог metro, okrug или mo убран из публичного URL."
Капельница от запоя и алкоголя на дому — Кашира,/uslugi/lechenie-alkogolizma/kapelnitsy/ot-zapoya-i-alkogolya/mo/kashira/,/uslugi/kapelnitsy/ot-zapoya-i-alkogolya/moskovskaya-oblast/kashira/,/uslugi/lechenie-alkogolizma/kapelnitsy/ot-zapoya-i-alkogolya/mo/,/uslugi/kapelnitsy/ot-zapoya-i-alkogolya/moskovskaya-oblast/,Капельницы и детокс,city,yes,moskovskaya-oblast,mo,kashira,P1,"Технический каталог metro, okrug или mo убран из публичного URL."
Капельница от запоя и алкоголя на дому — Протвино,/uslugi/lechenie-alkogolizma/kapelnitsy/ot-zapoya-i-alkogolya/mo/protvino/,/uslugi/kapelnitsy/ot-zapoya-i-alkogolya/moskovskaya-oblast/protvino/,/uslugi/lechenie-alkogolizma/kapelnitsy/ot-zapoya-i-alkogolya/mo/,/uslugi/kapelnitsy/ot-zapoya-i-alkogolya/moskovskaya-oblast/,Капельницы и детокс,city,yes,moskovskaya-oblast,mo,protvino,P1,"Технический каталог metro, okrug или mo убран из публичного URL."
Капельница от запоя и алкоголя на дому — Дубна,/uslugi/lechenie-alkogolizma/kapelnitsy/ot-zapoya-i-alkogolya/mo/dubna/,/uslugi/kapelnitsy/ot-zapoya-i-alkogolya/moskovskaya-oblast/dubna/,/uslugi/lechenie-alkogolizma/kapelnitsy/ot-zapoya-i-alkogolya/mo/,/uslugi/kapelnitsy/ot-zapoya-i-alkogolya/moskovskaya-oblast/,Капельницы и детокс,city,yes,moskovskaya-oblast,mo,dubna,P1,"Технический каталог metro, okrug или mo убран из публичного URL."
Капельница от запоя и алкоголя на дому — Черноголовка,/uslugi/lechenie-alkogolizma/kapelnitsy/ot-zapoya-i-alkogolya/mo/chernogolovka/,/uslugi/kapelnitsy/ot-zapoya-i-alkogolya/moskovskaya-oblast/chernogolovka/,/uslugi/lechenie-alkogolizma/kapelnitsy/ot-zapoya-i-alkogolya/mo/,/uslugi/kapelnitsy/ot-zapoya-i-alkogolya/moskovskaya-oblast/,Капельницы и детокс,city,yes,moskovskaya-oblast,mo,chernogolovka,P1,"Технический каталог metro, okrug или mo убран из публичного URL."
Капельница от запоя и алкоголя на дому — Волоколамск,/uslugi/lechenie-alkogolizma/kapelnitsy/ot-zapoya-i-alkogolya/mo/volokolamsk/,/uslugi/kapelnitsy/ot-zapoya-i-alkogolya/moskovskaya-oblast/volokolamsk/,/uslugi/lechenie-alkogolizma/kapelnitsy/ot-zapoya-i-alkogolya/mo/,/uslugi/kapelnitsy/ot-zapoya-i-alkogolya/moskovskaya-oblast/,Капельницы и детокс,city,yes,moskovskaya-oblast,mo,volokolamsk,P1,"Технический каталог metro, okrug или mo убран из публичного URL."
Кодирование от алкоголизма — Аэропорт,/uslugi/lechenie-alkogolizma/kodirovanie/metro/aeroport/,/uslugi/kodirovanie/moskva/aeroport/,/uslugi/lechenie-alkogolizma/kodirovanie/metro/,/uslugi/kodirovanie/moskva/,Кодирование,metro,yes,moskva,metro,aeroport,P0,"Технический каталог metro, okrug или mo убран из публичного URL."
Кодирование от алкоголизма — Александровский сад,/uslugi/lechenie-alkogolizma/kodirovanie/metro/aleksandrovskij-sad/,/uslugi/kodirovanie/moskva/aleksandrovskij-sad/,/uslugi/lechenie-alkogolizma/kodirovanie/metro/,/uslugi/kodirovanie/moskva/,Кодирование,metro,yes,moskva,metro,aleksandrovskij-sad,P0,"Технический каталог metro, okrug или mo убран из публичного URL."
Кодирование от алкоголизма — Алексеевская,/uslugi/lechenie-alkogolizma/kodirovanie/metro/alekseevskaya/,/uslugi/kodirovanie/moskva/alekseevskaya/,/uslugi/lechenie-alkogolizma/kodirovanie/metro/,/uslugi/kodirovanie/moskva/,Кодирование,metro,yes,moskva,metro,alekseevskaya,P0,"Технический каталог metro, okrug или mo убран из публичного URL."
Кодирование от алкоголизма — Алма-Атинская,/uslugi/lechenie-alkogolizma/kodirovanie/metro/alma-atinskaya/,/uslugi/kodirovanie/moskva/alma-atinskaya/,/uslugi/lechenie-alkogolizma/kodirovanie/metro/,/uslugi/kodirovanie/moskva/,Кодирование,metro,yes,moskva,metro,alma-atinskaya,P0,"Технический каталог metro, okrug или mo убран из публичного URL."
Кодирование от алкоголизма — Алтуфьево,/uslugi/lechenie-alkogolizma/kodirovanie/metro/altufevo/,/uslugi/kodirovanie/moskva/altufevo/,/uslugi/lechenie-alkogolizma/kodirovanie/metro/,/uslugi/kodirovanie/moskva/,Кодирование,metro,yes,moskva,metro,altufevo,P0,"Технический каталог metro, okrug или mo убран из публичного URL."
Кодирование от алкоголизма — Андроновка,/uslugi/lechenie-alkogolizma/kodirovanie/metro/andronovka/,/uslugi/kodirovanie/moskva/andronovka/,/uslugi/lechenie-alkogolizma/kodirovanie/metro/,/uslugi/kodirovanie/moskva/,Кодирование,metro,yes,moskva,metro,andronovka,P0,"Технический каталог metro, okrug или mo убран из публичного URL."
Кодирование от алкоголизма — Аннино,/uslugi/lechenie-alkogolizma/kodirovanie/metro/annino/,/uslugi/kodirovanie/moskva/annino/,/uslugi/lechenie-alkogolizma/kodirovanie/metro/,/uslugi/kodirovanie/moskva/,Кодирование,metro,yes,moskva,metro,annino,P0,"Технический каталог metro, okrug или mo убран из публичного URL."
Кодирование от алкоголизма — Арбатская,/uslugi/lechenie-alkogolizma/kodirovanie/metro/arbatskaya/,/uslugi/kodirovanie/moskva/arbatskaya/,/uslugi/lechenie-alkogolizma/kodirovanie/metro/,/uslugi/kodirovanie/moskva/,Кодирование,metro,yes,moskva,metro,arbatskaya,P0,"Технический каталог metro, okrug или mo убран из публичного URL."
Кодирование от алкоголизма — Авиамоторная,/uslugi/lechenie-alkogolizma/kodirovanie/metro/aviamotornaya/,/uslugi/kodirovanie/moskva/aviamotornaya/,/uslugi/lechenie-alkogolizma/kodirovanie/metro/,/uslugi/kodirovanie/moskva/,Кодирование,metro,yes,moskva,metro,aviamotornaya,P0,"Технический каталог metro, okrug или mo убран из публичного URL."
Кодирование от алкоголизма — Автозаводская,/uslugi/lechenie-alkogolizma/kodirovanie/metro/avtozavodskaya/,/uslugi/kodirovanie/moskva/avtozavodskaya/,/uslugi/lechenie-alkogolizma/kodirovanie/metro/,/uslugi/kodirovanie/moskva/,Кодирование,metro,yes,moskva,metro,avtozavodskaya,P0,"Технический каталог metro, okrug или mo убран из публичного URL."
Кодирование от алкоголизма — Бабушкинская,/uslugi/lechenie-alkogolizma/kodirovanie/metro/babushkinskaya/,/uslugi/kodirovanie/moskva/babushkinskaya/,/uslugi/lechenie-alkogolizma/kodirovanie/metro/,/uslugi/kodirovanie/moskva/,Кодирование,metro,yes,moskva,metro,babushkinskaya,P0,"Технический каталог metro, okrug или mo убран из публичного URL."
Кодирование от алкоголизма — Багратионовская,/uslugi/lechenie-alkogolizma/kodirovanie/metro/bagrationovskaya/,/uslugi/kodirovanie/moskva/bagrationovskaya/,/uslugi/lechenie-alkogolizma/kodirovanie/metro/,/uslugi/kodirovanie/moskva/,Кодирование,metro,yes,moskva,metro,bagrationovskaya,P0,"Технический каталог metro, okrug или mo убран из публичного URL."
Кодирование от алкоголизма — Балтийская,/uslugi/lechenie-alkogolizma/kodirovanie/metro/baltijskaya/,/uslugi/kodirovanie/moskva/baltijskaya/,/uslugi/lechenie-alkogolizma/kodirovanie/metro/,/uslugi/kodirovanie/moskva/,Кодирование,metro,yes,moskva,metro,baltijskaya,P0,"Технический каталог metro, okrug или mo убран из публичного URL."
Кодирование от алкоголизма — Баррикадная,/uslugi/lechenie-alkogolizma/kodirovanie/metro/barrikadnaya/,/uslugi/kodirovanie/moskva/barrikadnaya/,/uslugi/lechenie-alkogolizma/kodirovanie/metro/,/uslugi/kodirovanie/moskva/,Кодирование,metro,yes,moskva,metro,barrikadnaya,P0,"Технический каталог metro, okrug или mo убран из публичного URL."
Кодирование от алкоголизма — Бауманская,/uslugi/lechenie-alkogolizma/kodirovanie/metro/baumanskaya/,/uslugi/kodirovanie/moskva/baumanskaya/,/uslugi/lechenie-alkogolizma/kodirovanie/metro/,/uslugi/kodirovanie/moskva/,Кодирование,metro,yes,moskva,metro,baumanskaya,P0,"Технический каталог metro, okrug или mo убран из публичного URL."
Кодирование от алкоголизма — Беговая,/uslugi/lechenie-alkogolizma/kodirovanie/metro/begovaya/,/uslugi/kodirovanie/moskva/begovaya/,/uslugi/lechenie-alkogolizma/kodirovanie/metro/,/uslugi/kodirovanie/moskva/,Кодирование,metro,yes,moskva,metro,begovaya,P0,"Технический каталог metro, okrug или mo убран из публичного URL."
Кодирование от алкоголизма — Белокаменная,/uslugi/lechenie-alkogolizma/kodirovanie/metro/belokamennaya/,/uslugi/kodirovanie/moskva/belokamennaya/,/uslugi/lechenie-alkogolizma/kodirovanie/metro/,/uslugi/kodirovanie/moskva/,Кодирование,metro,yes,moskva,metro,belokamennaya,P0,"Технический каталог metro, okrug или mo убран из публичного URL."
Кодирование от алкоголизма — Белорусская,/uslugi/lechenie-alkogolizma/kodirovanie/metro/belorusskaya/,/uslugi/kodirovanie/moskva/belorusskaya/,/uslugi/lechenie-alkogolizma/kodirovanie/metro/,/uslugi/kodirovanie/moskva/,Кодирование,metro,yes,moskva,metro,belorusskaya,P0,"Технический каталог metro, okrug или mo убран из публичного URL."
Кодирование от алкоголизма — Беляево,/uslugi/lechenie-alkogolizma/kodirovanie/metro/belyaevo/,/uslugi/kodirovanie/moskva/belyaevo/,/uslugi/lechenie-alkogolizma/kodirovanie/metro/,/uslugi/kodirovanie/moskva/,Кодирование,metro,yes,moskva,metro,belyaevo,P0,"Технический каталог metro, okrug или mo убран из публичного URL."
Кодирование от алкоголизма — Бибирево,/uslugi/lechenie-alkogolizma/kodirovanie/metro/bibirevo/,/uslugi/kodirovanie/moskva/bibirevo/,/uslugi/lechenie-alkogolizma/kodirovanie/metro/,/uslugi/kodirovanie/moskva/,Кодирование,metro,yes,moskva,metro,bibirevo,P0,"Технический каталог metro, okrug или mo убран из публичного URL."
Кодирование от алкоголизма — Библиотека имени Ленина,/uslugi/lechenie-alkogolizma/kodirovanie/metro/biblioteka-imeni-lenina/,/uslugi/kodirovanie/moskva/biblioteka-imeni-lenina/,/uslugi/lechenie-alkogolizma/kodirovanie/metro/,/uslugi/kodirovanie/moskva/,Кодирование,metro,yes,moskva,metro,biblioteka-imeni-lenina,P0,"Технический каталог metro, okrug или mo убран из публичного URL."
Кодирование от алкоголизма — Битцевский парк,/uslugi/lechenie-alkogolizma/kodirovanie/metro/bitcevskij-park/,/uslugi/kodirovanie/moskva/bitcevskij-park/,/uslugi/lechenie-alkogolizma/kodirovanie/metro/,/uslugi/kodirovanie/moskva/,Кодирование,metro,yes,moskva,metro,bitcevskij-park,P0,"Технический каталог metro, okrug или mo убран из публичного URL."
Кодирование от алкоголизма — Борисово,/uslugi/lechenie-alkogolizma/kodirovanie/metro/borisovo/,/uslugi/kodirovanie/moskva/borisovo/,/uslugi/lechenie-alkogolizma/kodirovanie/metro/,/uslugi/kodirovanie/moskva/,Кодирование,metro,yes,moskva,metro,borisovo,P0,"Технический каталог metro, okrug или mo убран из публичного URL."
Кодирование от алкоголизма — Боровицкая,/uslugi/lechenie-alkogolizma/kodirovanie/metro/borovickaya/,/uslugi/kodirovanie/moskva/borovickaya/,/uslugi/lechenie-alkogolizma/kodirovanie/metro/,/uslugi/kodirovanie/moskva/,Кодирование,metro,yes,moskva,metro,borovickaya,P0,"Технический каталог metro, okrug или mo убран из публичного URL."
Кодирование от алкоголизма — Ботанический сад,/uslugi/lechenie-alkogolizma/kodirovanie/metro/botanicheskij-sad/,/uslugi/kodirovanie/moskva/botanicheskij-sad/,/uslugi/lechenie-alkogolizma/kodirovanie/metro/,/uslugi/kodirovanie/moskva/,Кодирование,metro,yes,moskva,metro,botanicheskij-sad,P0,"Технический каталог metro, okrug или mo убран из публичного URL."
Кодирование от алкоголизма — Братиславская,/uslugi/lechenie-alkogolizma/kodirovanie/metro/bratislavskaya/,/uslugi/kodirovanie/moskva/bratislavskaya/,/uslugi/lechenie-alkogolizma/kodirovanie/metro/,/uslugi/kodirovanie/moskva/,Кодирование,metro,yes,moskva,metro,bratislavskaya,P0,"Технический каталог metro, okrug или mo убран из публичного URL."
Кодирование от алкоголизма — Бульвар Адмирала Ушакова,/uslugi/lechenie-alkogolizma/kodirovanie/metro/bulvar-admirala-ushakova/,/uslugi/kodirovanie/moskva/bulvar-admirala-ushakova/,/uslugi/lechenie-alkogolizma/kodirovanie/metro/,/uslugi/kodirovanie/moskva/,Кодирование,metro,yes,moskva,metro,bulvar-admirala-ushakova,P0,"Технический каталог metro, okrug или mo убран из публичного URL."
Кодирование от алкоголизма — Бульвар Рокоссовского,/uslugi/lechenie-alkogolizma/kodirovanie/metro/bulvar-rokossovskogo/,/uslugi/kodirovanie/moskva/bulvar-rokossovskogo/,/uslugi/lechenie-alkogolizma/kodirovanie/metro/,/uslugi/kodirovanie/moskva/,Кодирование,metro,yes,moskva,metro,bulvar-rokossovskogo,P0,"Технический каталог metro, okrug или mo убран из публичного URL."
Кодирование от алкоголизма — Бунинская аллея,/uslugi/lechenie-alkogolizma/kodirovanie/metro/buninskaya-alleya/,/uslugi/kodirovanie/moskva/buninskaya-alleya/,/uslugi/lechenie-alkogolizma/kodirovanie/metro/,/uslugi/kodirovanie/moskva/,Кодирование,metro,yes,moskva,metro,buninskaya-alleya,P0,"Технический каталог metro, okrug или mo убран из публичного URL."
Кодирование от алкоголизма — Бутырская,/uslugi/lechenie-alkogolizma/kodirovanie/metro/butyrskaya/,/uslugi/kodirovanie/moskva/butyrskaya/,/uslugi/lechenie-alkogolizma/kodirovanie/metro/,/uslugi/kodirovanie/moskva/,Кодирование,metro,yes,moskva,metro,butyrskaya,P0,"Технический каталог metro, okrug или mo убран из публичного URL."
Кодирование от алкоголизма — Чеховская,/uslugi/lechenie-alkogolizma/kodirovanie/metro/chehovskaya/,/uslugi/kodirovanie/moskva/chehovskaya/,/uslugi/lechenie-alkogolizma/kodirovanie/metro/,/uslugi/kodirovanie/moskva/,Кодирование,metro,yes,moskva,metro,chehovskaya,P0,"Технический каталог metro, okrug или mo убран из публичного URL."
Кодирование от алкоголизма — Черкизовская,/uslugi/lechenie-alkogolizma/kodirovanie/metro/cherkizovskaya/,/uslugi/kodirovanie/moskva/cherkizovskaya/,/uslugi/lechenie-alkogolizma/kodirovanie/metro/,/uslugi/kodirovanie/moskva/,Кодирование,metro,yes,moskva,metro,cherkizovskaya,P0,"Технический каталог metro, okrug или mo убран из публичного URL."
Кодирование от алкоголизма — Чертановская,/uslugi/lechenie-alkogolizma/kodirovanie/metro/chertanovskaya/,/uslugi/kodirovanie/moskva/chertanovskaya/,/uslugi/lechenie-alkogolizma/kodirovanie/metro/,/uslugi/kodirovanie/moskva/,Кодирование,metro,yes,moskva,metro,chertanovskaya,P0,"Технический каталог metro, okrug или mo убран из публичного URL."
Кодирование от алкоголизма — Чистые пруды,/uslugi/lechenie-alkogolizma/kodirovanie/metro/chistye-prudy/,/uslugi/kodirovanie/moskva/chistye-prudy/,/uslugi/lechenie-alkogolizma/kodirovanie/metro/,/uslugi/kodirovanie/moskva/,Кодирование,metro,yes,moskva,metro,chistye-prudy,P0,"Технический каталог metro, okrug или mo убран из публичного URL."
Кодирование от алкоголизма — Чкаловская,/uslugi/lechenie-alkogolizma/kodirovanie/metro/chkalovskaya/,/uslugi/kodirovanie/moskva/chkalovskaya/,/uslugi/lechenie-alkogolizma/kodirovanie/metro/,/uslugi/kodirovanie/moskva/,Кодирование,metro,yes,moskva,metro,chkalovskaya,P0,"Технический каталог metro, okrug или mo убран из публичного URL."
Кодирование от алкоголизма — Царицыно,/uslugi/lechenie-alkogolizma/kodirovanie/metro/caricyno/,/uslugi/kodirovanie/moskva/caricyno/,/uslugi/lechenie-alkogolizma/kodirovanie/metro/,/uslugi/kodirovanie/moskva/,Кодирование,metro,yes,moskva,metro,caricyno,P0,"Технический каталог metro, okrug или mo убран из публичного URL."
Кодирование от алкоголизма — ЦСКА,/uslugi/lechenie-alkogolizma/kodirovanie/metro/cska/,/uslugi/kodirovanie/moskva/cska/,/uslugi/lechenie-alkogolizma/kodirovanie/metro/,/uslugi/kodirovanie/moskva/,Кодирование,metro,yes,moskva,metro,cska,P0,"Технический каталог metro, okrug или mo убран из публичного URL."
Кодирование от алкоголизма — Цветной бульвар,/uslugi/lechenie-alkogolizma/kodirovanie/metro/cvetnoj-bulvar/,/uslugi/kodirovanie/moskva/cvetnoj-bulvar/,/uslugi/lechenie-alkogolizma/kodirovanie/metro/,/uslugi/kodirovanie/moskva/,Кодирование,metro,yes,moskva,metro,cvetnoj-bulvar,P0,"Технический каталог metro, okrug или mo убран из публичного URL."
Кодирование от алкоголизма — Деловой центр,/uslugi/lechenie-alkogolizma/kodirovanie/metro/delovoj-centr/,/uslugi/kodirovanie/moskva/delovoj-centr/,/uslugi/lechenie-alkogolizma/kodirovanie/metro/,/uslugi/kodirovanie/moskva/,Кодирование,metro,yes,moskva,metro,delovoj-centr,P0,"Технический каталог metro, okrug или mo убран из публичного URL."
Кодирование от алкоголизма — Динамо,/uslugi/lechenie-alkogolizma/kodirovanie/metro/dinamo/,/uslugi/kodirovanie/moskva/dinamo/,/uslugi/lechenie-alkogolizma/kodirovanie/metro/,/uslugi/kodirovanie/moskva/,Кодирование,metro,yes,moskva,metro,dinamo,P0,"Технический каталог metro, okrug или mo убран из публичного URL."
Кодирование от алкоголизма — Дмитровская,/uslugi/lechenie-alkogolizma/kodirovanie/metro/dmitrovskaya/,/uslugi/kodirovanie/moskva/dmitrovskaya/,/uslugi/lechenie-alkogolizma/kodirovanie/metro/,/uslugi/kodirovanie/moskva/,Кодирование,metro,yes,moskva,metro,dmitrovskaya,P0,"Технический каталог metro, okrug или mo убран из публичного URL."
Кодирование от алкоголизма — Добрынинская,/uslugi/lechenie-alkogolizma/kodirovanie/metro/dobryninskaya/,/uslugi/kodirovanie/moskva/dobryninskaya/,/uslugi/lechenie-alkogolizma/kodirovanie/metro/,/uslugi/kodirovanie/moskva/,Кодирование,metro,yes,moskva,metro,dobryninskaya,P0,"Технический каталог metro, okrug или mo убран из публичного URL."
Кодирование от алкоголизма — Домодедовская,/uslugi/lechenie-alkogolizma/kodirovanie/metro/domodedovskaya/,/uslugi/kodirovanie/moskva/domodedovskaya/,/uslugi/lechenie-alkogolizma/kodirovanie/metro/,/uslugi/kodirovanie/moskva/,Кодирование,metro,yes,moskva,metro,domodedovskaya,P0,"Технический каталог metro, okrug или mo убран из публичного URL."
Кодирование от алкоголизма — Достоевская,/uslugi/lechenie-alkogolizma/kodirovanie/metro/dostoevskaya/,/uslugi/kodirovanie/moskva/dostoevskaya/,/uslugi/lechenie-alkogolizma/kodirovanie/metro/,/uslugi/kodirovanie/moskva/,Кодирование,metro,yes,moskva,metro,dostoevskaya,P0,"Технический каталог metro, okrug или mo убран из публичного URL."
Кодирование от алкоголизма — Электрозаводская,/uslugi/lechenie-alkogolizma/kodirovanie/metro/elektrozavodskaya/,/uslugi/kodirovanie/moskva/elektrozavodskaya/,/uslugi/lechenie-alkogolizma/kodirovanie/metro/,/uslugi/kodirovanie/moskva/,Кодирование,metro,yes,moskva,metro,elektrozavodskaya,P0,"Технический каталог metro, okrug или mo убран из публичного URL."
Кодирование от алкоголизма — Филёвский парк,/uslugi/lechenie-alkogolizma/kodirovanie/metro/filevskij-park/,/uslugi/kodirovanie/moskva/filevskij-park/,/uslugi/lechenie-alkogolizma/kodirovanie/metro/,/uslugi/kodirovanie/moskva/,Кодирование,metro,yes,moskva,metro,filevskij-park,P0,"Технический каталог metro, okrug или mo убран из публичного URL."
Кодирование от алкоголизма — Фили,/uslugi/lechenie-alkogolizma/kodirovanie/metro/fili/,/uslugi/kodirovanie/moskva/fili/,/uslugi/lechenie-alkogolizma/kodirovanie/metro/,/uslugi/kodirovanie/moskva/,Кодирование,metro,yes,moskva,metro,fili,P0,"Технический каталог metro, okrug или mo убран из публичного URL."
Кодирование от алкоголизма — Фонвизинская,/uslugi/lechenie-alkogolizma/kodirovanie/metro/fonvizinskaya/,/uslugi/kodirovanie/moskva/fonvizinskaya/,/uslugi/lechenie-alkogolizma/kodirovanie/metro/,/uslugi/kodirovanie/moskva/,Кодирование,metro,yes,moskva,metro,fonvizinskaya,P0,"Технический каталог metro, okrug или mo убран из публичного URL."
Кодирование от алкоголизма — Фрунзенская,/uslugi/lechenie-alkogolizma/kodirovanie/metro/frunzenskaya/,/uslugi/kodirovanie/moskva/frunzenskaya/,/uslugi/lechenie-alkogolizma/kodirovanie/metro/,/uslugi/kodirovanie/moskva/,Кодирование,metro,yes,moskva,metro,frunzenskaya,P0,"Технический каталог metro, okrug или mo убран из публичного URL."
Кодирование от алкоголизма — Хорошёвская,/uslugi/lechenie-alkogolizma/kodirovanie/metro/horoshevskaya/,/uslugi/kodirovanie/moskva/horoshevskaya/,/uslugi/lechenie-alkogolizma/kodirovanie/metro/,/uslugi/kodirovanie/moskva/,Кодирование,metro,yes,moskva,metro,horoshevskaya,P0,"Технический каталог metro, okrug или mo убран из публичного URL."
Кодирование от алкоголизма — Ховрино,/uslugi/lechenie-alkogolizma/kodirovanie/metro/hovrino/,/uslugi/kodirovanie/moskva/hovrino/,/uslugi/lechenie-alkogolizma/kodirovanie/metro/,/uslugi/kodirovanie/moskva/,Кодирование,metro,yes,moskva,metro,hovrino,P0,"Технический каталог metro, okrug или mo убран из публичного URL."
Кодирование от алкоголизма — Измайловская,/uslugi/lechenie-alkogolizma/kodirovanie/metro/izmajlovskaya/,/uslugi/kodirovanie/moskva/izmajlovskaya/,/uslugi/lechenie-alkogolizma/kodirovanie/metro/,/uslugi/kodirovanie/moskva/,Кодирование,metro,yes,moskva,metro,izmajlovskaya,P0,"Технический каталог metro, okrug или mo убран из публичного URL."
Кодирование от алкоголизма — Каховская,/uslugi/lechenie-alkogolizma/kodirovanie/metro/kahovskaya/,/uslugi/kodirovanie/moskva/kahovskaya/,/uslugi/lechenie-alkogolizma/kodirovanie/metro/,/uslugi/kodirovanie/moskva/,Кодирование,metro,yes,moskva,metro,kahovskaya,P0,"Технический каталог metro, okrug или mo убран из публичного URL."
Кодирование от алкоголизма — Калужская,/uslugi/lechenie-alkogolizma/kodirovanie/metro/kaluzhskaya/,/uslugi/kodirovanie/moskva/kaluzhskaya/,/uslugi/lechenie-alkogolizma/kodirovanie/metro/,/uslugi/kodirovanie/moskva/,Кодирование,metro,yes,moskva,metro,kaluzhskaya,P0,"Технический каталог metro, okrug или mo убран из публичного URL."
Кодирование от алкоголизма — Кантемировская,/uslugi/lechenie-alkogolizma/kodirovanie/metro/kantemirovskaya/,/uslugi/kodirovanie/moskva/kantemirovskaya/,/uslugi/lechenie-alkogolizma/kodirovanie/metro/,/uslugi/kodirovanie/moskva/,Кодирование,metro,yes,moskva,metro,kantemirovskaya,P0,"Технический каталог metro, okrug или mo убран из публичного URL."
Кодирование от алкоголизма — Каширская,/uslugi/lechenie-alkogolizma/kodirovanie/metro/kashirskaya/,/uslugi/kodirovanie/moskva/kashirskaya/,/uslugi/lechenie-alkogolizma/kodirovanie/metro/,/uslugi/kodirovanie/moskva/,Кодирование,metro,yes,moskva,metro,kashirskaya,P0,"Технический каталог metro, okrug или mo убран из публичного URL."
Кодирование от алкоголизма — Киевская,/uslugi/lechenie-alkogolizma/kodirovanie/metro/kievskaya/,/uslugi/kodirovanie/moskva/kievskaya/,/uslugi/lechenie-alkogolizma/kodirovanie/metro/,/uslugi/kodirovanie/moskva/,Кодирование,metro,yes,moskva,metro,kievskaya,P0,"Технический каталог metro, okrug или mo убран из публичного URL."
Кодирование от алкоголизма — Китай-город,/uslugi/lechenie-alkogolizma/kodirovanie/metro/kitaj-gorod/,/uslugi/kodirovanie/moskva/kitaj-gorod/,/uslugi/lechenie-alkogolizma/kodirovanie/metro/,/uslugi/kodirovanie/moskva/,Кодирование,metro,yes,moskva,metro,kitaj-gorod,P0,"Технический каталог metro, okrug или mo убран из публичного URL."
Кодирование от алкоголизма — Коломенская,/uslugi/lechenie-alkogolizma/kodirovanie/metro/kolomenskaya/,/uslugi/kodirovanie/moskva/kolomenskaya/,/uslugi/lechenie-alkogolizma/kodirovanie/metro/,/uslugi/kodirovanie/moskva/,Кодирование,metro,yes,moskva,metro,kolomenskaya,P0,"Технический каталог metro, okrug или mo убран из публичного URL."
Кодирование от алкоголизма — Комсомольская,/uslugi/lechenie-alkogolizma/kodirovanie/metro/komsomolskaya/,/uslugi/kodirovanie/moskva/komsomolskaya/,/uslugi/lechenie-alkogolizma/kodirovanie/metro/,/uslugi/kodirovanie/moskva/,Кодирование,metro,yes,moskva,metro,komsomolskaya,P0,"Технический каталог metro, okrug или mo убран из публичного URL."
Кодирование от алкоголизма — Коньково,/uslugi/lechenie-alkogolizma/kodirovanie/metro/konkovo/,/uslugi/kodirovanie/moskva/konkovo/,/uslugi/lechenie-alkogolizma/kodirovanie/metro/,/uslugi/kodirovanie/moskva/,Кодирование,metro,yes,moskva,metro,konkovo,P0,"Технический каталог metro, okrug или mo убран из публичного URL."
Кодирование от алкоголизма — Коптево,/uslugi/lechenie-alkogolizma/kodirovanie/metro/koptevo/,/uslugi/kodirovanie/moskva/koptevo/,/uslugi/lechenie-alkogolizma/kodirovanie/metro/,/uslugi/kodirovanie/moskva/,Кодирование,metro,yes,moskva,metro,koptevo,P0,"Технический каталог metro, okrug или mo убран из публичного URL."
Кодирование от алкоголизма — Котельники,/uslugi/lechenie-alkogolizma/kodirovanie/metro/kotelniki/,/uslugi/kodirovanie/moskva/kotelniki/,/uslugi/lechenie-alkogolizma/kodirovanie/metro/,/uslugi/kodirovanie/moskva/,Кодирование,metro,yes,moskva,metro,kotelniki,P0,"Технический каталог metro, okrug или mo убран из публичного URL."
Кодирование от алкоголизма — Кожуховская,/uslugi/lechenie-alkogolizma/kodirovanie/metro/kozhuhovskaya/,/uslugi/kodirovanie/moskva/kozhuhovskaya/,/uslugi/lechenie-alkogolizma/kodirovanie/metro/,/uslugi/kodirovanie/moskva/,Кодирование,metro,yes,moskva,metro,kozhuhovskaya,P0,"Технический каталог metro, okrug или mo убран из публичного URL."
Кодирование от алкоголизма — Красногвардейская,/uslugi/lechenie-alkogolizma/kodirovanie/metro/krasnogvardejskaya/,/uslugi/kodirovanie/moskva/krasnogvardejskaya/,/uslugi/lechenie-alkogolizma/kodirovanie/metro/,/uslugi/kodirovanie/moskva/,Кодирование,metro,yes,moskva,metro,krasnogvardejskaya,P0,"Технический каталог metro, okrug или mo убран из публичного URL."
Кодирование от алкоголизма — Краснопресненская,/uslugi/lechenie-alkogolizma/kodirovanie/metro/krasnopresnenskaya/,/uslugi/kodirovanie/moskva/krasnopresnenskaya/,/uslugi/lechenie-alkogolizma/kodirovanie/metro/,/uslugi/kodirovanie/moskva/,Кодирование,metro,yes,moskva,metro,krasnopresnenskaya,P0,"Технический каталог metro, okrug или mo убран из публичного URL."
Кодирование от алкоголизма — Красносельская,/uslugi/lechenie-alkogolizma/kodirovanie/metro/krasnoselskaya/,/uslugi/kodirovanie/moskva/krasnoselskaya/,/uslugi/lechenie-alkogolizma/kodirovanie/metro/,/uslugi/kodirovanie/moskva/,Кодирование,metro,yes,moskva,metro,krasnoselskaya,P0,"Технический каталог metro, okrug или mo убран из публичного URL."
Кодирование от алкоголизма — Красные ворота,/uslugi/lechenie-alkogolizma/kodirovanie/metro/krasnye-vorota/,/uslugi/kodirovanie/moskva/krasnye-vorota/,/uslugi/lechenie-alkogolizma/kodirovanie/metro/,/uslugi/kodirovanie/moskva/,Кодирование,metro,yes,moskva,metro,krasnye-vorota,P0,"Технический каталог metro, okrug или mo убран из публичного URL."
Кодирование от алкоголизма — Крестьянская застава,/uslugi/lechenie-alkogolizma/kodirovanie/metro/krestyanskaya-zastava/,/uslugi/kodirovanie/moskva/krestyanskaya-zastava/,/uslugi/lechenie-alkogolizma/kodirovanie/metro/,/uslugi/kodirovanie/moskva/,Кодирование,metro,yes,moskva,metro,krestyanskaya-zastava,P0,"Технический каталог metro, okrug или mo убран из публичного URL."
Кодирование от алкоголизма — Кропоткинская,/uslugi/lechenie-alkogolizma/kodirovanie/metro/kropotkinskaya/,/uslugi/kodirovanie/moskva/kropotkinskaya/,/uslugi/lechenie-alkogolizma/kodirovanie/metro/,/uslugi/kodirovanie/moskva/,Кодирование,metro,yes,moskva,metro,kropotkinskaya,P0,"Технический каталог metro, okrug или mo убран из публичного URL."
Кодирование от алкоголизма — Крылатское,/uslugi/lechenie-alkogolizma/kodirovanie/metro/krylatskoe/,/uslugi/kodirovanie/moskva/krylatskoe/,/uslugi/lechenie-alkogolizma/kodirovanie/metro/,/uslugi/kodirovanie/moskva/,Кодирование,metro,yes,moskva,metro,krylatskoe,P0,"Технический каталог metro, okrug или mo убран из публичного URL."
Кодирование от алкоголизма — Крымская,/uslugi/lechenie-alkogolizma/kodirovanie/metro/krymskaya/,/uslugi/kodirovanie/moskva/krymskaya/,/uslugi/lechenie-alkogolizma/kodirovanie/metro/,/uslugi/kodirovanie/moskva/,Кодирование,metro,yes,moskva,metro,krymskaya,P0,"Технический каталог metro, okrug или mo убран из публичного URL."
Кодирование от алкоголизма — Кунцевская,/uslugi/lechenie-alkogolizma/kodirovanie/metro/kuncevskaya/,/uslugi/kodirovanie/moskva/kuncevskaya/,/uslugi/lechenie-alkogolizma/kodirovanie/metro/,/uslugi/kodirovanie/moskva/,Кодирование,metro,yes,moskva,metro,kuncevskaya,P0,"Технический каталог metro, okrug или mo убран из публичного URL."
Кодирование от алкоголизма — Курская,/uslugi/lechenie-alkogolizma/kodirovanie/metro/kurskaya/,/uslugi/kodirovanie/moskva/kurskaya/,/uslugi/lechenie-alkogolizma/kodirovanie/metro/,/uslugi/kodirovanie/moskva/,Кодирование,metro,yes,moskva,metro,kurskaya,P0,"Технический каталог metro, okrug или mo убран из публичного URL."
Кодирование от алкоголизма — Кутузовская,/uslugi/lechenie-alkogolizma/kodirovanie/metro/kutuzovskaya/,/uslugi/kodirovanie/moskva/kutuzovskaya/,/uslugi/lechenie-alkogolizma/kodirovanie/metro/,/uslugi/kodirovanie/moskva/,Кодирование,metro,yes,moskva,metro,kutuzovskaya,P0,"Технический каталог metro, okrug или mo убран из публичного URL."
Кодирование от алкоголизма — Кузьминки,/uslugi/lechenie-alkogolizma/kodirovanie/metro/kuzminki/,/uslugi/kodirovanie/moskva/kuzminki/,/uslugi/lechenie-alkogolizma/kodirovanie/metro/,/uslugi/kodirovanie/moskva/,Кодирование,metro,yes,moskva,metro,kuzminki,P0,"Технический каталог metro, okrug или mo убран из публичного URL."
Кодирование от алкоголизма — Кузнецкий мост,/uslugi/lechenie-alkogolizma/kodirovanie/metro/kuzneckij-most/,/uslugi/kodirovanie/moskva/kuzneckij-most/,/uslugi/lechenie-alkogolizma/kodirovanie/metro/,/uslugi/kodirovanie/moskva/,Кодирование,metro,yes,moskva,metro,kuzneckij-most,P0,"Технический каталог metro, okrug или mo убран из публичного URL."
Кодирование от алкоголизма — Ленинский проспект,/uslugi/lechenie-alkogolizma/kodirovanie/metro/leninskij-prospekt/,/uslugi/kodirovanie/moskva/leninskij-prospekt/,/uslugi/lechenie-alkogolizma/kodirovanie/metro/,/uslugi/kodirovanie/moskva/,Кодирование,metro,yes,moskva,metro,leninskij-prospekt,P0,"Технический каталог metro, okrug или mo убран из публичного URL."
Кодирование от алкоголизма — Лермонтовский проспект,/uslugi/lechenie-alkogolizma/kodirovanie/metro/lermontovskij-prospekt/,/uslugi/kodirovanie/moskva/lermontovskij-prospekt/,/uslugi/lechenie-alkogolizma/kodirovanie/metro/,/uslugi/kodirovanie/moskva/,Кодирование,metro,yes,moskva,metro,lermontovskij-prospekt,P0,"Технический каталог metro, okrug или mo убран из публичного URL."
Кодирование от алкоголизма — Лесопарковая,/uslugi/lechenie-alkogolizma/kodirovanie/metro/lesoparkovaya/,/uslugi/kodirovanie/moskva/lesoparkovaya/,/uslugi/lechenie-alkogolizma/kodirovanie/metro/,/uslugi/kodirovanie/moskva/,Кодирование,metro,yes,moskva,metro,lesoparkovaya,P0,"Технический каталог metro, okrug или mo убран из публичного URL."
Кодирование от алкоголизма — Лихоборы,/uslugi/lechenie-alkogolizma/kodirovanie/metro/lihobory/,/uslugi/kodirovanie/moskva/lihobory/,/uslugi/lechenie-alkogolizma/kodirovanie/metro/,/uslugi/kodirovanie/moskva/,Кодирование,metro,yes,moskva,metro,lihobory,P0,"Технический каталог metro, okrug или mo убран из публичного URL."
Кодирование от алкоголизма — Локомотив,/uslugi/lechenie-alkogolizma/kodirovanie/metro/lokomotiv/,/uslugi/kodirovanie/moskva/lokomotiv/,/uslugi/lechenie-alkogolizma/kodirovanie/metro/,/uslugi/kodirovanie/moskva/,Кодирование,metro,yes,moskva,metro,lokomotiv,P0,"Технический каталог metro, okrug или mo убран из публичного URL."
Кодирование от алкоголизма — Ломоносовский проспект,/uslugi/lechenie-alkogolizma/kodirovanie/metro/lomonosovskij-prospekt/,/uslugi/kodirovanie/moskva/lomonosovskij-prospekt/,/uslugi/lechenie-alkogolizma/kodirovanie/metro/,/uslugi/kodirovanie/moskva/,Кодирование,metro,yes,moskva,metro,lomonosovskij-prospekt,P0,"Технический каталог metro, okrug или mo убран из публичного URL."
Кодирование от алкоголизма — Лубянка,/uslugi/lechenie-alkogolizma/kodirovanie/metro/lubyanka/,/uslugi/kodirovanie/moskva/lubyanka/,/uslugi/lechenie-alkogolizma/kodirovanie/metro/,/uslugi/kodirovanie/moskva/,Кодирование,metro,yes,moskva,metro,lubyanka,P0,"Технический каталог metro, okrug или mo убран из публичного URL."
Кодирование от алкоголизма — Лужники,/uslugi/lechenie-alkogolizma/kodirovanie/metro/luzhniki/,/uslugi/kodirovanie/moskva/luzhniki/,/uslugi/lechenie-alkogolizma/kodirovanie/metro/,/uslugi/kodirovanie/moskva/,Кодирование,metro,yes,moskva,metro,luzhniki,P0,"Технический каталог metro, okrug или mo убран из публичного URL."
Кодирование от алкоголизма — Люблино,/uslugi/lechenie-alkogolizma/kodirovanie/metro/lyublino/,/uslugi/kodirovanie/moskva/lyublino/,/uslugi/lechenie-alkogolizma/kodirovanie/metro/,/uslugi/kodirovanie/moskva/,Кодирование,metro,yes,moskva,metro,lyublino,P0,"Технический каталог metro, okrug или mo убран из публичного URL."
Кодирование от алкоголизма — Марьино,/uslugi/lechenie-alkogolizma/kodirovanie/metro/marino/,/uslugi/kodirovanie/moskva/marino/,/uslugi/lechenie-alkogolizma/kodirovanie/metro/,/uslugi/kodirovanie/moskva/,Кодирование,metro,yes,moskva,metro,marino,P0,"Технический каталог metro, okrug или mo убран из публичного URL."
Кодирование от алкоголизма — Марьина Роща,/uslugi/lechenie-alkogolizma/kodirovanie/metro/marina-roshcha/,/uslugi/kodirovanie/moskva/marina-roshcha/,/uslugi/lechenie-alkogolizma/kodirovanie/metro/,/uslugi/kodirovanie/moskva/,Кодирование,metro,yes,moskva,metro,marina-roshcha,P0,"Технический каталог metro, okrug или mo убран из публичного URL."
Кодирование от алкоголизма — Марксистская,/uslugi/lechenie-alkogolizma/kodirovanie/metro/marksistskaya/,/uslugi/kodirovanie/moskva/marksistskaya/,/uslugi/lechenie-alkogolizma/kodirovanie/metro/,/uslugi/kodirovanie/moskva/,Кодирование,metro,yes,moskva,metro,marksistskaya,P0,"Технический каталог metro, okrug или mo убран из публичного URL."
Кодирование от алкоголизма — Маяковская,/uslugi/lechenie-alkogolizma/kodirovanie/metro/mayakovskaya/,/uslugi/kodirovanie/moskva/mayakovskaya/,/uslugi/lechenie-alkogolizma/kodirovanie/metro/,/uslugi/kodirovanie/moskva/,Кодирование,metro,yes,moskva,metro,mayakovskaya,P0,"Технический каталог metro, okrug или mo убран из публичного URL."
Кодирование от алкоголизма — Медведково,/uslugi/lechenie-alkogolizma/kodirovanie/metro/medvedkovo/,/uslugi/kodirovanie/moskva/medvedkovo/,/uslugi/lechenie-alkogolizma/kodirovanie/metro/,/uslugi/kodirovanie/moskva/,Кодирование,metro,yes,moskva,metro,medvedkovo,P0,"Технический каталог metro, okrug или mo убран из публичного URL."
Кодирование от алкоголизма — Менделеевская,/uslugi/lechenie-alkogolizma/kodirovanie/metro/mendeleevskaya/,/uslugi/kodirovanie/moskva/mendeleevskaya/,/uslugi/lechenie-alkogolizma/kodirovanie/metro/,/uslugi/kodirovanie/moskva/,Кодирование,metro,yes,moskva,metro,mendeleevskaya,P0,"Технический каталог metro, okrug или mo убран из публичного URL."
Кодирование от алкоголизма — Международная,/uslugi/lechenie-alkogolizma/kodirovanie/metro/mezhdunarodnaya/,/uslugi/kodirovanie/moskva/mezhdunarodnaya/,/uslugi/lechenie-alkogolizma/kodirovanie/metro/,/uslugi/kodirovanie/moskva/,Кодирование,metro,yes,moskva,metro,mezhdunarodnaya,P0,"Технический каталог metro, okrug или mo убран из публичного URL."
Кодирование от алкоголизма — Минская,/uslugi/lechenie-alkogolizma/kodirovanie/metro/minskaya/,/uslugi/kodirovanie/moskva/minskaya/,/uslugi/lechenie-alkogolizma/kodirovanie/metro/,/uslugi/kodirovanie/moskva/,Кодирование,metro,yes,moskva,metro,minskaya,P0,"Технический каталог metro, okrug или mo убран из публичного URL."
Кодирование от алкоголизма — Молодёжная,/uslugi/lechenie-alkogolizma/kodirovanie/metro/molodezhnaya/,/uslugi/kodirovanie/moskva/molodezhnaya/,/uslugi/lechenie-alkogolizma/kodirovanie/metro/,/uslugi/kodirovanie/moskva/,Кодирование,metro,yes,moskva,metro,molodezhnaya,P0,"Технический каталог metro, okrug или mo убран из публичного URL."
Кодирование от алкоголизма — Мякинино,/uslugi/lechenie-alkogolizma/kodirovanie/metro/myakinino/,/uslugi/kodirovanie/moskva/myakinino/,/uslugi/lechenie-alkogolizma/kodirovanie/metro/,/uslugi/kodirovanie/moskva/,Кодирование,metro,yes,moskva,metro,myakinino,P0,"Технический каталог metro, okrug или mo убран из публичного URL."
Кодирование от алкоголизма — Нагатинская,/uslugi/lechenie-alkogolizma/kodirovanie/metro/nagatinskaya/,/uslugi/kodirovanie/moskva/nagatinskaya/,/uslugi/lechenie-alkogolizma/kodirovanie/metro/,/uslugi/kodirovanie/moskva/,Кодирование,metro,yes,moskva,metro,nagatinskaya,P0,"Технический каталог metro, okrug или mo убран из публичного URL."
Кодирование от алкоголизма — Нагорная,/uslugi/lechenie-alkogolizma/kodirovanie/metro/nagornaya/,/uslugi/kodirovanie/moskva/nagornaya/,/uslugi/lechenie-alkogolizma/kodirovanie/metro/,/uslugi/kodirovanie/moskva/,Кодирование,metro,yes,moskva,metro,nagornaya,P0,"Технический каталог metro, okrug или mo убран из публичного URL."
Кодирование от алкоголизма — Нахимовский проспект,/uslugi/lechenie-alkogolizma/kodirovanie/metro/nahimovskij-prospekt/,/uslugi/kodirovanie/moskva/nahimovskij-prospekt/,/uslugi/lechenie-alkogolizma/kodirovanie/metro/,/uslugi/kodirovanie/moskva/,Кодирование,metro,yes,moskva,metro,nahimovskij-prospekt,P0,"Технический каталог metro, okrug или mo убран из публичного URL."
Кодирование от алкоголизма — Нижегородская,/uslugi/lechenie-alkogolizma/kodirovanie/metro/nizhegorodskaya/,/uslugi/kodirovanie/moskva/nizhegorodskaya/,/uslugi/lechenie-alkogolizma/kodirovanie/metro/,/uslugi/kodirovanie/moskva/,Кодирование,metro,yes,moskva,metro,nizhegorodskaya,P0,"Технический каталог metro, okrug или mo убран из публичного URL."
Кодирование от алкоголизма — Новогиреево,/uslugi/lechenie-alkogolizma/kodirovanie/metro/novogireevo/,/uslugi/kodirovanie/moskva/novogireevo/,/uslugi/lechenie-alkogolizma/kodirovanie/metro/,/uslugi/kodirovanie/moskva/,Кодирование,metro,yes,moskva,metro,novogireevo,P0,"Технический каталог metro, okrug или mo убран из публичного URL."
Кодирование от алкоголизма — Новохохловская,/uslugi/lechenie-alkogolizma/kodirovanie/metro/novohohlovskaya/,/uslugi/kodirovanie/moskva/novohohlovskaya/,/uslugi/lechenie-alkogolizma/kodirovanie/metro/,/uslugi/kodirovanie/moskva/,Кодирование,metro,yes,moskva,metro,novohohlovskaya,P0,"Технический каталог metro, okrug или mo убран из публичного URL."
Кодирование от алкоголизма — Новокосино,/uslugi/lechenie-alkogolizma/kodirovanie/metro/novokosino/,/uslugi/kodirovanie/moskva/novokosino/,/uslugi/lechenie-alkogolizma/kodirovanie/metro/,/uslugi/kodirovanie/moskva/,Кодирование,metro,yes,moskva,metro,novokosino,P0,"Технический каталог metro, okrug или mo убран из публичного URL."
Кодирование от алкоголизма — Новокузнецкая,/uslugi/lechenie-alkogolizma/kodirovanie/metro/novokuzneckaya/,/uslugi/kodirovanie/moskva/novokuzneckaya/,/uslugi/lechenie-alkogolizma/kodirovanie/metro/,/uslugi/kodirovanie/moskva/,Кодирование,metro,yes,moskva,metro,novokuzneckaya,P0,"Технический каталог metro, okrug или mo убран из публичного URL."
Кодирование от алкоголизма — Новослободская,/uslugi/lechenie-alkogolizma/kodirovanie/metro/novoslobodskaya/,/uslugi/kodirovanie/moskva/novoslobodskaya/,/uslugi/lechenie-alkogolizma/kodirovanie/metro/,/uslugi/kodirovanie/moskva/,Кодирование,metro,yes,moskva,metro,novoslobodskaya,P0,"Технический каталог metro, okrug или mo убран из публичного URL."
Кодирование от алкоголизма — Новоясеневская,/uslugi/lechenie-alkogolizma/kodirovanie/metro/novoyasenevskaya/,/uslugi/kodirovanie/moskva/novoyasenevskaya/,/uslugi/lechenie-alkogolizma/kodirovanie/metro/,/uslugi/kodirovanie/moskva/,Кодирование,metro,yes,moskva,metro,novoyasenevskaya,P0,"Технический каталог metro, okrug или mo убран из публичного URL."
Кодирование от алкоголизма — Новые Черёмушки,/uslugi/lechenie-alkogolizma/kodirovanie/metro/novye-cheremushki/,/uslugi/kodirovanie/moskva/novye-cheremushki/,/uslugi/lechenie-alkogolizma/kodirovanie/metro/,/uslugi/kodirovanie/moskva/,Кодирование,metro,yes,moskva,metro,novye-cheremushki,P0,"Технический каталог metro, okrug или mo убран из публичного URL."
Кодирование от алкоголизма — Охотный Ряд,/uslugi/lechenie-alkogolizma/kodirovanie/metro/ohotnyj-ryad/,/uslugi/kodirovanie/moskva/ohotnyj-ryad/,/uslugi/lechenie-alkogolizma/kodirovanie/metro/,/uslugi/kodirovanie/moskva/,Кодирование,metro,yes,moskva,metro,ohotnyj-ryad,P0,"Технический каталог metro, okrug или mo убран из публичного URL."
Кодирование от алкоголизма — Окружная,/uslugi/lechenie-alkogolizma/kodirovanie/metro/okruzhnaya/,/uslugi/kodirovanie/moskva/okruzhnaya/,/uslugi/lechenie-alkogolizma/kodirovanie/metro/,/uslugi/kodirovanie/moskva/,Кодирование,metro,yes,moskva,metro,okruzhnaya,P0,"Технический каталог metro, okrug или mo убран из публичного URL."
Кодирование от алкоголизма — Октябрьское Поле,/uslugi/lechenie-alkogolizma/kodirovanie/metro/oktyabrskoe-pole/,/uslugi/kodirovanie/moskva/oktyabrskoe-pole/,/uslugi/lechenie-alkogolizma/kodirovanie/metro/,/uslugi/kodirovanie/moskva/,Кодирование,metro,yes,moskva,metro,oktyabrskoe-pole,P0,"Технический каталог metro, okrug или mo убран из публичного URL."
Кодирование от алкоголизма — Октябрьская,/uslugi/lechenie-alkogolizma/kodirovanie/metro/oktyabrskaya/,/uslugi/kodirovanie/moskva/oktyabrskaya/,/uslugi/lechenie-alkogolizma/kodirovanie/metro/,/uslugi/kodirovanie/moskva/,Кодирование,metro,yes,moskva,metro,oktyabrskaya,P0,"Технический каталог metro, okrug или mo убран из публичного URL."
Кодирование от алкоголизма — Орехово,/uslugi/lechenie-alkogolizma/kodirovanie/metro/orehovo/,/uslugi/kodirovanie/moskva/orehovo/,/uslugi/lechenie-alkogolizma/kodirovanie/metro/,/uslugi/kodirovanie/moskva/,Кодирование,metro,yes,moskva,metro,orehovo,P0,"Технический каталог metro, okrug или mo убран из публичного URL."
Кодирование от алкоголизма — Отрадное,/uslugi/lechenie-alkogolizma/kodirovanie/metro/otradnoe/,/uslugi/kodirovanie/moskva/otradnoe/,/uslugi/lechenie-alkogolizma/kodirovanie/metro/,/uslugi/kodirovanie/moskva/,Кодирование,metro,yes,moskva,metro,otradnoe,P0,"Технический каталог metro, okrug или mo убран из публичного URL."
Кодирование от алкоголизма — Панфиловская,/uslugi/lechenie-alkogolizma/kodirovanie/metro/panfilovskaya/,/uslugi/kodirovanie/moskva/panfilovskaya/,/uslugi/lechenie-alkogolizma/kodirovanie/metro/,/uslugi/kodirovanie/moskva/,Кодирование,metro,yes,moskva,metro,panfilovskaya,P0,"Технический каталог metro, okrug или mo убран из публичного URL."
Кодирование от алкоголизма — Парк культуры,/uslugi/lechenie-alkogolizma/kodirovanie/metro/park-kultury/,/uslugi/kodirovanie/moskva/park-kultury/,/uslugi/lechenie-alkogolizma/kodirovanie/metro/,/uslugi/kodirovanie/moskva/,Кодирование,metro,yes,moskva,metro,park-kultury,P0,"Технический каталог metro, okrug или mo убран из публичного URL."
Кодирование от алкоголизма — Парк Победы,/uslugi/lechenie-alkogolizma/kodirovanie/metro/park-pobedy/,/uslugi/kodirovanie/moskva/park-pobedy/,/uslugi/lechenie-alkogolizma/kodirovanie/metro/,/uslugi/kodirovanie/moskva/,Кодирование,metro,yes,moskva,metro,park-pobedy,P0,"Технический каталог metro, okrug или mo убран из публичного URL."
Кодирование от алкоголизма — Партизанская,/uslugi/lechenie-alkogolizma/kodirovanie/metro/partizanskaya/,/uslugi/kodirovanie/moskva/partizanskaya/,/uslugi/lechenie-alkogolizma/kodirovanie/metro/,/uslugi/kodirovanie/moskva/,Кодирование,metro,yes,moskva,metro,partizanskaya,P0,"Технический каталог metro, okrug или mo убран из публичного URL."
Кодирование от алкоголизма — Павелецкая,/uslugi/lechenie-alkogolizma/kodirovanie/metro/paveleckaya/,/uslugi/kodirovanie/moskva/paveleckaya/,/uslugi/lechenie-alkogolizma/kodirovanie/metro/,/uslugi/kodirovanie/moskva/,Кодирование,metro,yes,moskva,metro,paveleckaya,P0,"Технический каталог metro, okrug или mo убран из публичного URL."
Кодирование от алкоголизма — Печатники,/uslugi/lechenie-alkogolizma/kodirovanie/metro/pechatniki/,/uslugi/kodirovanie/moskva/pechatniki/,/uslugi/lechenie-alkogolizma/kodirovanie/metro/,/uslugi/kodirovanie/moskva/,Кодирование,metro,yes,moskva,metro,pechatniki,P0,"Технический каталог metro, okrug или mo убран из публичного URL."
Кодирование от алкоголизма — Перово,/uslugi/lechenie-alkogolizma/kodirovanie/metro/perovo/,/uslugi/kodirovanie/moskva/perovo/,/uslugi/lechenie-alkogolizma/kodirovanie/metro/,/uslugi/kodirovanie/moskva/,Кодирование,metro,yes,moskva,metro,perovo,P0,"Технический каталог metro, okrug или mo убран из публичного URL."
Кодирование от алкоголизма — Первомайская,/uslugi/lechenie-alkogolizma/kodirovanie/metro/pervomajskaya/,/uslugi/kodirovanie/moskva/pervomajskaya/,/uslugi/lechenie-alkogolizma/kodirovanie/metro/,/uslugi/kodirovanie/moskva/,Кодирование,metro,yes,moskva,metro,pervomajskaya,P0,"Технический каталог metro, okrug или mo убран из публичного URL."
Кодирование от алкоголизма — Петровский парк,/uslugi/lechenie-alkogolizma/kodirovanie/metro/petrovskij-park/,/uslugi/kodirovanie/moskva/petrovskij-park/,/uslugi/lechenie-alkogolizma/kodirovanie/metro/,/uslugi/kodirovanie/moskva/,Кодирование,metro,yes,moskva,metro,petrovskij-park,P0,"Технический каталог metro, okrug или mo убран из публичного URL."
Кодирование от алкоголизма — Петровско-Разумовская,/uslugi/lechenie-alkogolizma/kodirovanie/metro/petrovsko-razumovskaya/,/uslugi/kodirovanie/moskva/petrovsko-razumovskaya/,/uslugi/lechenie-alkogolizma/kodirovanie/metro/,/uslugi/kodirovanie/moskva/,Кодирование,metro,yes,moskva,metro,petrovsko-razumovskaya,P0,"Технический каталог metro, okrug или mo убран из публичного URL."
Кодирование от алкоголизма — Пионерская,/uslugi/lechenie-alkogolizma/kodirovanie/metro/pionerskaya/,/uslugi/kodirovanie/moskva/pionerskaya/,/uslugi/lechenie-alkogolizma/kodirovanie/metro/,/uslugi/kodirovanie/moskva/,Кодирование,metro,yes,moskva,metro,pionerskaya,P0,"Технический каталог metro, okrug или mo убран из публичного URL."
Кодирование от алкоголизма — Планерная,/uslugi/lechenie-alkogolizma/kodirovanie/metro/planernaya/,/uslugi/kodirovanie/moskva/planernaya/,/uslugi/lechenie-alkogolizma/kodirovanie/metro/,/uslugi/kodirovanie/moskva/,Кодирование,metro,yes,moskva,metro,planernaya,P0,"Технический каталог metro, okrug или mo убран из публичного URL."
Кодирование от алкоголизма — Площадь Гагарина,/uslugi/lechenie-alkogolizma/kodirovanie/metro/ploshchad-gagarina/,/uslugi/kodirovanie/moskva/ploshchad-gagarina/,/uslugi/lechenie-alkogolizma/kodirovanie/metro/,/uslugi/kodirovanie/moskva/,Кодирование,metro,yes,moskva,metro,ploshchad-gagarina,P0,"Технический каталог metro, okrug или mo убран из публичного URL."
Кодирование от алкоголизма — Площадь Ильича,/uslugi/lechenie-alkogolizma/kodirovanie/metro/ploshchad-ilicha/,/uslugi/kodirovanie/moskva/ploshchad-ilicha/,/uslugi/lechenie-alkogolizma/kodirovanie/metro/,/uslugi/kodirovanie/moskva/,Кодирование,metro,yes,moskva,metro,ploshchad-ilicha,P0,"Технический каталог metro, okrug или mo убран из публичного URL."
Кодирование от алкоголизма — Площадь Революции,/uslugi/lechenie-alkogolizma/kodirovanie/metro/ploshchad-revolyucii/,/uslugi/kodirovanie/moskva/ploshchad-revolyucii/,/uslugi/lechenie-alkogolizma/kodirovanie/metro/,/uslugi/kodirovanie/moskva/,Кодирование,metro,yes,moskva,metro,ploshchad-revolyucii,P0,"Технический каталог metro, okrug или mo убран из публичного URL."
Кодирование от алкоголизма — Полежаевская,/uslugi/lechenie-alkogolizma/kodirovanie/metro/polezhaevskaya/,/uslugi/kodirovanie/moskva/polezhaevskaya/,/uslugi/lechenie-alkogolizma/kodirovanie/metro/,/uslugi/kodirovanie/moskva/,Кодирование,metro,yes,moskva,metro,polezhaevskaya,P0,"Технический каталог metro, okrug или mo убран из публичного URL."
Кодирование от алкоголизма — Полянка,/uslugi/lechenie-alkogolizma/kodirovanie/metro/polyanka/,/uslugi/kodirovanie/moskva/polyanka/,/uslugi/lechenie-alkogolizma/kodirovanie/metro/,/uslugi/kodirovanie/moskva/,Кодирование,metro,yes,moskva,metro,polyanka,P0,"Технический каталог metro, okrug или mo убран из публичного URL."
Кодирование от алкоголизма — Пражская,/uslugi/lechenie-alkogolizma/kodirovanie/metro/prazhskaya/,/uslugi/kodirovanie/moskva/prazhskaya/,/uslugi/lechenie-alkogolizma/kodirovanie/metro/,/uslugi/kodirovanie/moskva/,Кодирование,metro,yes,moskva,metro,prazhskaya,P0,"Технический каталог metro, okrug или mo убран из публичного URL."
Кодирование от алкоголизма — Преображенская площадь,/uslugi/lechenie-alkogolizma/kodirovanie/metro/preobrazhenskaya-ploshchad/,/uslugi/kodirovanie/moskva/preobrazhenskaya-ploshchad/,/uslugi/lechenie-alkogolizma/kodirovanie/metro/,/uslugi/kodirovanie/moskva/,Кодирование,metro,yes,moskva,metro,preobrazhenskaya-ploshchad,P0,"Технический каталог metro, okrug или mo убран из публичного URL."
Кодирование от алкоголизма — Профсоюзная,/uslugi/lechenie-alkogolizma/kodirovanie/metro/profsoyuznaya/,/uslugi/kodirovanie/moskva/profsoyuznaya/,/uslugi/lechenie-alkogolizma/kodirovanie/metro/,/uslugi/kodirovanie/moskva/,Кодирование,metro,yes,moskva,metro,profsoyuznaya,P0,"Технический каталог metro, okrug или mo убран из публичного URL."
Кодирование от алкоголизма — Пролетарская,/uslugi/lechenie-alkogolizma/kodirovanie/metro/proletarskaya/,/uslugi/kodirovanie/moskva/proletarskaya/,/uslugi/lechenie-alkogolizma/kodirovanie/metro/,/uslugi/kodirovanie/moskva/,Кодирование,metro,yes,moskva,metro,proletarskaya,P0,"Технический каталог metro, okrug или mo убран из публичного URL."
Кодирование от алкоголизма — Проспект Мира,/uslugi/lechenie-alkogolizma/kodirovanie/metro/prospekt-mira/,/uslugi/kodirovanie/moskva/prospekt-mira/,/uslugi/lechenie-alkogolizma/kodirovanie/metro/,/uslugi/kodirovanie/moskva/,Кодирование,metro,yes,moskva,metro,prospekt-mira,P0,"Технический каталог metro, okrug или mo убран из публичного URL."
Кодирование от алкоголизма — Проспект Вернадского,/uslugi/lechenie-alkogolizma/kodirovanie/metro/prospekt-vernadskogo/,/uslugi/kodirovanie/moskva/prospekt-vernadskogo/,/uslugi/lechenie-alkogolizma/kodirovanie/metro/,/uslugi/kodirovanie/moskva/,Кодирование,metro,yes,moskva,metro,prospekt-vernadskogo,P0,"Технический каталог metro, okrug или mo убран из публичного URL."
Кодирование от алкоголизма — Пушкинская,/uslugi/lechenie-alkogolizma/kodirovanie/metro/pushkinskaya/,/uslugi/kodirovanie/moskva/pushkinskaya/,/uslugi/lechenie-alkogolizma/kodirovanie/metro/,/uslugi/kodirovanie/moskva/,Кодирование,metro,yes,moskva,metro,pushkinskaya,P0,"Технический каталог metro, okrug или mo убран из публичного URL."
Кодирование от алкоголизма — Пятницкое шоссе,/uslugi/lechenie-alkogolizma/kodirovanie/metro/pyatnickoe-shosse/,/uslugi/kodirovanie/moskva/pyatnickoe-shosse/,/uslugi/lechenie-alkogolizma/kodirovanie/metro/,/uslugi/kodirovanie/moskva/,Кодирование,metro,yes,moskva,metro,pyatnickoe-shosse,P0,"Технический каталог metro, okrug или mo убран из публичного URL."
Кодирование от алкоголизма — Раменки,/uslugi/lechenie-alkogolizma/kodirovanie/metro/ramenki/,/uslugi/kodirovanie/moskva/ramenki/,/uslugi/lechenie-alkogolizma/kodirovanie/metro/,/uslugi/kodirovanie/moskva/,Кодирование,metro,yes,moskva,metro,ramenki,P0,"Технический каталог metro, okrug или mo убран из публичного URL."
Кодирование от алкоголизма — Речной вокзал,/uslugi/lechenie-alkogolizma/kodirovanie/metro/rechnoj-vokzal/,/uslugi/kodirovanie/moskva/rechnoj-vokzal/,/uslugi/lechenie-alkogolizma/kodirovanie/metro/,/uslugi/kodirovanie/moskva/,Кодирование,metro,yes,moskva,metro,rechnoj-vokzal,P0,"Технический каталог metro, okrug или mo убран из публичного URL."
Кодирование от алкоголизма — Римская,/uslugi/lechenie-alkogolizma/kodirovanie/metro/rimskaya/,/uslugi/kodirovanie/moskva/rimskaya/,/uslugi/lechenie-alkogolizma/kodirovanie/metro/,/uslugi/kodirovanie/moskva/,Кодирование,metro,yes,moskva,metro,rimskaya,P0,"Технический каталог metro, okrug или mo убран из публичного URL."
Кодирование от алкоголизма — Рижская,/uslugi/lechenie-alkogolizma/kodirovanie/metro/rizhskaya/,/uslugi/kodirovanie/moskva/rizhskaya/,/uslugi/lechenie-alkogolizma/kodirovanie/metro/,/uslugi/kodirovanie/moskva/,Кодирование,metro,yes,moskva,metro,rizhskaya,P0,"Технический каталог metro, okrug или mo убран из публичного URL."
Кодирование от алкоголизма — Ростокино,/uslugi/lechenie-alkogolizma/kodirovanie/metro/rostokino/,/uslugi/kodirovanie/moskva/rostokino/,/uslugi/lechenie-alkogolizma/kodirovanie/metro/,/uslugi/kodirovanie/moskva/,Кодирование,metro,yes,moskva,metro,rostokino,P0,"Технический каталог metro, okrug или mo убран из публичного URL."
Кодирование от алкоголизма — Румянцево,/uslugi/lechenie-alkogolizma/kodirovanie/metro/rumyancevo/,/uslugi/kodirovanie/moskva/rumyancevo/,/uslugi/lechenie-alkogolizma/kodirovanie/metro/,/uslugi/kodirovanie/moskva/,Кодирование,metro,yes,moskva,metro,rumyancevo,P0,"Технический каталог metro, okrug или mo убран из публичного URL."
Кодирование от алкоголизма — Рязанский проспект,/uslugi/lechenie-alkogolizma/kodirovanie/metro/ryazanskij-prospekt/,/uslugi/kodirovanie/moskva/ryazanskij-prospekt/,/uslugi/lechenie-alkogolizma/kodirovanie/metro/,/uslugi/kodirovanie/moskva/,Кодирование,metro,yes,moskva,metro,ryazanskij-prospekt,P0,"Технический каталог metro, okrug или mo убран из публичного URL."
Кодирование от алкоголизма — Саларьево,/uslugi/lechenie-alkogolizma/kodirovanie/metro/salarevo/,/uslugi/kodirovanie/moskva/salarevo/,/uslugi/lechenie-alkogolizma/kodirovanie/metro/,/uslugi/kodirovanie/moskva/,Кодирование,metro,yes,moskva,metro,salarevo,P0,"Технический каталог metro, okrug или mo убран из публичного URL."
Кодирование от алкоголизма — Савёловская,/uslugi/lechenie-alkogolizma/kodirovanie/metro/savelovskaya/,/uslugi/kodirovanie/moskva/savelovskaya/,/uslugi/lechenie-alkogolizma/kodirovanie/metro/,/uslugi/kodirovanie/moskva/,Кодирование,metro,yes,moskva,metro,savelovskaya,P0,"Технический каталог metro, okrug или mo убран из публичного URL."
Кодирование от алкоголизма — Селигерская,/uslugi/lechenie-alkogolizma/kodirovanie/metro/seligerskaya/,/uslugi/kodirovanie/moskva/seligerskaya/,/uslugi/lechenie-alkogolizma/kodirovanie/metro/,/uslugi/kodirovanie/moskva/,Кодирование,metro,yes,moskva,metro,seligerskaya,P0,"Технический каталог metro, okrug или mo убран из публичного URL."
Кодирование от алкоголизма — Семёновская,/uslugi/lechenie-alkogolizma/kodirovanie/metro/semenovskaya/,/uslugi/kodirovanie/moskva/semenovskaya/,/uslugi/lechenie-alkogolizma/kodirovanie/metro/,/uslugi/kodirovanie/moskva/,Кодирование,metro,yes,moskva,metro,semenovskaya,P0,"Технический каталог metro, okrug или mo убран из публичного URL."
Кодирование от алкоголизма — Серпуховская,/uslugi/lechenie-alkogolizma/kodirovanie/metro/serpuhovskaya/,/uslugi/kodirovanie/moskva/serpuhovskaya/,/uslugi/lechenie-alkogolizma/kodirovanie/metro/,/uslugi/kodirovanie/moskva/,Кодирование,metro,yes,moskva,metro,serpuhovskaya,P0,"Технический каталог metro, okrug или mo убран из публичного URL."
Кодирование от алкоголизма — Севастопольская,/uslugi/lechenie-alkogolizma/kodirovanie/metro/sevastopolskaya/,/uslugi/kodirovanie/moskva/sevastopolskaya/,/uslugi/lechenie-alkogolizma/kodirovanie/metro/,/uslugi/kodirovanie/moskva/,Кодирование,metro,yes,moskva,metro,sevastopolskaya,P0,"Технический каталог metro, okrug или mo убран из публичного URL."
Кодирование от алкоголизма — Шаболовская,/uslugi/lechenie-alkogolizma/kodirovanie/metro/shabolovskaya/,/uslugi/kodirovanie/moskva/shabolovskaya/,/uslugi/lechenie-alkogolizma/kodirovanie/metro/,/uslugi/kodirovanie/moskva/,Кодирование,metro,yes,moskva,metro,shabolovskaya,P0,"Технический каталог metro, okrug или mo убран из публичного URL."
Кодирование от алкоголизма — Шелепиха,/uslugi/lechenie-alkogolizma/kodirovanie/metro/shelepiha/,/uslugi/kodirovanie/moskva/shelepiha/,/uslugi/lechenie-alkogolizma/kodirovanie/metro/,/uslugi/kodirovanie/moskva/,Кодирование,metro,yes,moskva,metro,shelepiha,P0,"Технический каталог metro, okrug или mo убран из публичного URL."
Кодирование от алкоголизма — Щукинская,/uslugi/lechenie-alkogolizma/kodirovanie/metro/shchukinskaya/,/uslugi/kodirovanie/moskva/shchukinskaya/,/uslugi/lechenie-alkogolizma/kodirovanie/metro/,/uslugi/kodirovanie/moskva/,Кодирование,metro,yes,moskva,metro,shchukinskaya,P0,"Технический каталог metro, okrug или mo убран из публичного URL."
Кодирование от алкоголизма — Щёлковская,/uslugi/lechenie-alkogolizma/kodirovanie/metro/shchelkovskaya/,/uslugi/kodirovanie/moskva/shchelkovskaya/,/uslugi/lechenie-alkogolizma/kodirovanie/metro/,/uslugi/kodirovanie/moskva/,Кодирование,metro,yes,moskva,metro,shchelkovskaya,P0,"Технический каталог metro, okrug или mo убран из публичного URL."
Кодирование от алкоголизма — Шипиловская,/uslugi/lechenie-alkogolizma/kodirovanie/metro/shipilovskaya/,/uslugi/kodirovanie/moskva/shipilovskaya/,/uslugi/lechenie-alkogolizma/kodirovanie/metro/,/uslugi/kodirovanie/moskva/,Кодирование,metro,yes,moskva,metro,shipilovskaya,P0,"Технический каталог metro, okrug или mo убран из публичного URL."
Кодирование от алкоголизма — Сходненская,/uslugi/lechenie-alkogolizma/kodirovanie/metro/shodnenskaya/,/uslugi/kodirovanie/moskva/shodnenskaya/,/uslugi/lechenie-alkogolizma/kodirovanie/metro/,/uslugi/kodirovanie/moskva/,Кодирование,metro,yes,moskva,metro,shodnenskaya,P0,"Технический каталог metro, okrug или mo убран из публичного URL."
Кодирование от алкоголизма — Шоссе Энтузиастов,/uslugi/lechenie-alkogolizma/kodirovanie/metro/shosse-entuziastov/,/uslugi/kodirovanie/moskva/shosse-entuziastov/,/uslugi/lechenie-alkogolizma/kodirovanie/metro/,/uslugi/kodirovanie/moskva/,Кодирование,metro,yes,moskva,metro,shosse-entuziastov,P0,"Технический каталог metro, okrug или mo убран из публичного URL."
Кодирование от алкоголизма — Улица Скобелевская,/uslugi/lechenie-alkogolizma/kodirovanie/metro/ulica-skobelevskaya/,/uslugi/kodirovanie/moskva/ulica-skobelevskaya/,/uslugi/lechenie-alkogolizma/kodirovanie/metro/,/uslugi/kodirovanie/moskva/,Кодирование,metro,yes,moskva,metro,ulica-skobelevskaya,P0,"Технический каталог metro, okrug или mo убран из публичного URL."
Кодирование от алкоголизма — Славянский бульвар,/uslugi/lechenie-alkogolizma/kodirovanie/metro/slavyanskij-bulvar/,/uslugi/kodirovanie/moskva/slavyanskij-bulvar/,/uslugi/lechenie-alkogolizma/kodirovanie/metro/,/uslugi/kodirovanie/moskva/,Кодирование,metro,yes,moskva,metro,slavyanskij-bulvar,P0,"Технический каталог metro, okrug или mo убран из публичного URL."
Кодирование от алкоголизма — Смоленская,/uslugi/lechenie-alkogolizma/kodirovanie/metro/smolenskaya/,/uslugi/kodirovanie/moskva/smolenskaya/,/uslugi/lechenie-alkogolizma/kodirovanie/metro/,/uslugi/kodirovanie/moskva/,Кодирование,metro,yes,moskva,metro,smolenskaya,P0,"Технический каталог metro, okrug или mo убран из публичного URL."
Кодирование от алкоголизма — Сокол,/uslugi/lechenie-alkogolizma/kodirovanie/metro/sokol/,/uslugi/kodirovanie/moskva/sokol/,/uslugi/lechenie-alkogolizma/kodirovanie/metro/,/uslugi/kodirovanie/moskva/,Кодирование,metro,yes,moskva,metro,sokol,P0,"Технический каталог metro, okrug или mo убран из публичного URL."
Кодирование от алкоголизма — Соколиная гора,/uslugi/lechenie-alkogolizma/kodirovanie/metro/sokolinaya-gora/,/uslugi/kodirovanie/moskva/sokolinaya-gora/,/uslugi/lechenie-alkogolizma/kodirovanie/metro/,/uslugi/kodirovanie/moskva/,Кодирование,metro,yes,moskva,metro,sokolinaya-gora,P0,"Технический каталог metro, okrug или mo убран из публичного URL."
Кодирование от алкоголизма — Спартак,/uslugi/lechenie-alkogolizma/kodirovanie/metro/spartak/,/uslugi/kodirovanie/moskva/spartak/,/uslugi/lechenie-alkogolizma/kodirovanie/metro/,/uslugi/kodirovanie/moskva/,Кодирование,metro,yes,moskva,metro,spartak,P0,"Технический каталог metro, okrug или mo убран из публичного URL."
Кодирование от алкоголизма — Спортивная,/uslugi/lechenie-alkogolizma/kodirovanie/metro/sportivnaya/,/uslugi/kodirovanie/moskva/sportivnaya/,/uslugi/lechenie-alkogolizma/kodirovanie/metro/,/uslugi/kodirovanie/moskva/,Кодирование,metro,yes,moskva,metro,sportivnaya,P0,"Технический каталог metro, okrug или mo убран из публичного URL."
Кодирование от алкоголизма — Сретенский бульвар,/uslugi/lechenie-alkogolizma/kodirovanie/metro/sretenskij-bulvar/,/uslugi/kodirovanie/moskva/sretenskij-bulvar/,/uslugi/lechenie-alkogolizma/kodirovanie/metro/,/uslugi/kodirovanie/moskva/,Кодирование,metro,yes,moskva,metro,sretenskij-bulvar,P0,"Технический каталог metro, okrug или mo убран из публичного URL."
Кодирование от алкоголизма — Стрешнево,/uslugi/lechenie-alkogolizma/kodirovanie/metro/streshnevo/,/uslugi/kodirovanie/moskva/streshnevo/,/uslugi/lechenie-alkogolizma/kodirovanie/metro/,/uslugi/kodirovanie/moskva/,Кодирование,metro,yes,moskva,metro,streshnevo,P0,"Технический каталог metro, okrug или mo убран из публичного URL."
Кодирование от алкоголизма — Строгино,/uslugi/lechenie-alkogolizma/kodirovanie/metro/strogino/,/uslugi/kodirovanie/moskva/strogino/,/uslugi/lechenie-alkogolizma/kodirovanie/metro/,/uslugi/kodirovanie/moskva/,Кодирование,metro,yes,moskva,metro,strogino,P0,"Технический каталог metro, okrug или mo убран из публичного URL."
Кодирование от алкоголизма — Студенческая,/uslugi/lechenie-alkogolizma/kodirovanie/metro/studencheskaya/,/uslugi/kodirovanie/moskva/studencheskaya/,/uslugi/lechenie-alkogolizma/kodirovanie/metro/,/uslugi/kodirovanie/moskva/,Кодирование,metro,yes,moskva,metro,studencheskaya,P0,"Технический каталог metro, okrug или mo убран из публичного URL."
Кодирование от алкоголизма — Сухаревская,/uslugi/lechenie-alkogolizma/kodirovanie/metro/suharevskaya/,/uslugi/kodirovanie/moskva/suharevskaya/,/uslugi/lechenie-alkogolizma/kodirovanie/metro/,/uslugi/kodirovanie/moskva/,Кодирование,metro,yes,moskva,metro,suharevskaya,P0,"Технический каталог metro, okrug или mo убран из публичного URL."
Кодирование от алкоголизма — Свиблово,/uslugi/lechenie-alkogolizma/kodirovanie/metro/sviblovo/,/uslugi/kodirovanie/moskva/sviblovo/,/uslugi/lechenie-alkogolizma/kodirovanie/metro/,/uslugi/kodirovanie/moskva/,Кодирование,metro,yes,moskva,metro,sviblovo,P0,"Технический каталог metro, okrug или mo убран из публичного URL."
Кодирование от алкоголизма — Таганская,/uslugi/lechenie-alkogolizma/kodirovanie/metro/taganskaya/,/uslugi/kodirovanie/moskva/taganskaya/,/uslugi/lechenie-alkogolizma/kodirovanie/metro/,/uslugi/kodirovanie/moskva/,Кодирование,metro,yes,moskva,metro,taganskaya,P0,"Технический каталог metro, okrug или mo убран из публичного URL."
Кодирование от алкоголизма — Театральная,/uslugi/lechenie-alkogolizma/kodirovanie/metro/teatralnaya/,/uslugi/kodirovanie/moskva/teatralnaya/,/uslugi/lechenie-alkogolizma/kodirovanie/metro/,/uslugi/kodirovanie/moskva/,Кодирование,metro,yes,moskva,metro,teatralnaya,P0,"Технический каталог metro, okrug или mo убран из публичного URL."
Кодирование от алкоголизма — Технопарк,/uslugi/lechenie-alkogolizma/kodirovanie/metro/tehnopark/,/uslugi/kodirovanie/moskva/tehnopark/,/uslugi/lechenie-alkogolizma/kodirovanie/metro/,/uslugi/kodirovanie/moskva/,Кодирование,metro,yes,moskva,metro,tehnopark,P0,"Технический каталог metro, okrug или mo убран из публичного URL."
Кодирование от алкоголизма — Текстильщики,/uslugi/lechenie-alkogolizma/kodirovanie/metro/tekstilshchiki/,/uslugi/kodirovanie/moskva/tekstilshchiki/,/uslugi/lechenie-alkogolizma/kodirovanie/metro/,/uslugi/kodirovanie/moskva/,Кодирование,metro,yes,moskva,metro,tekstilshchiki,P0,"Технический каталог metro, okrug или mo убран из публичного URL."
Кодирование от алкоголизма — Телецентр,/uslugi/lechenie-alkogolizma/kodirovanie/metro/telecentr/,/uslugi/kodirovanie/moskva/telecentr/,/uslugi/lechenie-alkogolizma/kodirovanie/metro/,/uslugi/kodirovanie/moskva/,Кодирование,metro,yes,moskva,metro,telecentr,P0,"Технический каталог metro, okrug или mo убран из публичного URL."
Кодирование от алкоголизма — Тёплый Стан,/uslugi/lechenie-alkogolizma/kodirovanie/metro/teplyj-stan/,/uslugi/kodirovanie/moskva/teplyj-stan/,/uslugi/lechenie-alkogolizma/kodirovanie/metro/,/uslugi/kodirovanie/moskva/,Кодирование,metro,yes,moskva,metro,teplyj-stan,P0,"Технический каталог metro, okrug или mo убран из публичного URL."
Кодирование от алкоголизма — Тимирязевская,/uslugi/lechenie-alkogolizma/kodirovanie/metro/timiryazevskaya/,/uslugi/kodirovanie/moskva/timiryazevskaya/,/uslugi/lechenie-alkogolizma/kodirovanie/metro/,/uslugi/kodirovanie/moskva/,Кодирование,metro,yes,moskva,metro,timiryazevskaya,P0,"Технический каталог metro, okrug или mo убран из публичного URL."
Кодирование от алкоголизма — Третьяковская,/uslugi/lechenie-alkogolizma/kodirovanie/metro/tretyakovskaya/,/uslugi/kodirovanie/moskva/tretyakovskaya/,/uslugi/lechenie-alkogolizma/kodirovanie/metro/,/uslugi/kodirovanie/moskva/,Кодирование,metro,yes,moskva,metro,tretyakovskaya,P0,"Технический каталог metro, okrug или mo убран из публичного URL."
Кодирование от алкоголизма — Тропарёво,/uslugi/lechenie-alkogolizma/kodirovanie/metro/troparevo/,/uslugi/kodirovanie/moskva/troparevo/,/uslugi/lechenie-alkogolizma/kodirovanie/metro/,/uslugi/kodirovanie/moskva/,Кодирование,metro,yes,moskva,metro,troparevo,P0,"Технический каталог metro, okrug или mo убран из публичного URL."
Кодирование от алкоголизма — Трубная,/uslugi/lechenie-alkogolizma/kodirovanie/metro/trubnaya/,/uslugi/kodirovanie/moskva/trubnaya/,/uslugi/lechenie-alkogolizma/kodirovanie/metro/,/uslugi/kodirovanie/moskva/,Кодирование,metro,yes,moskva,metro,trubnaya,P0,"Технический каталог metro, okrug или mo убран из публичного URL."
Кодирование от алкоголизма — Тульская,/uslugi/lechenie-alkogolizma/kodirovanie/metro/tulskaya/,/uslugi/kodirovanie/moskva/tulskaya/,/uslugi/lechenie-alkogolizma/kodirovanie/metro/,/uslugi/kodirovanie/moskva/,Кодирование,metro,yes,moskva,metro,tulskaya,P0,"Технический каталог metro, okrug или mo убран из публичного URL."
Кодирование от алкоголизма — Тургеневская,/uslugi/lechenie-alkogolizma/kodirovanie/metro/turgenevskaya/,/uslugi/kodirovanie/moskva/turgenevskaya/,/uslugi/lechenie-alkogolizma/kodirovanie/metro/,/uslugi/kodirovanie/moskva/,Кодирование,metro,yes,moskva,metro,turgenevskaya,P0,"Технический каталог metro, okrug или mo убран из публичного URL."
Кодирование от алкоголизма — Тушинская,/uslugi/lechenie-alkogolizma/kodirovanie/metro/tushinskaya/,/uslugi/kodirovanie/moskva/tushinskaya/,/uslugi/lechenie-alkogolizma/kodirovanie/metro/,/uslugi/kodirovanie/moskva/,Кодирование,metro,yes,moskva,metro,tushinskaya,P0,"Технический каталог metro, okrug или mo убран из публичного URL."
Кодирование от алкоголизма — Тверская,/uslugi/lechenie-alkogolizma/kodirovanie/metro/tverskaya/,/uslugi/kodirovanie/moskva/tverskaya/,/uslugi/lechenie-alkogolizma/kodirovanie/metro/,/uslugi/kodirovanie/moskva/,Кодирование,metro,yes,moskva,metro,tverskaya,P0,"Технический каталог metro, okrug или mo убран из публичного URL."
Кодирование от алкоголизма — Угрешская,/uslugi/lechenie-alkogolizma/kodirovanie/metro/ugreshskaya/,/uslugi/kodirovanie/moskva/ugreshskaya/,/uslugi/lechenie-alkogolizma/kodirovanie/metro/,/uslugi/kodirovanie/moskva/,Кодирование,metro,yes,moskva,metro,ugreshskaya,P0,"Технический каталог metro, okrug или mo убран из публичного URL."
Кодирование от алкоголизма — Улица 1905 года,/uslugi/lechenie-alkogolizma/kodirovanie/metro/ulica-1905-goda/,/uslugi/kodirovanie/moskva/ulica-1905-goda/,/uslugi/lechenie-alkogolizma/kodirovanie/metro/,/uslugi/kodirovanie/moskva/,Кодирование,metro,yes,moskva,metro,ulica-1905-goda,P0,"Технический каталог metro, okrug или mo убран из публичного URL."
Кодирование от алкоголизма — Улица Академика Королёва,/uslugi/lechenie-alkogolizma/kodirovanie/metro/ulica-akademika-koroleva/,/uslugi/kodirovanie/moskva/ulica-akademika-koroleva/,/uslugi/lechenie-alkogolizma/kodirovanie/metro/,/uslugi/kodirovanie/moskva/,Кодирование,metro,yes,moskva,metro,ulica-akademika-koroleva,P0,"Технический каталог metro, okrug или mo убран из публичного URL."
Кодирование от алкоголизма — Улица Академика Янгеля,/uslugi/lechenie-alkogolizma/kodirovanie/metro/ulica-akademika-yangelya/,/uslugi/kodirovanie/moskva/ulica-akademika-yangelya/,/uslugi/lechenie-alkogolizma/kodirovanie/metro/,/uslugi/kodirovanie/moskva/,Кодирование,metro,yes,moskva,metro,ulica-akademika-yangelya,P0,"Технический каталог metro, okrug или mo убран из публичного URL."
Кодирование от алкоголизма — Улица Горчакова,/uslugi/lechenie-alkogolizma/kodirovanie/metro/ulica-gorchakova/,/uslugi/kodirovanie/moskva/ulica-gorchakova/,/uslugi/lechenie-alkogolizma/kodirovanie/metro/,/uslugi/kodirovanie/moskva/,Кодирование,metro,yes,moskva,metro,ulica-gorchakova,P0,"Технический каталог metro, okrug или mo убран из публичного URL."
Кодирование от алкоголизма — Улица Милашенкова,/uslugi/lechenie-alkogolizma/kodirovanie/metro/ulica-milashenkova/,/uslugi/kodirovanie/moskva/ulica-milashenkova/,/uslugi/lechenie-alkogolizma/kodirovanie/metro/,/uslugi/kodirovanie/moskva/,Кодирование,metro,yes,moskva,metro,ulica-milashenkova,P0,"Технический каталог metro, okrug или mo убран из публичного URL."
Кодирование от алкоголизма — Улица Сергея Эйзенштейна,/uslugi/lechenie-alkogolizma/kodirovanie/metro/ulica-sergeya-ejzenshtejna/,/uslugi/kodirovanie/moskva/ulica-sergeya-ejzenshtejna/,/uslugi/lechenie-alkogolizma/kodirovanie/metro/,/uslugi/kodirovanie/moskva/,Кодирование,metro,yes,moskva,metro,ulica-sergeya-ejzenshtejna,P0,"Технический каталог metro, okrug или mo убран из публичного URL."
Кодирование от алкоголизма — Улица Старокачаловская,/uslugi/lechenie-alkogolizma/kodirovanie/metro/ulica-starokachalovskaya/,/uslugi/kodirovanie/moskva/ulica-starokachalovskaya/,/uslugi/lechenie-alkogolizma/kodirovanie/metro/,/uslugi/kodirovanie/moskva/,Кодирование,metro,yes,moskva,metro,ulica-starokachalovskaya,P0,"Технический каталог metro, okrug или mo убран из публичного URL."
Кодирование от алкоголизма — Университет,/uslugi/lechenie-alkogolizma/kodirovanie/metro/universitet/,/uslugi/kodirovanie/moskva/universitet/,/uslugi/lechenie-alkogolizma/kodirovanie/metro/,/uslugi/kodirovanie/moskva/,Кодирование,metro,yes,moskva,metro,universitet,P0,"Технический каталог metro, okrug или mo убран из публичного URL."
Кодирование от алкоголизма — Варшавская,/uslugi/lechenie-alkogolizma/kodirovanie/metro/varshavskaya/,/uslugi/kodirovanie/moskva/varshavskaya/,/uslugi/lechenie-alkogolizma/kodirovanie/metro/,/uslugi/kodirovanie/moskva/,Кодирование,metro,yes,moskva,metro,varshavskaya,P0,"Технический каталог metro, okrug или mo убран из публичного URL."
Кодирование от алкоголизма — ВДНХ,/uslugi/lechenie-alkogolizma/kodirovanie/metro/vdnh/,/uslugi/kodirovanie/moskva/vdnh/,/uslugi/lechenie-alkogolizma/kodirovanie/metro/,/uslugi/kodirovanie/moskva/,Кодирование,metro,yes,moskva,metro,vdnh,P0,"Технический каталог metro, okrug или mo убран из публичного URL."
Кодирование от алкоголизма — Верхние Котлы,/uslugi/lechenie-alkogolizma/kodirovanie/metro/verhnie-kotly/,/uslugi/kodirovanie/moskva/verhnie-kotly/,/uslugi/lechenie-alkogolizma/kodirovanie/metro/,/uslugi/kodirovanie/moskva/,Кодирование,metro,yes,moskva,metro,verhnie-kotly,P0,"Технический каталог metro, okrug или mo убран из публичного URL."
Кодирование от алкоголизма — Верхние Лихоборы,/uslugi/lechenie-alkogolizma/kodirovanie/metro/verhnie-lihobory/,/uslugi/kodirovanie/moskva/verhnie-lihobory/,/uslugi/lechenie-alkogolizma/kodirovanie/metro/,/uslugi/kodirovanie/moskva/,Кодирование,metro,yes,moskva,metro,verhnie-lihobory,P0,"Технический каталог metro, okrug или mo убран из публичного URL."
Кодирование от алкоголизма — Владыкино,/uslugi/lechenie-alkogolizma/kodirovanie/metro/vladykino/,/uslugi/kodirovanie/moskva/vladykino/,/uslugi/lechenie-alkogolizma/kodirovanie/metro/,/uslugi/kodirovanie/moskva/,Кодирование,metro,yes,moskva,metro,vladykino,P0,"Технический каталог metro, okrug или mo убран из публичного URL."
Кодирование от алкоголизма — Водный стадион,/uslugi/lechenie-alkogolizma/kodirovanie/metro/vodnyj-stadion/,/uslugi/kodirovanie/moskva/vodnyj-stadion/,/uslugi/lechenie-alkogolizma/kodirovanie/metro/,/uslugi/kodirovanie/moskva/,Кодирование,metro,yes,moskva,metro,vodnyj-stadion,P0,"Технический каталог metro, okrug или mo убран из публичного URL."
Кодирование от алкоголизма — Войковская,/uslugi/lechenie-alkogolizma/kodirovanie/metro/vojkovskaya/,/uslugi/kodirovanie/moskva/vojkovskaya/,/uslugi/lechenie-alkogolizma/kodirovanie/metro/,/uslugi/kodirovanie/moskva/,Кодирование,metro,yes,moskva,metro,vojkovskaya,P0,"Технический каталог metro, okrug или mo убран из публичного URL."
Кодирование от алкоголизма — Волгоградский проспект,/uslugi/lechenie-alkogolizma/kodirovanie/metro/volgogradskij-prospekt/,/uslugi/kodirovanie/moskva/volgogradskij-prospekt/,/uslugi/lechenie-alkogolizma/kodirovanie/metro/,/uslugi/kodirovanie/moskva/,Кодирование,metro,yes,moskva,metro,volgogradskij-prospekt,P0,"Технический каталог metro, okrug или mo убран из публичного URL."
Кодирование от алкоголизма — Волоколамская,/uslugi/lechenie-alkogolizma/kodirovanie/metro/volokolamskaya/,/uslugi/kodirovanie/moskva/volokolamskaya/,/uslugi/lechenie-alkogolizma/kodirovanie/metro/,/uslugi/kodirovanie/moskva/,Кодирование,metro,yes,moskva,metro,volokolamskaya,P0,"Технический каталог metro, okrug или mo убран из публичного URL."
Кодирование от алкоголизма — Волжская,/uslugi/lechenie-alkogolizma/kodirovanie/metro/volzhskaya/,/uslugi/kodirovanie/moskva/volzhskaya/,/uslugi/lechenie-alkogolizma/kodirovanie/metro/,/uslugi/kodirovanie/moskva/,Кодирование,metro,yes,moskva,metro,volzhskaya,P0,"Технический каталог metro, okrug или mo убран из публичного URL."
Кодирование от алкоголизма — Воробьёвы горы,/uslugi/lechenie-alkogolizma/kodirovanie/metro/vorobevy-gory/,/uslugi/kodirovanie/moskva/vorobevy-gory/,/uslugi/lechenie-alkogolizma/kodirovanie/metro/,/uslugi/kodirovanie/moskva/,Кодирование,metro,yes,moskva,metro,vorobevy-gory,P0,"Технический каталог metro, okrug или mo убран из публичного URL."
Кодирование от алкоголизма — Выхино,/uslugi/lechenie-alkogolizma/kodirovanie/metro/vyhino/,/uslugi/kodirovanie/moskva/vyhino/,/uslugi/lechenie-alkogolizma/kodirovanie/metro/,/uslugi/kodirovanie/moskva/,Кодирование,metro,yes,moskva,metro,vyhino,P0,"Технический каталог metro, okrug или mo убран из публичного URL."
Кодирование от алкоголизма — Выставочная,/uslugi/lechenie-alkogolizma/kodirovanie/metro/vystavochnaya/,/uslugi/kodirovanie/moskva/vystavochnaya/,/uslugi/lechenie-alkogolizma/kodirovanie/metro/,/uslugi/kodirovanie/moskva/,Кодирование,metro,yes,moskva,metro,vystavochnaya,P0,"Технический каталог metro, okrug или mo убран из публичного URL."
Кодирование от алкоголизма — Выставочный центр,/uslugi/lechenie-alkogolizma/kodirovanie/metro/vystavochnyj-centr/,/uslugi/kodirovanie/moskva/vystavochnyj-centr/,/uslugi/lechenie-alkogolizma/kodirovanie/metro/,/uslugi/kodirovanie/moskva/,Кодирование,metro,yes,moskva,metro,vystavochnyj-centr,P0,"Технический каталог metro, okrug или mo убран из публичного URL."
Кодирование от алкоголизма — Ясенево,/uslugi/lechenie-alkogolizma/kodirovanie/metro/yasenevo/,/uslugi/kodirovanie/moskva/yasenevo/,/uslugi/lechenie-alkogolizma/kodirovanie/metro/,/uslugi/kodirovanie/moskva/,Кодирование,metro,yes,moskva,metro,yasenevo,P0,"Технический каталог metro, okrug или mo убран из публичного URL."
Кодирование от алкоголизма — Юго-Западная,/uslugi/lechenie-alkogolizma/kodirovanie/metro/yugo-zapadnaya/,/uslugi/kodirovanie/moskva/yugo-zapadnaya/,/uslugi/lechenie-alkogolizma/kodirovanie/metro/,/uslugi/kodirovanie/moskva/,Кодирование,metro,yes,moskva,metro,yugo-zapadnaya,P0,"Технический каталог metro, okrug или mo убран из публичного URL."
Кодирование от алкоголизма — Южная,/uslugi/lechenie-alkogolizma/kodirovanie/metro/yuzhnaya/,/uslugi/kodirovanie/moskva/yuzhnaya/,/uslugi/lechenie-alkogolizma/kodirovanie/metro/,/uslugi/kodirovanie/moskva/,Кодирование,metro,yes,moskva,metro,yuzhnaya,P0,"Технический каталог metro, okrug или mo убран из публичного URL."
Кодирование от алкоголизма — Жулебино,/uslugi/lechenie-alkogolizma/kodirovanie/metro/zhulebino/,/uslugi/kodirovanie/moskva/zhulebino/,/uslugi/lechenie-alkogolizma/kodirovanie/metro/,/uslugi/kodirovanie/moskva/,Кодирование,metro,yes,moskva,metro,zhulebino,P0,"Технический каталог metro, okrug или mo убран из публичного URL."
Кодирование от алкоголизма — ЗИЛ,/uslugi/lechenie-alkogolizma/kodirovanie/metro/zil/,/uslugi/kodirovanie/moskva/zil/,/uslugi/lechenie-alkogolizma/kodirovanie/metro/,/uslugi/kodirovanie/moskva/,Кодирование,metro,yes,moskva,metro,zil,P0,"Технический каталог metro, okrug или mo убран из публичного URL."
Кодирование от алкоголизма — Зорге,/uslugi/lechenie-alkogolizma/kodirovanie/metro/zorge/,/uslugi/kodirovanie/moskva/zorge/,/uslugi/lechenie-alkogolizma/kodirovanie/metro/,/uslugi/kodirovanie/moskva/,Кодирование,metro,yes,moskva,metro,zorge,P0,"Технический каталог metro, okrug или mo убран из публичного URL."
Кодирование от алкоголизма — Зябликово,/uslugi/lechenie-alkogolizma/kodirovanie/metro/zyablikovo/,/uslugi/kodirovanie/moskva/zyablikovo/,/uslugi/lechenie-alkogolizma/kodirovanie/metro/,/uslugi/kodirovanie/moskva/,Кодирование,metro,yes,moskva,metro,zyablikovo,P0,"Технический каталог metro, okrug или mo убран из публичного URL."
Кодирование от алкоголизма — ЦАО,/uslugi/lechenie-alkogolizma/kodirovanie/okrug/cao/,/uslugi/kodirovanie/moskva/cao/,/uslugi/lechenie-alkogolizma/kodirovanie/okrug/,/uslugi/kodirovanie/moskva/,Кодирование,okrug,yes,moskva,okrug,cao,P0,"Технический каталог metro, okrug или mo убран из публичного URL."
Кодирование от алкоголизма — САО,/uslugi/lechenie-alkogolizma/kodirovanie/okrug/sao/,/uslugi/kodirovanie/moskva/sao/,/uslugi/lechenie-alkogolizma/kodirovanie/okrug/,/uslugi/kodirovanie/moskva/,Кодирование,okrug,yes,moskva,okrug,sao,P0,"Технический каталог metro, okrug или mo убран из публичного URL."
Кодирование от алкоголизма — СВАО,/uslugi/lechenie-alkogolizma/kodirovanie/okrug/svao/,/uslugi/kodirovanie/moskva/svao/,/uslugi/lechenie-alkogolizma/kodirovanie/okrug/,/uslugi/kodirovanie/moskva/,Кодирование,okrug,yes,moskva,okrug,svao,P0,"Технический каталог metro, okrug или mo убран из публичного URL."
Кодирование от алкоголизма — ВАО,/uslugi/lechenie-alkogolizma/kodirovanie/okrug/vao/,/uslugi/kodirovanie/moskva/vao/,/uslugi/lechenie-alkogolizma/kodirovanie/okrug/,/uslugi/kodirovanie/moskva/,Кодирование,okrug,yes,moskva,okrug,vao,P0,"Технический каталог metro, okrug или mo убран из публичного URL."
Кодирование от алкоголизма — ЮВАО,/uslugi/lechenie-alkogolizma/kodirovanie/okrug/yuvao/,/uslugi/kodirovanie/moskva/yuvao/,/uslugi/lechenie-alkogolizma/kodirovanie/okrug/,/uslugi/kodirovanie/moskva/,Кодирование,okrug,yes,moskva,okrug,yuvao,P0,"Технический каталог metro, okrug или mo убран из публичного URL."
Кодирование от алкоголизма — ЮАО,/uslugi/lechenie-alkogolizma/kodirovanie/okrug/yuao/,/uslugi/kodirovanie/moskva/yuao/,/uslugi/lechenie-alkogolizma/kodirovanie/okrug/,/uslugi/kodirovanie/moskva/,Кодирование,okrug,yes,moskva,okrug,yuao,P0,"Технический каталог metro, okrug или mo убран из публичного URL."
Кодирование от алкоголизма — ЮЗАО,/uslugi/lechenie-alkogolizma/kodirovanie/okrug/yuzao/,/uslugi/kodirovanie/moskva/yuzao/,/uslugi/lechenie-alkogolizma/kodirovanie/okrug/,/uslugi/kodirovanie/moskva/,Кодирование,okrug,yes,moskva,okrug,yuzao,P0,"Технический каталог metro, okrug или mo убран из публичного URL."
Кодирование от алкоголизма — ЗАО,/uslugi/lechenie-alkogolizma/kodirovanie/okrug/zao/,/uslugi/kodirovanie/moskva/zao/,/uslugi/lechenie-alkogolizma/kodirovanie/okrug/,/uslugi/kodirovanie/moskva/,Кодирование,okrug,yes,moskva,okrug,zao,P0,"Технический каталог metro, okrug или mo убран из публичного URL."
Кодирование от алкоголизма — СЗАО,/uslugi/lechenie-alkogolizma/kodirovanie/okrug/szao/,/uslugi/kodirovanie/moskva/szao/,/uslugi/lechenie-alkogolizma/kodirovanie/okrug/,/uslugi/kodirovanie/moskva/,Кодирование,okrug,yes,moskva,okrug,szao,P0,"Технический каталог metro, okrug или mo убран из публичного URL."
Кодирование от алкоголизма — ЗелАО,/uslugi/lechenie-alkogolizma/kodirovanie/okrug/zelao/,/uslugi/kodirovanie/moskva/zelao/,/uslugi/lechenie-alkogolizma/kodirovanie/okrug/,/uslugi/kodirovanie/moskva/,Кодирование,okrug,yes,moskva,okrug,zelao,P0,"Технический каталог metro, okrug или mo убран из публичного URL."
Кодирование от алкоголизма — НАО,/uslugi/lechenie-alkogolizma/kodirovanie/okrug/nao/,/uslugi/kodirovanie/moskva/nao/,/uslugi/lechenie-alkogolizma/kodirovanie/okrug/,/uslugi/kodirovanie/moskva/,Кодирование,okrug,yes,moskva,okrug,nao,P0,"Технический каталог metro, okrug или mo убран из публичного URL."
Кодирование от алкоголизма — ТАО,/uslugi/lechenie-alkogolizma/kodirovanie/okrug/tao/,/uslugi/kodirovanie/moskva/tao/,/uslugi/lechenie-alkogolizma/kodirovanie/okrug/,/uslugi/kodirovanie/moskva/,Кодирование,okrug,yes,moskva,okrug,tao,P0,"Технический каталог metro, okrug или mo убран из публичного URL."
Кодирование от алкоголизма — Балашиха,/uslugi/lechenie-alkogolizma/kodirovanie/mo/balashiha/,/uslugi/kodirovanie/moskovskaya-oblast/balashiha/,/uslugi/lechenie-alkogolizma/kodirovanie/mo/,/uslugi/kodirovanie/moskovskaya-oblast/,Кодирование,city,yes,moskovskaya-oblast,mo,balashiha,P0,"Технический каталог metro, okrug или mo убран из публичного URL."
Кодирование от алкоголизма — Подольск,/uslugi/lechenie-alkogolizma/kodirovanie/mo/podolsk/,/uslugi/kodirovanie/moskovskaya-oblast/podolsk/,/uslugi/lechenie-alkogolizma/kodirovanie/mo/,/uslugi/kodirovanie/moskovskaya-oblast/,Кодирование,city,yes,moskovskaya-oblast,mo,podolsk,P0,"Технический каталог metro, okrug или mo убран из публичного URL."
Кодирование от алкоголизма — Химки,/uslugi/lechenie-alkogolizma/kodirovanie/mo/himki/,/uslugi/kodirovanie/moskovskaya-oblast/himki/,/uslugi/lechenie-alkogolizma/kodirovanie/mo/,/uslugi/kodirovanie/moskovskaya-oblast/,Кодирование,city,yes,moskovskaya-oblast,mo,himki,P0,"Технический каталог metro, okrug или mo убран из публичного URL."
Кодирование от алкоголизма — Мытищи,/uslugi/lechenie-alkogolizma/kodirovanie/mo/mytishchi/,/uslugi/kodirovanie/moskovskaya-oblast/mytishchi/,/uslugi/lechenie-alkogolizma/kodirovanie/mo/,/uslugi/kodirovanie/moskovskaya-oblast/,Кодирование,city,yes,moskovskaya-oblast,mo,mytishchi,P0,"Технический каталог metro, okrug или mo убран из публичного URL."
Кодирование от алкоголизма — Королёв,/uslugi/lechenie-alkogolizma/kodirovanie/mo/korolev/,/uslugi/kodirovanie/moskovskaya-oblast/korolev/,/uslugi/lechenie-alkogolizma/kodirovanie/mo/,/uslugi/kodirovanie/moskovskaya-oblast/,Кодирование,city,yes,moskovskaya-oblast,mo,korolev,P0,"Технический каталог metro, okrug или mo убран из публичного URL."
Кодирование от алкоголизма — Люберцы,/uslugi/lechenie-alkogolizma/kodirovanie/mo/lyubertsy/,/uslugi/kodirovanie/moskovskaya-oblast/lyubertsy/,/uslugi/lechenie-alkogolizma/kodirovanie/mo/,/uslugi/kodirovanie/moskovskaya-oblast/,Кодирование,city,yes,moskovskaya-oblast,mo,lyubertsy,P0,"Технический каталог metro, okrug или mo убран из публичного URL."
Кодирование от алкоголизма — Красногорск,/uslugi/lechenie-alkogolizma/kodirovanie/mo/krasnogorsk/,/uslugi/kodirovanie/moskovskaya-oblast/krasnogorsk/,/uslugi/lechenie-alkogolizma/kodirovanie/mo/,/uslugi/kodirovanie/moskovskaya-oblast/,Кодирование,city,yes,moskovskaya-oblast,mo,krasnogorsk,P0,"Технический каталог metro, okrug или mo убран из публичного URL."
Кодирование от алкоголизма — Электросталь,/uslugi/lechenie-alkogolizma/kodirovanie/mo/elektrostal/,/uslugi/kodirovanie/moskovskaya-oblast/elektrostal/,/uslugi/lechenie-alkogolizma/kodirovanie/mo/,/uslugi/kodirovanie/moskovskaya-oblast/,Кодирование,city,yes,moskovskaya-oblast,mo,elektrostal,P0,"Технический каталог metro, okrug или mo убран из публичного URL."
Кодирование от алкоголизма — Коломна,/uslugi/lechenie-alkogolizma/kodirovanie/mo/kolomna/,/uslugi/kodirovanie/moskovskaya-oblast/kolomna/,/uslugi/lechenie-alkogolizma/kodirovanie/mo/,/uslugi/kodirovanie/moskovskaya-oblast/,Кодирование,city,yes,moskovskaya-oblast,mo,kolomna,P0,"Технический каталог metro, okrug или mo убран из публичного URL."
Кодирование от алкоголизма — Одинцово,/uslugi/lechenie-alkogolizma/kodirovanie/mo/odincovo/,/uslugi/kodirovanie/moskovskaya-oblast/odincovo/,/uslugi/lechenie-alkogolizma/kodirovanie/mo/,/uslugi/kodirovanie/moskovskaya-oblast/,Кодирование,city,yes,moskovskaya-oblast,mo,odincovo,P0,"Технический каталог metro, okrug или mo убран из публичного URL."
Кодирование от алкоголизма — Домодедово,/uslugi/lechenie-alkogolizma/kodirovanie/mo/domodedovo/,/uslugi/kodirovanie/moskovskaya-oblast/domodedovo/,/uslugi/lechenie-alkogolizma/kodirovanie/mo/,/uslugi/kodirovanie/moskovskaya-oblast/,Кодирование,city,yes,moskovskaya-oblast,mo,domodedovo,P0,"Технический каталог metro, okrug или mo убран из публичного URL."
Кодирование от алкоголизма — Щёлково,/uslugi/lechenie-alkogolizma/kodirovanie/mo/shchelkovo/,/uslugi/kodirovanie/moskovskaya-oblast/shchelkovo/,/uslugi/lechenie-alkogolizma/kodirovanie/mo/,/uslugi/kodirovanie/moskovskaya-oblast/,Кодирование,city,yes,moskovskaya-oblast,mo,shchelkovo,P0,"Технический каталог metro, okrug или mo убран из публичного URL."
Кодирование от алкоголизма — Серпухов,/uslugi/lechenie-alkogolizma/kodirovanie/mo/serpuhov/,/uslugi/kodirovanie/moskovskaya-oblast/serpuhov/,/uslugi/lechenie-alkogolizma/kodirovanie/mo/,/uslugi/kodirovanie/moskovskaya-oblast/,Кодирование,city,yes,moskovskaya-oblast,mo,serpuhov,P0,"Технический каталог metro, okrug или mo убран из публичного URL."
Кодирование от алкоголизма — Раменское,/uslugi/lechenie-alkogolizma/kodirovanie/mo/ramenskoe/,/uslugi/kodirovanie/moskovskaya-oblast/ramenskoe/,/uslugi/lechenie-alkogolizma/kodirovanie/mo/,/uslugi/kodirovanie/moskovskaya-oblast/,Кодирование,city,yes,moskovskaya-oblast,mo,ramenskoe,P0,"Технический каталог metro, okrug или mo убран из публичного URL."
Кодирование от алкоголизма — Долгопрудный,/uslugi/lechenie-alkogolizma/kodirovanie/mo/dolgoprudnyj/,/uslugi/kodirovanie/moskovskaya-oblast/dolgoprudnyj/,/uslugi/lechenie-alkogolizma/kodirovanie/mo/,/uslugi/kodirovanie/moskovskaya-oblast/,Кодирование,city,yes,moskovskaya-oblast,mo,dolgoprudnyj,P0,"Технический каталог metro, okrug или mo убран из публичного URL."
Кодирование от алкоголизма — Пушкино,/uslugi/lechenie-alkogolizma/kodirovanie/mo/pushkino/,/uslugi/kodirovanie/moskovskaya-oblast/pushkino/,/uslugi/lechenie-alkogolizma/kodirovanie/mo/,/uslugi/kodirovanie/moskovskaya-oblast/,Кодирование,city,yes,moskovskaya-oblast,mo,pushkino,P0,"Технический каталог metro, okrug или mo убран из публичного URL."
Кодирование от алкоголизма — Реутов,/uslugi/lechenie-alkogolizma/kodirovanie/mo/reutov/,/uslugi/kodirovanie/moskovskaya-oblast/reutov/,/uslugi/lechenie-alkogolizma/kodirovanie/mo/,/uslugi/kodirovanie/moskovskaya-oblast/,Кодирование,city,yes,moskovskaya-oblast,mo,reutov,P0,"Технический каталог metro, okrug или mo убран из публичного URL."
Кодирование от алкоголизма — Жуковский,/uslugi/lechenie-alkogolizma/kodirovanie/mo/zhukovskij/,/uslugi/kodirovanie/moskovskaya-oblast/zhukovskij/,/uslugi/lechenie-alkogolizma/kodirovanie/mo/,/uslugi/kodirovanie/moskovskaya-oblast/,Кодирование,city,yes,moskovskaya-oblast,mo,zhukovskij,P0,"Технический каталог metro, okrug или mo убран из публичного URL."
Кодирование от алкоголизма — Ногинск,/uslugi/lechenie-alkogolizma/kodirovanie/mo/noginsk/,/uslugi/kodirovanie/moskovskaya-oblast/noginsk/,/uslugi/lechenie-alkogolizma/kodirovanie/mo/,/uslugi/kodirovanie/moskovskaya-oblast/,Кодирование,city,yes,moskovskaya-oblast,mo,noginsk,P0,"Технический каталог metro, okrug или mo убран из публичного URL."
Кодирование от алкоголизма — Сергиев Посад,/uslugi/lechenie-alkogolizma/kodirovanie/mo/sergiev-posad/,/uslugi/kodirovanie/moskovskaya-oblast/sergiev-posad/,/uslugi/lechenie-alkogolizma/kodirovanie/mo/,/uslugi/kodirovanie/moskovskaya-oblast/,Кодирование,city,yes,moskovskaya-oblast,mo,sergiev-posad,P0,"Технический каталог metro, okrug или mo убран из публичного URL."
Кодирование от алкоголизма — Воскресенск,/uslugi/lechenie-alkogolizma/kodirovanie/mo/voskresensk/,/uslugi/kodirovanie/moskovskaya-oblast/voskresensk/,/uslugi/lechenie-alkogolizma/kodirovanie/mo/,/uslugi/kodirovanie/moskovskaya-oblast/,Кодирование,city,yes,moskovskaya-oblast,mo,voskresensk,P0,"Технический каталог metro, okrug или mo убран из публичного URL."
Кодирование от алкоголизма — Орехово-Зуево,/uslugi/lechenie-alkogolizma/kodirovanie/mo/orehovo-zuevo/,/uslugi/kodirovanie/moskovskaya-oblast/orehovo-zuevo/,/uslugi/lechenie-alkogolizma/kodirovanie/mo/,/uslugi/kodirovanie/moskovskaya-oblast/,Кодирование,city,yes,moskovskaya-oblast,mo,orehovo-zuevo,P0,"Технический каталог metro, okrug или mo убран из публичного URL."
Кодирование от алкоголизма — Павловский Посад,/uslugi/lechenie-alkogolizma/kodirovanie/mo/pavlovskij-posad/,/uslugi/kodirovanie/moskovskaya-oblast/pavlovskij-posad/,/uslugi/lechenie-alkogolizma/kodirovanie/mo/,/uslugi/kodirovanie/moskovskaya-oblast/,Кодирование,city,yes,moskovskaya-oblast,mo,pavlovskij-posad,P0,"Технический каталог metro, okrug или mo убран из публичного URL."
Кодирование от алкоголизма — Лобня,/uslugi/lechenie-alkogolizma/kodirovanie/mo/lobnya/,/uslugi/kodirovanie/moskovskaya-oblast/lobnya/,/uslugi/lechenie-alkogolizma/kodirovanie/mo/,/uslugi/kodirovanie/moskovskaya-oblast/,Кодирование,city,yes,moskovskaya-oblast,mo,lobnya,P0,"Технический каталог metro, okrug или mo убран из публичного URL."
Кодирование от алкоголизма — Ивантеевка,/uslugi/lechenie-alkogolizma/kodirovanie/mo/ivanteevka/,/uslugi/kodirovanie/moskovskaya-oblast/ivanteevka/,/uslugi/lechenie-alkogolizma/kodirovanie/mo/,/uslugi/kodirovanie/moskovskaya-oblast/,Кодирование,city,yes,moskovskaya-oblast,mo,ivanteevka,P0,"Технический каталог metro, okrug или mo убран из публичного URL."
Кодирование от алкоголизма — Клин,/uslugi/lechenie-alkogolizma/kodirovanie/mo/klin/,/uslugi/kodirovanie/moskovskaya-oblast/klin/,/uslugi/lechenie-alkogolizma/kodirovanie/mo/,/uslugi/kodirovanie/moskovskaya-oblast/,Кодирование,city,yes,moskovskaya-oblast,mo,klin,P0,"Технический каталог metro, okrug или mo убран из публичного URL."
Кодирование от алкоголизма — Егорьевск,/uslugi/lechenie-alkogolizma/kodirovanie/mo/egorevsk/,/uslugi/kodirovanie/moskovskaya-oblast/egorevsk/,/uslugi/lechenie-alkogolizma/kodirovanie/mo/,/uslugi/kodirovanie/moskovskaya-oblast/,Кодирование,city,yes,moskovskaya-oblast,mo,egorevsk,P0,"Технический каталог metro, okrug или mo убран из публичного URL."
Кодирование от алкоголизма — Дмитров,/uslugi/lechenie-alkogolizma/kodirovanie/mo/dmitrov/,/uslugi/kodirovanie/moskovskaya-oblast/dmitrov/,/uslugi/lechenie-alkogolizma/kodirovanie/mo/,/uslugi/kodirovanie/moskovskaya-oblast/,Кодирование,city,yes,moskovskaya-oblast,mo,dmitrov,P0,"Технический каталог metro, okrug или mo убран из публичного URL."
Кодирование от алкоголизма — Чехов,/uslugi/lechenie-alkogolizma/kodirovanie/mo/chehov/,/uslugi/kodirovanie/moskovskaya-oblast/chehov/,/uslugi/lechenie-alkogolizma/kodirovanie/mo/,/uslugi/kodirovanie/moskovskaya-oblast/,Кодирование,city,yes,moskovskaya-oblast,mo,chehov,P0,"Технический каталог metro, okrug или mo убран из публичного URL."
Кодирование от алкоголизма — Наро-Фоминск,/uslugi/lechenie-alkogolizma/kodirovanie/mo/naro-fominsk/,/uslugi/kodirovanie/moskovskaya-oblast/naro-fominsk/,/uslugi/lechenie-alkogolizma/kodirovanie/mo/,/uslugi/kodirovanie/moskovskaya-oblast/,Кодирование,city,yes,moskovskaya-oblast,mo,naro-fominsk,P0,"Технический каталог metro, okrug или mo убран из публичного URL."
Кодирование от алкоголизма — Ступино,/uslugi/lechenie-alkogolizma/kodirovanie/mo/stupino/,/uslugi/kodirovanie/moskovskaya-oblast/stupino/,/uslugi/lechenie-alkogolizma/kodirovanie/mo/,/uslugi/kodirovanie/moskovskaya-oblast/,Кодирование,city,yes,moskovskaya-oblast,mo,stupino,P1,"Технический каталог metro, okrug или mo убран из публичного URL."
Кодирование от алкоголизма — Видное,/uslugi/lechenie-alkogolizma/kodirovanie/mo/vidnoe/,/uslugi/kodirovanie/moskovskaya-oblast/vidnoe/,/uslugi/lechenie-alkogolizma/kodirovanie/mo/,/uslugi/kodirovanie/moskovskaya-oblast/,Кодирование,city,yes,moskovskaya-oblast,mo,vidnoe,P1,"Технический каталог metro, okrug или mo убран из публичного URL."
Кодирование от алкоголизма — Фрязино,/uslugi/lechenie-alkogolizma/kodirovanie/mo/fryazino/,/uslugi/kodirovanie/moskovskaya-oblast/fryazino/,/uslugi/lechenie-alkogolizma/kodirovanie/mo/,/uslugi/kodirovanie/moskovskaya-oblast/,Кодирование,city,yes,moskovskaya-oblast,mo,fryazino,P1,"Технический каталог metro, okrug или mo убран из публичного URL."
Кодирование от алкоголизма — Лыткарино,/uslugi/lechenie-alkogolizma/kodirovanie/mo/lytkarino/,/uslugi/kodirovanie/moskovskaya-oblast/lytkarino/,/uslugi/lechenie-alkogolizma/kodirovanie/mo/,/uslugi/kodirovanie/moskovskaya-oblast/,Кодирование,city,yes,moskovskaya-oblast,mo,lytkarino,P1,"Технический каталог metro, okrug или mo убран из публичного URL."
Кодирование от алкоголизма — Дзержинский,/uslugi/lechenie-alkogolizma/kodirovanie/mo/dzerzhinskij/,/uslugi/kodirovanie/moskovskaya-oblast/dzerzhinskij/,/uslugi/lechenie-alkogolizma/kodirovanie/mo/,/uslugi/kodirovanie/moskovskaya-oblast/,Кодирование,city,yes,moskovskaya-oblast,mo,dzerzhinskij,P1,"Технический каталог metro, okrug или mo убран из публичного URL."
Кодирование от алкоголизма — Котельники,/uslugi/lechenie-alkogolizma/kodirovanie/mo/kotelniki/,/uslugi/kodirovanie/moskovskaya-oblast/kotelniki/,/uslugi/lechenie-alkogolizma/kodirovanie/mo/,/uslugi/kodirovanie/moskovskaya-oblast/,Кодирование,city,yes,moskovskaya-oblast,mo,kotelniki,P1,"Технический каталог metro, okrug или mo убран из публичного URL."
Кодирование от алкоголизма — Истра,/uslugi/lechenie-alkogolizma/kodirovanie/mo/istra/,/uslugi/kodirovanie/moskovskaya-oblast/istra/,/uslugi/lechenie-alkogolizma/kodirovanie/mo/,/uslugi/kodirovanie/moskovskaya-oblast/,Кодирование,city,yes,moskovskaya-oblast,mo,istra,P1,"Технический каталог metro, okrug или mo убран из публичного URL."
Кодирование от алкоголизма — Дедовск,/uslugi/lechenie-alkogolizma/kodirovanie/mo/dedovsk/,/uslugi/kodirovanie/moskovskaya-oblast/dedovsk/,/uslugi/lechenie-alkogolizma/kodirovanie/mo/,/uslugi/kodirovanie/moskovskaya-oblast/,Кодирование,city,yes,moskovskaya-oblast,mo,dedovsk,P1,"Технический каталог metro, okrug или mo убран из публичного URL."
Кодирование от алкоголизма — Солнечногорск,/uslugi/lechenie-alkogolizma/kodirovanie/mo/solnechnogorsk/,/uslugi/kodirovanie/moskovskaya-oblast/solnechnogorsk/,/uslugi/lechenie-alkogolizma/kodirovanie/mo/,/uslugi/kodirovanie/moskovskaya-oblast/,Кодирование,city,yes,moskovskaya-oblast,mo,solnechnogorsk,P1,"Технический каталог metro, okrug или mo убран из публичного URL."
Кодирование от алкоголизма — Апрелевка,/uslugi/lechenie-alkogolizma/kodirovanie/mo/aprelevka/,/uslugi/kodirovanie/moskovskaya-oblast/aprelevka/,/uslugi/lechenie-alkogolizma/kodirovanie/mo/,/uslugi/kodirovanie/moskovskaya-oblast/,Кодирование,city,yes,moskovskaya-oblast,mo,aprelevka,P1,"Технический каталог metro, okrug или mo убран из публичного URL."
Кодирование от алкоголизма — Кубинка,/uslugi/lechenie-alkogolizma/kodirovanie/mo/kubinka/,/uslugi/kodirovanie/moskovskaya-oblast/kubinka/,/uslugi/lechenie-alkogolizma/kodirovanie/mo/,/uslugi/kodirovanie/moskovskaya-oblast/,Кодирование,city,yes,moskovskaya-oblast,mo,kubinka,P1,"Технический каталог metro, okrug или mo убран из публичного URL."
Кодирование от алкоголизма — Руза,/uslugi/lechenie-alkogolizma/kodirovanie/mo/ruza/,/uslugi/kodirovanie/moskovskaya-oblast/ruza/,/uslugi/lechenie-alkogolizma/kodirovanie/mo/,/uslugi/kodirovanie/moskovskaya-oblast/,Кодирование,city,yes,moskovskaya-oblast,mo,ruza,P1,"Технический каталог metro, okrug или mo убран из публичного URL."
Кодирование от алкоголизма — Звенигород,/uslugi/lechenie-alkogolizma/kodirovanie/mo/zvenigorod/,/uslugi/kodirovanie/moskovskaya-oblast/zvenigorod/,/uslugi/lechenie-alkogolizma/kodirovanie/mo/,/uslugi/kodirovanie/moskovskaya-oblast/,Кодирование,city,yes,moskovskaya-oblast,mo,zvenigorod,P1,"Технический каталог metro, okrug или mo убран из публичного URL."
Кодирование от алкоголизма — Можайск,/uslugi/lechenie-alkogolizma/kodirovanie/mo/mozhajsk/,/uslugi/kodirovanie/moskovskaya-oblast/mozhajsk/,/uslugi/lechenie-alkogolizma/kodirovanie/mo/,/uslugi/kodirovanie/moskovskaya-oblast/,Кодирование,city,yes,moskovskaya-oblast,mo,mozhajsk,P1,"Технический каталог metro, okrug или mo убран из публичного URL."
Кодирование от алкоголизма — Луховицы,/uslugi/lechenie-alkogolizma/kodirovanie/mo/luhovicy/,/uslugi/kodirovanie/moskovskaya-oblast/luhovicy/,/uslugi/lechenie-alkogolizma/kodirovanie/mo/,/uslugi/kodirovanie/moskovskaya-oblast/,Кодирование,city,yes,moskovskaya-oblast,mo,luhovicy,P1,"Технический каталог metro, okrug или mo убран из публичного URL."
Кодирование от алкоголизма — Кашира,/uslugi/lechenie-alkogolizma/kodirovanie/mo/kashira/,/uslugi/kodirovanie/moskovskaya-oblast/kashira/,/uslugi/lechenie-alkogolizma/kodirovanie/mo/,/uslugi/kodirovanie/moskovskaya-oblast/,Кодирование,city,yes,moskovskaya-oblast,mo,kashira,P1,"Технический каталог metro, okrug или mo убран из публичного URL."
Кодирование от алкоголизма — Протвино,/uslugi/lechenie-alkogolizma/kodirovanie/mo/protvino/,/uslugi/kodirovanie/moskovskaya-oblast/protvino/,/uslugi/lechenie-alkogolizma/kodirovanie/mo/,/uslugi/kodirovanie/moskovskaya-oblast/,Кодирование,city,yes,moskovskaya-oblast,mo,protvino,P1,"Технический каталог metro, okrug или mo убран из публичного URL."
Кодирование от алкоголизма — Дубна,/uslugi/lechenie-alkogolizma/kodirovanie/mo/dubna/,/uslugi/kodirovanie/moskovskaya-oblast/dubna/,/uslugi/lechenie-alkogolizma/kodirovanie/mo/,/uslugi/kodirovanie/moskovskaya-oblast/,Кодирование,city,yes,moskovskaya-oblast,mo,dubna,P1,"Технический каталог metro, okrug или mo убран из публичного URL."
Кодирование от алкоголизма — Черноголовка,/uslugi/lechenie-alkogolizma/kodirovanie/mo/chernogolovka/,/uslugi/kodirovanie/moskovskaya-oblast/chernogolovka/,/uslugi/lechenie-alkogolizma/kodirovanie/mo/,/uslugi/kodirovanie/moskovskaya-oblast/,Кодирование,city,yes,moskovskaya-oblast,mo,chernogolovka,P1,"Технический каталог metro, okrug или mo убран из публичного URL."
Кодирование от алкоголизма — Волоколамск,/uslugi/lechenie-alkogolizma/kodirovanie/mo/volokolamsk/,/uslugi/kodirovanie/moskovskaya-oblast/volokolamsk/,/uslugi/lechenie-alkogolizma/kodirovanie/mo/,/uslugi/kodirovanie/moskovskaya-oblast/,Кодирование,city,yes,moskovskaya-oblast,mo,volokolamsk,P1,"Технический каталог metro, okrug или mo убран из публичного URL."
Психиатр на дом — ЦАО,/uslugi/psihiatriya/psihiatr-na-dom/okrug/cao/,/uslugi/psihiatriya/psihiatr-na-dom/moskva/cao/,/uslugi/psihiatriya/psihiatr-na-dom/okrug/,/uslugi/psihiatriya/psihiatr-na-dom/moskva/,Психиатрия,okrug,yes,moskva,okrug,cao,P1,"Технический каталог metro, okrug или mo убран из публичного URL."
Психиатр на дом — САО,/uslugi/psihiatriya/psihiatr-na-dom/okrug/sao/,/uslugi/psihiatriya/psihiatr-na-dom/moskva/sao/,/uslugi/psihiatriya/psihiatr-na-dom/okrug/,/uslugi/psihiatriya/psihiatr-na-dom/moskva/,Психиатрия,okrug,yes,moskva,okrug,sao,P1,"Технический каталог metro, okrug или mo убран из публичного URL."
Психиатр на дом — СВАО,/uslugi/psihiatriya/psihiatr-na-dom/okrug/svao/,/uslugi/psihiatriya/psihiatr-na-dom/moskva/svao/,/uslugi/psihiatriya/psihiatr-na-dom/okrug/,/uslugi/psihiatriya/psihiatr-na-dom/moskva/,Психиатрия,okrug,yes,moskva,okrug,svao,P1,"Технический каталог metro, okrug или mo убран из публичного URL."
Психиатр на дом — ВАО,/uslugi/psihiatriya/psihiatr-na-dom/okrug/vao/,/uslugi/psihiatriya/psihiatr-na-dom/moskva/vao/,/uslugi/psihiatriya/psihiatr-na-dom/okrug/,/uslugi/psihiatriya/psihiatr-na-dom/moskva/,Психиатрия,okrug,yes,moskva,okrug,vao,P1,"Технический каталог metro, okrug или mo убран из публичного URL."
Психиатр на дом — ЮВАО,/uslugi/psihiatriya/psihiatr-na-dom/okrug/yuvao/,/uslugi/psihiatriya/psihiatr-na-dom/moskva/yuvao/,/uslugi/psihiatriya/psihiatr-na-dom/okrug/,/uslugi/psihiatriya/psihiatr-na-dom/moskva/,Психиатрия,okrug,yes,moskva,okrug,yuvao,P1,"Технический каталог metro, okrug или mo убран из публичного URL."
Психиатр на дом — ЮАО,/uslugi/psihiatriya/psihiatr-na-dom/okrug/yuao/,/uslugi/psihiatriya/psihiatr-na-dom/moskva/yuao/,/uslugi/psihiatriya/psihiatr-na-dom/okrug/,/uslugi/psihiatriya/psihiatr-na-dom/moskva/,Психиатрия,okrug,yes,moskva,okrug,yuao,P1,"Технический каталог metro, okrug или mo убран из публичного URL."
Психиатр на дом — ЮЗАО,/uslugi/psihiatriya/psihiatr-na-dom/okrug/yuzao/,/uslugi/psihiatriya/psihiatr-na-dom/moskva/yuzao/,/uslugi/psihiatriya/psihiatr-na-dom/okrug/,/uslugi/psihiatriya/psihiatr-na-dom/moskva/,Психиатрия,okrug,yes,moskva,okrug,yuzao,P1,"Технический каталог metro, okrug или mo убран из публичного URL."
Психиатр на дом — ЗАО,/uslugi/psihiatriya/psihiatr-na-dom/okrug/zao/,/uslugi/psihiatriya/psihiatr-na-dom/moskva/zao/,/uslugi/psihiatriya/psihiatr-na-dom/okrug/,/uslugi/psihiatriya/psihiatr-na-dom/moskva/,Психиатрия,okrug,yes,moskva,okrug,zao,P1,"Технический каталог metro, okrug или mo убран из публичного URL."
Психиатр на дом — СЗАО,/uslugi/psihiatriya/psihiatr-na-dom/okrug/szao/,/uslugi/psihiatriya/psihiatr-na-dom/moskva/szao/,/uslugi/psihiatriya/psihiatr-na-dom/okrug/,/uslugi/psihiatriya/psihiatr-na-dom/moskva/,Психиатрия,okrug,yes,moskva,okrug,szao,P1,"Технический каталог metro, okrug или mo убран из публичного URL."
Психиатр на дом — ЗелАО,/uslugi/psihiatriya/psihiatr-na-dom/okrug/zelao/,/uslugi/psihiatriya/psihiatr-na-dom/moskva/zelao/,/uslugi/psihiatriya/psihiatr-na-dom/okrug/,/uslugi/psihiatriya/psihiatr-na-dom/moskva/,Психиатрия,okrug,yes,moskva,okrug,zelao,P1,"Технический каталог metro, okrug или mo убран из публичного URL."
Психиатр на дом — НАО,/uslugi/psihiatriya/psihiatr-na-dom/okrug/nao/,/uslugi/psihiatriya/psihiatr-na-dom/moskva/nao/,/uslugi/psihiatriya/psihiatr-na-dom/okrug/,/uslugi/psihiatriya/psihiatr-na-dom/moskva/,Психиатрия,okrug,yes,moskva,okrug,nao,P1,"Технический каталог metro, okrug или mo убран из публичного URL."
Психиатр на дом — ТАО,/uslugi/psihiatriya/psihiatr-na-dom/okrug/tao/,/uslugi/psihiatriya/psihiatr-na-dom/moskva/tao/,/uslugi/psihiatriya/psihiatr-na-dom/okrug/,/uslugi/psihiatriya/psihiatr-na-dom/moskva/,Психиатрия,okrug,yes,moskva,okrug,tao,P1,"Технический каталог metro, okrug или mo убран из публичного URL."
Психиатр на дом — Балашиха,/uslugi/psihiatriya/psihiatr-na-dom/mo/balashiha/,/uslugi/psihiatriya/psihiatr-na-dom/moskovskaya-oblast/balashiha/,/uslugi/psihiatriya/psihiatr-na-dom/mo/,/uslugi/psihiatriya/psihiatr-na-dom/moskovskaya-oblast/,Психиатрия,city,yes,moskovskaya-oblast,mo,balashiha,P1,"Технический каталог metro, okrug или mo убран из публичного URL."
Психиатр на дом — Подольск,/uslugi/psihiatriya/psihiatr-na-dom/mo/podolsk/,/uslugi/psihiatriya/psihiatr-na-dom/moskovskaya-oblast/podolsk/,/uslugi/psihiatriya/psihiatr-na-dom/mo/,/uslugi/psihiatriya/psihiatr-na-dom/moskovskaya-oblast/,Психиатрия,city,yes,moskovskaya-oblast,mo,podolsk,P1,"Технический каталог metro, okrug или mo убран из публичного URL."
Психиатр на дом — Химки,/uslugi/psihiatriya/psihiatr-na-dom/mo/himki/,/uslugi/psihiatriya/psihiatr-na-dom/moskovskaya-oblast/himki/,/uslugi/psihiatriya/psihiatr-na-dom/mo/,/uslugi/psihiatriya/psihiatr-na-dom/moskovskaya-oblast/,Психиатрия,city,yes,moskovskaya-oblast,mo,himki,P1,"Технический каталог metro, okrug или mo убран из публичного URL."
Психиатр на дом — Мытищи,/uslugi/psihiatriya/psihiatr-na-dom/mo/mytishchi/,/uslugi/psihiatriya/psihiatr-na-dom/moskovskaya-oblast/mytishchi/,/uslugi/psihiatriya/psihiatr-na-dom/mo/,/uslugi/psihiatriya/psihiatr-na-dom/moskovskaya-oblast/,Психиатрия,city,yes,moskovskaya-oblast,mo,mytishchi,P1,"Технический каталог metro, okrug или mo убран из публичного URL."
Психиатр на дом — Королёв,/uslugi/psihiatriya/psihiatr-na-dom/mo/korolev/,/uslugi/psihiatriya/psihiatr-na-dom/moskovskaya-oblast/korolev/,/uslugi/psihiatriya/psihiatr-na-dom/mo/,/uslugi/psihiatriya/psihiatr-na-dom/moskovskaya-oblast/,Психиатрия,city,yes,moskovskaya-oblast,mo,korolev,P1,"Технический каталог metro, okrug или mo убран из публичного URL."
Психиатр на дом — Люберцы,/uslugi/psihiatriya/psihiatr-na-dom/mo/lyubertsy/,/uslugi/psihiatriya/psihiatr-na-dom/moskovskaya-oblast/lyubertsy/,/uslugi/psihiatriya/psihiatr-na-dom/mo/,/uslugi/psihiatriya/psihiatr-na-dom/moskovskaya-oblast/,Психиатрия,city,yes,moskovskaya-oblast,mo,lyubertsy,P1,"Технический каталог metro, okrug или mo убран из публичного URL."
Психиатр на дом — Красногорск,/uslugi/psihiatriya/psihiatr-na-dom/mo/krasnogorsk/,/uslugi/psihiatriya/psihiatr-na-dom/moskovskaya-oblast/krasnogorsk/,/uslugi/psihiatriya/psihiatr-na-dom/mo/,/uslugi/psihiatriya/psihiatr-na-dom/moskovskaya-oblast/,Психиатрия,city,yes,moskovskaya-oblast,mo,krasnogorsk,P1,"Технический каталог metro, okrug или mo убран из публичного URL."
Психиатр на дом — Электросталь,/uslugi/psihiatriya/psihiatr-na-dom/mo/elektrostal/,/uslugi/psihiatriya/psihiatr-na-dom/moskovskaya-oblast/elektrostal/,/uslugi/psihiatriya/psihiatr-na-dom/mo/,/uslugi/psihiatriya/psihiatr-na-dom/moskovskaya-oblast/,Психиатрия,city,yes,moskovskaya-oblast,mo,elektrostal,P1,"Технический каталог metro, okrug или mo убран из публичного URL."
Психиатр на дом — Коломна,/uslugi/psihiatriya/psihiatr-na-dom/mo/kolomna/,/uslugi/psihiatriya/psihiatr-na-dom/moskovskaya-oblast/kolomna/,/uslugi/psihiatriya/psihiatr-na-dom/mo/,/uslugi/psihiatriya/psihiatr-na-dom/moskovskaya-oblast/,Психиатрия,city,yes,moskovskaya-oblast,mo,kolomna,P1,"Технический каталог metro, okrug или mo убран из публичного URL."
Психиатр на дом — Одинцово,/uslugi/psihiatriya/psihiatr-na-dom/mo/odincovo/,/uslugi/psihiatriya/psihiatr-na-dom/moskovskaya-oblast/odincovo/,/uslugi/psihiatriya/psihiatr-na-dom/mo/,/uslugi/psihiatriya/psihiatr-na-dom/moskovskaya-oblast/,Психиатрия,city,yes,moskovskaya-oblast,mo,odincovo,P1,"Технический каталог metro, okrug или mo убран из публичного URL."
Психиатр на дом — Домодедово,/uslugi/psihiatriya/psihiatr-na-dom/mo/domodedovo/,/uslugi/psihiatriya/psihiatr-na-dom/moskovskaya-oblast/domodedovo/,/uslugi/psihiatriya/psihiatr-na-dom/mo/,/uslugi/psihiatriya/psihiatr-na-dom/moskovskaya-oblast/,Психиатрия,city,yes,moskovskaya-oblast,mo,domodedovo,P1,"Технический каталог metro, okrug или mo убран из публичного URL."
Психиатр на дом — Щёлково,/uslugi/psihiatriya/psihiatr-na-dom/mo/shchelkovo/,/uslugi/psihiatriya/psihiatr-na-dom/moskovskaya-oblast/shchelkovo/,/uslugi/psihiatriya/psihiatr-na-dom/mo/,/uslugi/psihiatriya/psihiatr-na-dom/moskovskaya-oblast/,Психиатрия,city,yes,moskovskaya-oblast,mo,shchelkovo,P1,"Технический каталог metro, okrug или mo убран из публичного URL."
Психиатр на дом — Серпухов,/uslugi/psihiatriya/psihiatr-na-dom/mo/serpuhov/,/uslugi/psihiatriya/psihiatr-na-dom/moskovskaya-oblast/serpuhov/,/uslugi/psihiatriya/psihiatr-na-dom/mo/,/uslugi/psihiatriya/psihiatr-na-dom/moskovskaya-oblast/,Психиатрия,city,yes,moskovskaya-oblast,mo,serpuhov,P1,"Технический каталог metro, okrug или mo убран из публичного URL."
Психиатр на дом — Раменское,/uslugi/psihiatriya/psihiatr-na-dom/mo/ramenskoe/,/uslugi/psihiatriya/psihiatr-na-dom/moskovskaya-oblast/ramenskoe/,/uslugi/psihiatriya/psihiatr-na-dom/mo/,/uslugi/psihiatriya/psihiatr-na-dom/moskovskaya-oblast/,Психиатрия,city,yes,moskovskaya-oblast,mo,ramenskoe,P1,"Технический каталог metro, okrug или mo убран из публичного URL."
Психиатр на дом — Долгопрудный,/uslugi/psihiatriya/psihiatr-na-dom/mo/dolgoprudnyj/,/uslugi/psihiatriya/psihiatr-na-dom/moskovskaya-oblast/dolgoprudnyj/,/uslugi/psihiatriya/psihiatr-na-dom/mo/,/uslugi/psihiatriya/psihiatr-na-dom/moskovskaya-oblast/,Психиатрия,city,yes,moskovskaya-oblast,mo,dolgoprudnyj,P1,"Технический каталог metro, okrug или mo убран из публичного URL."
Психиатр на дом — Пушкино,/uslugi/psihiatriya/psihiatr-na-dom/mo/pushkino/,/uslugi/psihiatriya/psihiatr-na-dom/moskovskaya-oblast/pushkino/,/uslugi/psihiatriya/psihiatr-na-dom/mo/,/uslugi/psihiatriya/psihiatr-na-dom/moskovskaya-oblast/,Психиатрия,city,yes,moskovskaya-oblast,mo,pushkino,P1,"Технический каталог metro, okrug или mo убран из публичного URL."
Психиатр на дом — Реутов,/uslugi/psihiatriya/psihiatr-na-dom/mo/reutov/,/uslugi/psihiatriya/psihiatr-na-dom/moskovskaya-oblast/reutov/,/uslugi/psihiatriya/psihiatr-na-dom/mo/,/uslugi/psihiatriya/psihiatr-na-dom/moskovskaya-oblast/,Психиатрия,city,yes,moskovskaya-oblast,mo,reutov,P1,"Технический каталог metro, okrug или mo убран из публичного URL."
Психиатр на дом — Жуковский,/uslugi/psihiatriya/psihiatr-na-dom/mo/zhukovskij/,/uslugi/psihiatriya/psihiatr-na-dom/moskovskaya-oblast/zhukovskij/,/uslugi/psihiatriya/psihiatr-na-dom/mo/,/uslugi/psihiatriya/psihiatr-na-dom/moskovskaya-oblast/,Психиатрия,city,yes,moskovskaya-oblast,mo,zhukovskij,P1,"Технический каталог metro, okrug или mo убран из публичного URL."
Психиатр на дом — Ногинск,/uslugi/psihiatriya/psihiatr-na-dom/mo/noginsk/,/uslugi/psihiatriya/psihiatr-na-dom/moskovskaya-oblast/noginsk/,/uslugi/psihiatriya/psihiatr-na-dom/mo/,/uslugi/psihiatriya/psihiatr-na-dom/moskovskaya-oblast/,Психиатрия,city,yes,moskovskaya-oblast,mo,noginsk,P1,"Технический каталог metro, okrug или mo убран из публичного URL."
Психиатр на дом — Сергиев Посад,/uslugi/psihiatriya/psihiatr-na-dom/mo/sergiev-posad/,/uslugi/psihiatriya/psihiatr-na-dom/moskovskaya-oblast/sergiev-posad/,/uslugi/psihiatriya/psihiatr-na-dom/mo/,/uslugi/psihiatriya/psihiatr-na-dom/moskovskaya-oblast/,Психиатрия,city,yes,moskovskaya-oblast,mo,sergiev-posad,P1,"Технический каталог metro, okrug или mo убран из публичного URL."
Психиатр на дом — Воскресенск,/uslugi/psihiatriya/psihiatr-na-dom/mo/voskresensk/,/uslugi/psihiatriya/psihiatr-na-dom/moskovskaya-oblast/voskresensk/,/uslugi/psihiatriya/psihiatr-na-dom/mo/,/uslugi/psihiatriya/psihiatr-na-dom/moskovskaya-oblast/,Психиатрия,city,yes,moskovskaya-oblast,mo,voskresensk,P1,"Технический каталог metro, okrug или mo убран из публичного URL."
Психиатр на дом — Орехово-Зуево,/uslugi/psihiatriya/psihiatr-na-dom/mo/orehovo-zuevo/,/uslugi/psihiatriya/psihiatr-na-dom/moskovskaya-oblast/orehovo-zuevo/,/uslugi/psihiatriya/psihiatr-na-dom/mo/,/uslugi/psihiatriya/psihiatr-na-dom/moskovskaya-oblast/,Психиатрия,city,yes,moskovskaya-oblast,mo,orehovo-zuevo,P1,"Технический каталог metro, okrug или mo убран из публичного URL."
Психиатр на дом — Павловский Посад,/uslugi/psihiatriya/psihiatr-na-dom/mo/pavlovskij-posad/,/uslugi/psihiatriya/psihiatr-na-dom/moskovskaya-oblast/pavlovskij-posad/,/uslugi/psihiatriya/psihiatr-na-dom/mo/,/uslugi/psihiatriya/psihiatr-na-dom/moskovskaya-oblast/,Психиатрия,city,yes,moskovskaya-oblast,mo,pavlovskij-posad,P1,"Технический каталог metro, okrug или mo убран из публичного URL."
Психиатр на дом — Лобня,/uslugi/psihiatriya/psihiatr-na-dom/mo/lobnya/,/uslugi/psihiatriya/psihiatr-na-dom/moskovskaya-oblast/lobnya/,/uslugi/psihiatriya/psihiatr-na-dom/mo/,/uslugi/psihiatriya/psihiatr-na-dom/moskovskaya-oblast/,Психиатрия,city,yes,moskovskaya-oblast,mo,lobnya,P1,"Технический каталог metro, okrug или mo убран из публичного URL."
Психиатр на дом — Ивантеевка,/uslugi/psihiatriya/psihiatr-na-dom/mo/ivanteevka/,/uslugi/psihiatriya/psihiatr-na-dom/moskovskaya-oblast/ivanteevka/,/uslugi/psihiatriya/psihiatr-na-dom/mo/,/uslugi/psihiatriya/psihiatr-na-dom/moskovskaya-oblast/,Психиатрия,city,yes,moskovskaya-oblast,mo,ivanteevka,P1,"Технический каталог metro, okrug или mo убран из публичного URL."
Психиатр на дом — Клин,/uslugi/psihiatriya/psihiatr-na-dom/mo/klin/,/uslugi/psihiatriya/psihiatr-na-dom/moskovskaya-oblast/klin/,/uslugi/psihiatriya/psihiatr-na-dom/mo/,/uslugi/psihiatriya/psihiatr-na-dom/moskovskaya-oblast/,Психиатрия,city,yes,moskovskaya-oblast,mo,klin,P1,"Технический каталог metro, okrug или mo убран из публичного URL."
Психиатр на дом — Егорьевск,/uslugi/psihiatriya/psihiatr-na-dom/mo/egorevsk/,/uslugi/psihiatriya/psihiatr-na-dom/moskovskaya-oblast/egorevsk/,/uslugi/psihiatriya/psihiatr-na-dom/mo/,/uslugi/psihiatriya/psihiatr-na-dom/moskovskaya-oblast/,Психиатрия,city,yes,moskovskaya-oblast,mo,egorevsk,P1,"Технический каталог metro, okrug или mo убран из публичного URL."
Психиатр на дом — Дмитров,/uslugi/psihiatriya/psihiatr-na-dom/mo/dmitrov/,/uslugi/psihiatriya/psihiatr-na-dom/moskovskaya-oblast/dmitrov/,/uslugi/psihiatriya/psihiatr-na-dom/mo/,/uslugi/psihiatriya/psihiatr-na-dom/moskovskaya-oblast/,Психиатрия,city,yes,moskovskaya-oblast,mo,dmitrov,P1,"Технический каталог metro, okrug или mo убран из публичного URL."
Психиатр на дом — Чехов,/uslugi/psihiatriya/psihiatr-na-dom/mo/chehov/,/uslugi/psihiatriya/psihiatr-na-dom/moskovskaya-oblast/chehov/,/uslugi/psihiatriya/psihiatr-na-dom/mo/,/uslugi/psihiatriya/psihiatr-na-dom/moskovskaya-oblast/,Психиатрия,city,yes,moskovskaya-oblast,mo,chehov,P1,"Технический каталог metro, okrug или mo убран из публичного URL."
Психиатр на дом — Наро-Фоминск,/uslugi/psihiatriya/psihiatr-na-dom/mo/naro-fominsk/,/uslugi/psihiatriya/psihiatr-na-dom/moskovskaya-oblast/naro-fominsk/,/uslugi/psihiatriya/psihiatr-na-dom/mo/,/uslugi/psihiatriya/psihiatr-na-dom/moskovskaya-oblast/,Психиатрия,city,yes,moskovskaya-oblast,mo,naro-fominsk,P1,"Технический каталог metro, okrug или mo убран из публичного URL."
Психиатр на дом — Ступино,/uslugi/psihiatriya/psihiatr-na-dom/mo/stupino/,/uslugi/psihiatriya/psihiatr-na-dom/moskovskaya-oblast/stupino/,/uslugi/psihiatriya/psihiatr-na-dom/mo/,/uslugi/psihiatriya/psihiatr-na-dom/moskovskaya-oblast/,Психиатрия,city,yes,moskovskaya-oblast,mo,stupino,P1,"Технический каталог metro, okrug или mo убран из публичного URL."
Психиатр на дом — Видное,/uslugi/psihiatriya/psihiatr-na-dom/mo/vidnoe/,/uslugi/psihiatriya/psihiatr-na-dom/moskovskaya-oblast/vidnoe/,/uslugi/psihiatriya/psihiatr-na-dom/mo/,/uslugi/psihiatriya/psihiatr-na-dom/moskovskaya-oblast/,Психиатрия,city,yes,moskovskaya-oblast,mo,vidnoe,P1,"Технический каталог metro, okrug или mo убран из публичного URL."
Психиатр на дом — Фрязино,/uslugi/psihiatriya/psihiatr-na-dom/mo/fryazino/,/uslugi/psihiatriya/psihiatr-na-dom/moskovskaya-oblast/fryazino/,/uslugi/psihiatriya/psihiatr-na-dom/mo/,/uslugi/psihiatriya/psihiatr-na-dom/moskovskaya-oblast/,Психиатрия,city,yes,moskovskaya-oblast,mo,fryazino,P1,"Технический каталог metro, okrug или mo убран из публичного URL."
Психиатр на дом — Лыткарино,/uslugi/psihiatriya/psihiatr-na-dom/mo/lytkarino/,/uslugi/psihiatriya/psihiatr-na-dom/moskovskaya-oblast/lytkarino/,/uslugi/psihiatriya/psihiatr-na-dom/mo/,/uslugi/psihiatriya/psihiatr-na-dom/moskovskaya-oblast/,Психиатрия,city,yes,moskovskaya-oblast,mo,lytkarino,P1,"Технический каталог metro, okrug или mo убран из публичного URL."
Психиатр на дом — Дзержинский,/uslugi/psihiatriya/psihiatr-na-dom/mo/dzerzhinskij/,/uslugi/psihiatriya/psihiatr-na-dom/moskovskaya-oblast/dzerzhinskij/,/uslugi/psihiatriya/psihiatr-na-dom/mo/,/uslugi/psihiatriya/psihiatr-na-dom/moskovskaya-oblast/,Психиатрия,city,yes,moskovskaya-oblast,mo,dzerzhinskij,P1,"Технический каталог metro, okrug или mo убран из публичного URL."
Психиатр на дом — Котельники,/uslugi/psihiatriya/psihiatr-na-dom/mo/kotelniki/,/uslugi/psihiatriya/psihiatr-na-dom/moskovskaya-oblast/kotelniki/,/uslugi/psihiatriya/psihiatr-na-dom/mo/,/uslugi/psihiatriya/psihiatr-na-dom/moskovskaya-oblast/,Психиатрия,city,yes,moskovskaya-oblast,mo,kotelniki,P1,"Технический каталог metro, okrug или mo убран из публичного URL."
Психиатр на дом — Истра,/uslugi/psihiatriya/psihiatr-na-dom/mo/istra/,/uslugi/psihiatriya/psihiatr-na-dom/moskovskaya-oblast/istra/,/uslugi/psihiatriya/psihiatr-na-dom/mo/,/uslugi/psihiatriya/psihiatr-na-dom/moskovskaya-oblast/,Психиатрия,city,yes,moskovskaya-oblast,mo,istra,P1,"Технический каталог metro, okrug или mo убран из публичного URL."
Психиатр на дом — Дедовск,/uslugi/psihiatriya/psihiatr-na-dom/mo/dedovsk/,/uslugi/psihiatriya/psihiatr-na-dom/moskovskaya-oblast/dedovsk/,/uslugi/psihiatriya/psihiatr-na-dom/mo/,/uslugi/psihiatriya/psihiatr-na-dom/moskovskaya-oblast/,Психиатрия,city,yes,moskovskaya-oblast,mo,dedovsk,P1,"Технический каталог metro, okrug или mo убран из публичного URL."
Психиатр на дом — Солнечногорск,/uslugi/psihiatriya/psihiatr-na-dom/mo/solnechnogorsk/,/uslugi/psihiatriya/psihiatr-na-dom/moskovskaya-oblast/solnechnogorsk/,/uslugi/psihiatriya/psihiatr-na-dom/mo/,/uslugi/psihiatriya/psihiatr-na-dom/moskovskaya-oblast/,Психиатрия,city,yes,moskovskaya-oblast,mo,solnechnogorsk,P1,"Технический каталог metro, okrug или mo убран из публичного URL."
Психиатр на дом — Апрелевка,/uslugi/psihiatriya/psihiatr-na-dom/mo/aprelevka/,/uslugi/psihiatriya/psihiatr-na-dom/moskovskaya-oblast/aprelevka/,/uslugi/psihiatriya/psihiatr-na-dom/mo/,/uslugi/psihiatriya/psihiatr-na-dom/moskovskaya-oblast/,Психиатрия,city,yes,moskovskaya-oblast,mo,aprelevka,P1,"Технический каталог metro, okrug или mo убран из публичного URL."
Психиатр на дом — Кубинка,/uslugi/psihiatriya/psihiatr-na-dom/mo/kubinka/,/uslugi/psihiatriya/psihiatr-na-dom/moskovskaya-oblast/kubinka/,/uslugi/psihiatriya/psihiatr-na-dom/mo/,/uslugi/psihiatriya/psihiatr-na-dom/moskovskaya-oblast/,Психиатрия,city,yes,moskovskaya-oblast,mo,kubinka,P1,"Технический каталог metro, okrug или mo убран из публичного URL."
Психиатр на дом — Руза,/uslugi/psihiatriya/psihiatr-na-dom/mo/ruza/,/uslugi/psihiatriya/psihiatr-na-dom/moskovskaya-oblast/ruza/,/uslugi/psihiatriya/psihiatr-na-dom/mo/,/uslugi/psihiatriya/psihiatr-na-dom/moskovskaya-oblast/,Психиатрия,city,yes,moskovskaya-oblast,mo,ruza,P1,"Технический каталог metro, okrug или mo убран из публичного URL."
Психиатр на дом — Звенигород,/uslugi/psihiatriya/psihiatr-na-dom/mo/zvenigorod/,/uslugi/psihiatriya/psihiatr-na-dom/moskovskaya-oblast/zvenigorod/,/uslugi/psihiatriya/psihiatr-na-dom/mo/,/uslugi/psihiatriya/psihiatr-na-dom/moskovskaya-oblast/,Психиатрия,city,yes,moskovskaya-oblast,mo,zvenigorod,P1,"Технический каталог metro, okrug или mo убран из публичного URL."
Психиатр на дом — Можайск,/uslugi/psihiatriya/psihiatr-na-dom/mo/mozhajsk/,/uslugi/psihiatriya/psihiatr-na-dom/moskovskaya-oblast/mozhajsk/,/uslugi/psihiatriya/psihiatr-na-dom/mo/,/uslugi/psihiatriya/psihiatr-na-dom/moskovskaya-oblast/,Психиатрия,city,yes,moskovskaya-oblast,mo,mozhajsk,P1,"Технический каталог metro, okrug или mo убран из публичного URL."
Психиатр на дом — Луховицы,/uslugi/psihiatriya/psihiatr-na-dom/mo/luhovicy/,/uslugi/psihiatriya/psihiatr-na-dom/moskovskaya-oblast/luhovicy/,/uslugi/psihiatriya/psihiatr-na-dom/mo/,/uslugi/psihiatriya/psihiatr-na-dom/moskovskaya-oblast/,Психиатрия,city,yes,moskovskaya-oblast,mo,luhovicy,P1,"Технический каталог metro, okrug или mo убран из публичного URL."
Психиатр на дом — Кашира,/uslugi/psihiatriya/psihiatr-na-dom/mo/kashira/,/uslugi/psihiatriya/psihiatr-na-dom/moskovskaya-oblast/kashira/,/uslugi/psihiatriya/psihiatr-na-dom/mo/,/uslugi/psihiatriya/psihiatr-na-dom/moskovskaya-oblast/,Психиатрия,city,yes,moskovskaya-oblast,mo,kashira,P1,"Технический каталог metro, okrug или mo убран из публичного URL."
Психиатр на дом — Протвино,/uslugi/psihiatriya/psihiatr-na-dom/mo/protvino/,/uslugi/psihiatriya/psihiatr-na-dom/moskovskaya-oblast/protvino/,/uslugi/psihiatriya/psihiatr-na-dom/mo/,/uslugi/psihiatriya/psihiatr-na-dom/moskovskaya-oblast/,Психиатрия,city,yes,moskovskaya-oblast,mo,protvino,P1,"Технический каталог metro, okrug или mo убран из публичного URL."
Психиатр на дом — Дубна,/uslugi/psihiatriya/psihiatr-na-dom/mo/dubna/,/uslugi/psihiatriya/psihiatr-na-dom/moskovskaya-oblast/dubna/,/uslugi/psihiatriya/psihiatr-na-dom/mo/,/uslugi/psihiatriya/psihiatr-na-dom/moskovskaya-oblast/,Психиатрия,city,yes,moskovskaya-oblast,mo,dubna,P1,"Технический каталог metro, okrug или mo убран из публичного URL."
Психиатр на дом — Черноголовка,/uslugi/psihiatriya/psihiatr-na-dom/mo/chernogolovka/,/uslugi/psihiatriya/psihiatr-na-dom/moskovskaya-oblast/chernogolovka/,/uslugi/psihiatriya/psihiatr-na-dom/mo/,/uslugi/psihiatriya/psihiatr-na-dom/moskovskaya-oblast/,Психиатрия,city,yes,moskovskaya-oblast,mo,chernogolovka,P1,"Технический каталог metro, okrug или mo убран из публичного URL."
Психиатр на дом — Волоколамск,/uslugi/psihiatriya/psihiatr-na-dom/mo/volokolamsk/,/uslugi/psihiatriya/psihiatr-na-dom/moskovskaya-oblast/volokolamsk/,/uslugi/psihiatriya/psihiatr-na-dom/mo/,/uslugi/psihiatriya/psihiatr-na-dom/moskovskaya-oblast/,Психиатрия,city,yes,moskovskaya-oblast,mo,volokolamsk,P1,"Технический каталог metro, okrug или mo убран из публичного URL."
Лечение алкоголизма на дому — Балашиха,/uslugi/lechenie-alkogolizma/mo/balashiha/,/uslugi/lechenie-alkogolizma/na-domu/moskovskaya-oblast/balashiha/,/uslugi/lechenie-alkogolizma/mo/,/uslugi/lechenie-alkogolizma/na-domu/moskovskaya-oblast/,Лечение алкоголизма,city,yes,moskovskaya-oblast,mo,balashiha,P1,"Технический каталог metro, okrug или mo убран из публичного URL."
Лечение алкоголизма на дому — Подольск,/uslugi/lechenie-alkogolizma/mo/podolsk/,/uslugi/lechenie-alkogolizma/na-domu/moskovskaya-oblast/podolsk/,/uslugi/lechenie-alkogolizma/mo/,/uslugi/lechenie-alkogolizma/na-domu/moskovskaya-oblast/,Лечение алкоголизма,city,yes,moskovskaya-oblast,mo,podolsk,P1,"Технический каталог metro, okrug или mo убран из публичного URL."
Лечение алкоголизма на дому — Химки,/uslugi/lechenie-alkogolizma/mo/himki/,/uslugi/lechenie-alkogolizma/na-domu/moskovskaya-oblast/himki/,/uslugi/lechenie-alkogolizma/mo/,/uslugi/lechenie-alkogolizma/na-domu/moskovskaya-oblast/,Лечение алкоголизма,city,yes,moskovskaya-oblast,mo,himki,P1,"Технический каталог metro, okrug или mo убран из публичного URL."
Лечение алкоголизма на дому — Мытищи,/uslugi/lechenie-alkogolizma/mo/mytishchi/,/uslugi/lechenie-alkogolizma/na-domu/moskovskaya-oblast/mytishchi/,/uslugi/lechenie-alkogolizma/mo/,/uslugi/lechenie-alkogolizma/na-domu/moskovskaya-oblast/,Лечение алкоголизма,city,yes,moskovskaya-oblast,mo,mytishchi,P1,"Технический каталог metro, okrug или mo убран из публичного URL."
Лечение алкоголизма на дому — Королёв,/uslugi/lechenie-alkogolizma/mo/korolev/,/uslugi/lechenie-alkogolizma/na-domu/moskovskaya-oblast/korolev/,/uslugi/lechenie-alkogolizma/mo/,/uslugi/lechenie-alkogolizma/na-domu/moskovskaya-oblast/,Лечение алкоголизма,city,yes,moskovskaya-oblast,mo,korolev,P1,"Технический каталог metro, okrug или mo убран из публичного URL."
Лечение алкоголизма на дому — Люберцы,/uslugi/lechenie-alkogolizma/mo/lyubertsy/,/uslugi/lechenie-alkogolizma/na-domu/moskovskaya-oblast/lyubertsy/,/uslugi/lechenie-alkogolizma/mo/,/uslugi/lechenie-alkogolizma/na-domu/moskovskaya-oblast/,Лечение алкоголизма,city,yes,moskovskaya-oblast,mo,lyubertsy,P1,"Технический каталог metro, okrug или mo убран из публичного URL."
Лечение алкоголизма на дому — Красногорск,/uslugi/lechenie-alkogolizma/mo/krasnogorsk/,/uslugi/lechenie-alkogolizma/na-domu/moskovskaya-oblast/krasnogorsk/,/uslugi/lechenie-alkogolizma/mo/,/uslugi/lechenie-alkogolizma/na-domu/moskovskaya-oblast/,Лечение алкоголизма,city,yes,moskovskaya-oblast,mo,krasnogorsk,P1,"Технический каталог metro, okrug или mo убран из публичного URL."
Лечение алкоголизма на дому — Электросталь,/uslugi/lechenie-alkogolizma/mo/elektrostal/,/uslugi/lechenie-alkogolizma/na-domu/moskovskaya-oblast/elektrostal/,/uslugi/lechenie-alkogolizma/mo/,/uslugi/lechenie-alkogolizma/na-domu/moskovskaya-oblast/,Лечение алкоголизма,city,yes,moskovskaya-oblast,mo,elektrostal,P1,"Технический каталог metro, okrug или mo убран из публичного URL."
Лечение алкоголизма на дому — Коломна,/uslugi/lechenie-alkogolizma/mo/kolomna/,/uslugi/lechenie-alkogolizma/na-domu/moskovskaya-oblast/kolomna/,/uslugi/lechenie-alkogolizma/mo/,/uslugi/lechenie-alkogolizma/na-domu/moskovskaya-oblast/,Лечение алкоголизма,city,yes,moskovskaya-oblast,mo,kolomna,P1,"Технический каталог metro, okrug или mo убран из публичного URL."
Лечение алкоголизма на дому — Одинцово,/uslugi/lechenie-alkogolizma/mo/odincovo/,/uslugi/lechenie-alkogolizma/na-domu/moskovskaya-oblast/odincovo/,/uslugi/lechenie-alkogolizma/mo/,/uslugi/lechenie-alkogolizma/na-domu/moskovskaya-oblast/,Лечение алкоголизма,city,yes,moskovskaya-oblast,mo,odincovo,P1,"Технический каталог metro, okrug или mo убран из публичного URL."
Лечение алкоголизма на дому — Домодедово,/uslugi/lechenie-alkogolizma/mo/domodedovo/,/uslugi/lechenie-alkogolizma/na-domu/moskovskaya-oblast/domodedovo/,/uslugi/lechenie-alkogolizma/mo/,/uslugi/lechenie-alkogolizma/na-domu/moskovskaya-oblast/,Лечение алкоголизма,city,yes,moskovskaya-oblast,mo,domodedovo,P1,"Технический каталог metro, okrug или mo убран из публичного URL."
Лечение алкоголизма на дому — Щёлково,/uslugi/lechenie-alkogolizma/mo/shchelkovo/,/uslugi/lechenie-alkogolizma/na-domu/moskovskaya-oblast/shchelkovo/,/uslugi/lechenie-alkogolizma/mo/,/uslugi/lechenie-alkogolizma/na-domu/moskovskaya-oblast/,Лечение алкоголизма,city,yes,moskovskaya-oblast,mo,shchelkovo,P1,"Технический каталог metro, okrug или mo убран из публичного URL."
Лечение алкоголизма на дому — Серпухов,/uslugi/lechenie-alkogolizma/mo/serpuhov/,/uslugi/lechenie-alkogolizma/na-domu/moskovskaya-oblast/serpuhov/,/uslugi/lechenie-alkogolizma/mo/,/uslugi/lechenie-alkogolizma/na-domu/moskovskaya-oblast/,Лечение алкоголизма,city,yes,moskovskaya-oblast,mo,serpuhov,P1,"Технический каталог metro, okrug или mo убран из публичного URL."
Лечение алкоголизма на дому — Раменское,/uslugi/lechenie-alkogolizma/mo/ramenskoe/,/uslugi/lechenie-alkogolizma/na-domu/moskovskaya-oblast/ramenskoe/,/uslugi/lechenie-alkogolizma/mo/,/uslugi/lechenie-alkogolizma/na-domu/moskovskaya-oblast/,Лечение алкоголизма,city,yes,moskovskaya-oblast,mo,ramenskoe,P1,"Технический каталог metro, okrug или mo убран из публичного URL."
Лечение алкоголизма на дому — Долгопрудный,/uslugi/lechenie-alkogolizma/mo/dolgoprudnyj/,/uslugi/lechenie-alkogolizma/na-domu/moskovskaya-oblast/dolgoprudnyj/,/uslugi/lechenie-alkogolizma/mo/,/uslugi/lechenie-alkogolizma/na-domu/moskovskaya-oblast/,Лечение алкоголизма,city,yes,moskovskaya-oblast,mo,dolgoprudnyj,P1,"Технический каталог metro, okrug или mo убран из публичного URL."
Лечение алкоголизма на дому — Пушкино,/uslugi/lechenie-alkogolizma/mo/pushkino/,/uslugi/lechenie-alkogolizma/na-domu/moskovskaya-oblast/pushkino/,/uslugi/lechenie-alkogolizma/mo/,/uslugi/lechenie-alkogolizma/na-domu/moskovskaya-oblast/,Лечение алкоголизма,city,yes,moskovskaya-oblast,mo,pushkino,P1,"Технический каталог metro, okrug или mo убран из публичного URL."
Лечение алкоголизма на дому — Реутов,/uslugi/lechenie-alkogolizma/mo/reutov/,/uslugi/lechenie-alkogolizma/na-domu/moskovskaya-oblast/reutov/,/uslugi/lechenie-alkogolizma/mo/,/uslugi/lechenie-alkogolizma/na-domu/moskovskaya-oblast/,Лечение алкоголизма,city,yes,moskovskaya-oblast,mo,reutov,P1,"Технический каталог metro, okrug или mo убран из публичного URL."
Лечение алкоголизма на дому — Жуковский,/uslugi/lechenie-alkogolizma/mo/zhukovskij/,/uslugi/lechenie-alkogolizma/na-domu/moskovskaya-oblast/zhukovskij/,/uslugi/lechenie-alkogolizma/mo/,/uslugi/lechenie-alkogolizma/na-domu/moskovskaya-oblast/,Лечение алкоголизма,city,yes,moskovskaya-oblast,mo,zhukovskij,P1,"Технический каталог metro, okrug или mo убран из публичного URL."
Лечение алкоголизма на дому — Ногинск,/uslugi/lechenie-alkogolizma/mo/noginsk/,/uslugi/lechenie-alkogolizma/na-domu/moskovskaya-oblast/noginsk/,/uslugi/lechenie-alkogolizma/mo/,/uslugi/lechenie-alkogolizma/na-domu/moskovskaya-oblast/,Лечение алкоголизма,city,yes,moskovskaya-oblast,mo,noginsk,P1,"Технический каталог metro, okrug или mo убран из публичного URL."
Лечение алкоголизма на дому — Сергиев Посад,/uslugi/lechenie-alkogolizma/mo/sergiev-posad/,/uslugi/lechenie-alkogolizma/na-domu/moskovskaya-oblast/sergiev-posad/,/uslugi/lechenie-alkogolizma/mo/,/uslugi/lechenie-alkogolizma/na-domu/moskovskaya-oblast/,Лечение алкоголизма,city,yes,moskovskaya-oblast,mo,sergiev-posad,P1,"Технический каталог metro, okrug или mo убран из публичного URL."
Лечение алкоголизма на дому — Воскресенск,/uslugi/lechenie-alkogolizma/mo/voskresensk/,/uslugi/lechenie-alkogolizma/na-domu/moskovskaya-oblast/voskresensk/,/uslugi/lechenie-alkogolizma/mo/,/uslugi/lechenie-alkogolizma/na-domu/moskovskaya-oblast/,Лечение алкоголизма,city,yes,moskovskaya-oblast,mo,voskresensk,P1,"Технический каталог metro, okrug или mo убран из публичного URL."
Лечение алкоголизма на дому — Орехово-Зуево,/uslugi/lechenie-alkogolizma/mo/orehovo-zuevo/,/uslugi/lechenie-alkogolizma/na-domu/moskovskaya-oblast/orehovo-zuevo/,/uslugi/lechenie-alkogolizma/mo/,/uslugi/lechenie-alkogolizma/na-domu/moskovskaya-oblast/,Лечение алкоголизма,city,yes,moskovskaya-oblast,mo,orehovo-zuevo,P1,"Технический каталог metro, okrug или mo убран из публичного URL."
Лечение алкоголизма на дому — Павловский Посад,/uslugi/lechenie-alkogolizma/mo/pavlovskij-posad/,/uslugi/lechenie-alkogolizma/na-domu/moskovskaya-oblast/pavlovskij-posad/,/uslugi/lechenie-alkogolizma/mo/,/uslugi/lechenie-alkogolizma/na-domu/moskovskaya-oblast/,Лечение алкоголизма,city,yes,moskovskaya-oblast,mo,pavlovskij-posad,P1,"Технический каталог metro, okrug или mo убран из публичного URL."
Лечение алкоголизма на дому — Лобня,/uslugi/lechenie-alkogolizma/mo/lobnya/,/uslugi/lechenie-alkogolizma/na-domu/moskovskaya-oblast/lobnya/,/uslugi/lechenie-alkogolizma/mo/,/uslugi/lechenie-alkogolizma/na-domu/moskovskaya-oblast/,Лечение алкоголизма,city,yes,moskovskaya-oblast,mo,lobnya,P1,"Технический каталог metro, okrug или mo убран из публичного URL."
Лечение алкоголизма на дому — Ивантеевка,/uslugi/lechenie-alkogolizma/mo/ivanteevka/,/uslugi/lechenie-alkogolizma/na-domu/moskovskaya-oblast/ivanteevka/,/uslugi/lechenie-alkogolizma/mo/,/uslugi/lechenie-alkogolizma/na-domu/moskovskaya-oblast/,Лечение алкоголизма,city,yes,moskovskaya-oblast,mo,ivanteevka,P1,"Технический каталог metro, okrug или mo убран из публичного URL."
Лечение алкоголизма на дому — Клин,/uslugi/lechenie-alkogolizma/mo/klin/,/uslugi/lechenie-alkogolizma/na-domu/moskovskaya-oblast/klin/,/uslugi/lechenie-alkogolizma/mo/,/uslugi/lechenie-alkogolizma/na-domu/moskovskaya-oblast/,Лечение алкоголизма,city,yes,moskovskaya-oblast,mo,klin,P1,"Технический каталог metro, okrug или mo убран из публичного URL."
Лечение алкоголизма на дому — Егорьевск,/uslugi/lechenie-alkogolizma/mo/egorevsk/,/uslugi/lechenie-alkogolizma/na-domu/moskovskaya-oblast/egorevsk/,/uslugi/lechenie-alkogolizma/mo/,/uslugi/lechenie-alkogolizma/na-domu/moskovskaya-oblast/,Лечение алкоголизма,city,yes,moskovskaya-oblast,mo,egorevsk,P1,"Технический каталог metro, okrug или mo убран из публичного URL."
Лечение алкоголизма на дому — Дмитров,/uslugi/lechenie-alkogolizma/mo/dmitrov/,/uslugi/lechenie-alkogolizma/na-domu/moskovskaya-oblast/dmitrov/,/uslugi/lechenie-alkogolizma/mo/,/uslugi/lechenie-alkogolizma/na-domu/moskovskaya-oblast/,Лечение алкоголизма,city,yes,moskovskaya-oblast,mo,dmitrov,P1,"Технический каталог metro, okrug или mo убран из публичного URL."
Лечение алкоголизма на дому — Чехов,/uslugi/lechenie-alkogolizma/mo/chehov/,/uslugi/lechenie-alkogolizma/na-domu/moskovskaya-oblast/chehov/,/uslugi/lechenie-alkogolizma/mo/,/uslugi/lechenie-alkogolizma/na-domu/moskovskaya-oblast/,Лечение алкоголизма,city,yes,moskovskaya-oblast,mo,chehov,P1,"Технический каталог metro, okrug или mo убран из публичного URL."
Лечение алкоголизма на дому — Наро-Фоминск,/uslugi/lechenie-alkogolizma/mo/naro-fominsk/,/uslugi/lechenie-alkogolizma/na-domu/moskovskaya-oblast/naro-fominsk/,/uslugi/lechenie-alkogolizma/mo/,/uslugi/lechenie-alkogolizma/na-domu/moskovskaya-oblast/,Лечение алкоголизма,city,yes,moskovskaya-oblast,mo,naro-fominsk,P1,"Технический каталог metro, okrug или mo убран из публичного URL."
Лечение наркомании — Балашиха,/uslugi/lechenie-narkomanii/mo/balashiha/,/uslugi/lechenie-narkomanii/moskovskaya-oblast/balashiha/,/uslugi/lechenie-narkomanii/mo/,/uslugi/lechenie-narkomanii/moskovskaya-oblast/,Лечение наркомании,city,yes,moskovskaya-oblast,mo,balashiha,P1,"Технический каталог metro, okrug или mo убран из публичного URL."
Лечение наркомании — Подольск,/uslugi/lechenie-narkomanii/mo/podolsk/,/uslugi/lechenie-narkomanii/moskovskaya-oblast/podolsk/,/uslugi/lechenie-narkomanii/mo/,/uslugi/lechenie-narkomanii/moskovskaya-oblast/,Лечение наркомании,city,yes,moskovskaya-oblast,mo,podolsk,P1,"Технический каталог metro, okrug или mo убран из публичного URL."
Лечение наркомании — Химки,/uslugi/lechenie-narkomanii/mo/himki/,/uslugi/lechenie-narkomanii/moskovskaya-oblast/himki/,/uslugi/lechenie-narkomanii/mo/,/uslugi/lechenie-narkomanii/moskovskaya-oblast/,Лечение наркомании,city,yes,moskovskaya-oblast,mo,himki,P1,"Технический каталог metro, okrug или mo убран из публичного URL."
Лечение наркомании — Мытищи,/uslugi/lechenie-narkomanii/mo/mytishchi/,/uslugi/lechenie-narkomanii/moskovskaya-oblast/mytishchi/,/uslugi/lechenie-narkomanii/mo/,/uslugi/lechenie-narkomanii/moskovskaya-oblast/,Лечение наркомании,city,yes,moskovskaya-oblast,mo,mytishchi,P1,"Технический каталог metro, okrug или mo убран из публичного URL."
Лечение наркомании — Королёв,/uslugi/lechenie-narkomanii/mo/korolev/,/uslugi/lechenie-narkomanii/moskovskaya-oblast/korolev/,/uslugi/lechenie-narkomanii/mo/,/uslugi/lechenie-narkomanii/moskovskaya-oblast/,Лечение наркомании,city,yes,moskovskaya-oblast,mo,korolev,P1,"Технический каталог metro, okrug или mo убран из публичного URL."
Лечение наркомании — Люберцы,/uslugi/lechenie-narkomanii/mo/lyubertsy/,/uslugi/lechenie-narkomanii/moskovskaya-oblast/lyubertsy/,/uslugi/lechenie-narkomanii/mo/,/uslugi/lechenie-narkomanii/moskovskaya-oblast/,Лечение наркомании,city,yes,moskovskaya-oblast,mo,lyubertsy,P1,"Технический каталог metro, okrug или mo убран из публичного URL."
Лечение наркомании — Красногорск,/uslugi/lechenie-narkomanii/mo/krasnogorsk/,/uslugi/lechenie-narkomanii/moskovskaya-oblast/krasnogorsk/,/uslugi/lechenie-narkomanii/mo/,/uslugi/lechenie-narkomanii/moskovskaya-oblast/,Лечение наркомании,city,yes,moskovskaya-oblast,mo,krasnogorsk,P1,"Технический каталог metro, okrug или mo убран из публичного URL."
Лечение наркомании — Электросталь,/uslugi/lechenie-narkomanii/mo/elektrostal/,/uslugi/lechenie-narkomanii/moskovskaya-oblast/elektrostal/,/uslugi/lechenie-narkomanii/mo/,/uslugi/lechenie-narkomanii/moskovskaya-oblast/,Лечение наркомании,city,yes,moskovskaya-oblast,mo,elektrostal,P1,"Технический каталог metro, okrug или mo убран из публичного URL."
Лечение наркомании — Коломна,/uslugi/lechenie-narkomanii/mo/kolomna/,/uslugi/lechenie-narkomanii/moskovskaya-oblast/kolomna/,/uslugi/lechenie-narkomanii/mo/,/uslugi/lechenie-narkomanii/moskovskaya-oblast/,Лечение наркомании,city,yes,moskovskaya-oblast,mo,kolomna,P1,"Технический каталог metro, okrug или mo убран из публичного URL."
Лечение наркомании — Одинцово,/uslugi/lechenie-narkomanii/mo/odincovo/,/uslugi/lechenie-narkomanii/moskovskaya-oblast/odincovo/,/uslugi/lechenie-narkomanii/mo/,/uslugi/lechenie-narkomanii/moskovskaya-oblast/,Лечение наркомании,city,yes,moskovskaya-oblast,mo,odincovo,P1,"Технический каталог metro, okrug или mo убран из публичного URL."
Лечение наркомании — Домодедово,/uslugi/lechenie-narkomanii/mo/domodedovo/,/uslugi/lechenie-narkomanii/moskovskaya-oblast/domodedovo/,/uslugi/lechenie-narkomanii/mo/,/uslugi/lechenie-narkomanii/moskovskaya-oblast/,Лечение наркомании,city,yes,moskovskaya-oblast,mo,domodedovo,P1,"Технический каталог metro, okrug или mo убран из публичного URL."
Лечение наркомании — Щёлково,/uslugi/lechenie-narkomanii/mo/shchelkovo/,/uslugi/lechenie-narkomanii/moskovskaya-oblast/shchelkovo/,/uslugi/lechenie-narkomanii/mo/,/uslugi/lechenie-narkomanii/moskovskaya-oblast/,Лечение наркомании,city,yes,moskovskaya-oblast,mo,shchelkovo,P1,"Технический каталог metro, okrug или mo убран из публичного URL."
Лечение наркомании — Серпухов,/uslugi/lechenie-narkomanii/mo/serpuhov/,/uslugi/lechenie-narkomanii/moskovskaya-oblast/serpuhov/,/uslugi/lechenie-narkomanii/mo/,/uslugi/lechenie-narkomanii/moskovskaya-oblast/,Лечение наркомании,city,yes,moskovskaya-oblast,mo,serpuhov,P1,"Технический каталог metro, okrug или mo убран из публичного URL."
Лечение наркомании — Раменское,/uslugi/lechenie-narkomanii/mo/ramenskoe/,/uslugi/lechenie-narkomanii/moskovskaya-oblast/ramenskoe/,/uslugi/lechenie-narkomanii/mo/,/uslugi/lechenie-narkomanii/moskovskaya-oblast/,Лечение наркомании,city,yes,moskovskaya-oblast,mo,ramenskoe,P1,"Технический каталог metro, okrug или mo убран из публичного URL."
Лечение наркомании — Долгопрудный,/uslugi/lechenie-narkomanii/mo/dolgoprudnyj/,/uslugi/lechenie-narkomanii/moskovskaya-oblast/dolgoprudnyj/,/uslugi/lechenie-narkomanii/mo/,/uslugi/lechenie-narkomanii/moskovskaya-oblast/,Лечение наркомании,city,yes,moskovskaya-oblast,mo,dolgoprudnyj,P1,"Технический каталог metro, okrug или mo убран из публичного URL."
Лечение наркомании — Пушкино,/uslugi/lechenie-narkomanii/mo/pushkino/,/uslugi/lechenie-narkomanii/moskovskaya-oblast/pushkino/,/uslugi/lechenie-narkomanii/mo/,/uslugi/lechenie-narkomanii/moskovskaya-oblast/,Лечение наркомании,city,yes,moskovskaya-oblast,mo,pushkino,P1,"Технический каталог metro, okrug или mo убран из публичного URL."
Лечение наркомании — Реутов,/uslugi/lechenie-narkomanii/mo/reutov/,/uslugi/lechenie-narkomanii/moskovskaya-oblast/reutov/,/uslugi/lechenie-narkomanii/mo/,/uslugi/lechenie-narkomanii/moskovskaya-oblast/,Лечение наркомании,city,yes,moskovskaya-oblast,mo,reutov,P1,"Технический каталог metro, okrug или mo убран из публичного URL."
Лечение наркомании — Жуковский,/uslugi/lechenie-narkomanii/mo/zhukovskij/,/uslugi/lechenie-narkomanii/moskovskaya-oblast/zhukovskij/,/uslugi/lechenie-narkomanii/mo/,/uslugi/lechenie-narkomanii/moskovskaya-oblast/,Лечение наркомании,city,yes,moskovskaya-oblast,mo,zhukovskij,P1,"Технический каталог metro, okrug или mo убран из публичного URL."
Лечение наркомании — Ногинск,/uslugi/lechenie-narkomanii/mo/noginsk/,/uslugi/lechenie-narkomanii/moskovskaya-oblast/noginsk/,/uslugi/lechenie-narkomanii/mo/,/uslugi/lechenie-narkomanii/moskovskaya-oblast/,Лечение наркомании,city,yes,moskovskaya-oblast,mo,noginsk,P1,"Технический каталог metro, okrug или mo убран из публичного URL."
Лечение наркомании — Сергиев Посад,/uslugi/lechenie-narkomanii/mo/sergiev-posad/,/uslugi/lechenie-narkomanii/moskovskaya-oblast/sergiev-posad/,/uslugi/lechenie-narkomanii/mo/,/uslugi/lechenie-narkomanii/moskovskaya-oblast/,Лечение наркомании,city,yes,moskovskaya-oblast,mo,sergiev-posad,P1,"Технический каталог metro, okrug или mo убран из публичного URL."
Лечение наркомании — Воскресенск,/uslugi/lechenie-narkomanii/mo/voskresensk/,/uslugi/lechenie-narkomanii/moskovskaya-oblast/voskresensk/,/uslugi/lechenie-narkomanii/mo/,/uslugi/lechenie-narkomanii/moskovskaya-oblast/,Лечение наркомании,city,yes,moskovskaya-oblast,mo,voskresensk,P1,"Технический каталог metro, okrug или mo убран из публичного URL."
Лечение наркомании — Орехово-Зуево,/uslugi/lechenie-narkomanii/mo/orehovo-zuevo/,/uslugi/lechenie-narkomanii/moskovskaya-oblast/orehovo-zuevo/,/uslugi/lechenie-narkomanii/mo/,/uslugi/lechenie-narkomanii/moskovskaya-oblast/,Лечение наркомании,city,yes,moskovskaya-oblast,mo,orehovo-zuevo,P1,"Технический каталог metro, okrug или mo убран из публичного URL."
Лечение наркомании — Павловский Посад,/uslugi/lechenie-narkomanii/mo/pavlovskij-posad/,/uslugi/lechenie-narkomanii/moskovskaya-oblast/pavlovskij-posad/,/uslugi/lechenie-narkomanii/mo/,/uslugi/lechenie-narkomanii/moskovskaya-oblast/,Лечение наркомании,city,yes,moskovskaya-oblast,mo,pavlovskij-posad,P1,"Технический каталог metro, okrug или mo убран из публичного URL."
Лечение наркомании — Лобня,/uslugi/lechenie-narkomanii/mo/lobnya/,/uslugi/lechenie-narkomanii/moskovskaya-oblast/lobnya/,/uslugi/lechenie-narkomanii/mo/,/uslugi/lechenie-narkomanii/moskovskaya-oblast/,Лечение наркомании,city,yes,moskovskaya-oblast,mo,lobnya,P1,"Технический каталог metro, okrug или mo убран из публичного URL."
Лечение наркомании — Ивантеевка,/uslugi/lechenie-narkomanii/mo/ivanteevka/,/uslugi/lechenie-narkomanii/moskovskaya-oblast/ivanteevka/,/uslugi/lechenie-narkomanii/mo/,/uslugi/lechenie-narkomanii/moskovskaya-oblast/,Лечение наркомании,city,yes,moskovskaya-oblast,mo,ivanteevka,P1,"Технический каталог metro, okrug или mo убран из публичного URL."
Лечение наркомании — Клин,/uslugi/lechenie-narkomanii/mo/klin/,/uslugi/lechenie-narkomanii/moskovskaya-oblast/klin/,/uslugi/lechenie-narkomanii/mo/,/uslugi/lechenie-narkomanii/moskovskaya-oblast/,Лечение наркомании,city,yes,moskovskaya-oblast,mo,klin,P1,"Технический каталог metro, okrug или mo убран из публичного URL."
Лечение наркомании — Егорьевск,/uslugi/lechenie-narkomanii/mo/egorevsk/,/uslugi/lechenie-narkomanii/moskovskaya-oblast/egorevsk/,/uslugi/lechenie-narkomanii/mo/,/uslugi/lechenie-narkomanii/moskovskaya-oblast/,Лечение наркомании,city,yes,moskovskaya-oblast,mo,egorevsk,P1,"Технический каталог metro, okrug или mo убран из публичного URL."
Лечение наркомании — Дмитров,/uslugi/lechenie-narkomanii/mo/dmitrov/,/uslugi/lechenie-narkomanii/moskovskaya-oblast/dmitrov/,/uslugi/lechenie-narkomanii/mo/,/uslugi/lechenie-narkomanii/moskovskaya-oblast/,Лечение наркомании,city,yes,moskovskaya-oblast,mo,dmitrov,P1,"Технический каталог metro, okrug или mo убран из публичного URL."
Лечение наркомании — Чехов,/uslugi/lechenie-narkomanii/mo/chehov/,/uslugi/lechenie-narkomanii/moskovskaya-oblast/chehov/,/uslugi/lechenie-narkomanii/mo/,/uslugi/lechenie-narkomanii/moskovskaya-oblast/,Лечение наркомании,city,yes,moskovskaya-oblast,mo,chehov,P1,"Технический каталог metro, okrug или mo убран из публичного URL."
Лечение наркомании — Наро-Фоминск,/uslugi/lechenie-narkomanii/mo/naro-fominsk/,/uslugi/lechenie-narkomanii/moskovskaya-oblast/naro-fominsk/,/uslugi/lechenie-narkomanii/mo/,/uslugi/lechenie-narkomanii/moskovskaya-oblast/,Лечение наркомании,city,yes,moskovskaya-oblast,mo,naro-fominsk,P1,"Технический каталог metro, okrug или mo убран из публичного URL."
Реабилитация зависимых — Балашиха,/uslugi/reabilitaciya/mo/balashiha/,/uslugi/reabilitaciya/moskovskaya-oblast/balashiha/,/uslugi/reabilitaciya/mo/,/uslugi/reabilitaciya/moskovskaya-oblast/,Реабилитация,city,yes,moskovskaya-oblast,mo,balashiha,P1,"Технический каталог metro, okrug или mo убран из публичного URL."
Реабилитация зависимых — Подольск,/uslugi/reabilitaciya/mo/podolsk/,/uslugi/reabilitaciya/moskovskaya-oblast/podolsk/,/uslugi/reabilitaciya/mo/,/uslugi/reabilitaciya/moskovskaya-oblast/,Реабилитация,city,yes,moskovskaya-oblast,mo,podolsk,P1,"Технический каталог metro, okrug или mo убран из публичного URL."
Реабилитация зависимых — Химки,/uslugi/reabilitaciya/mo/himki/,/uslugi/reabilitaciya/moskovskaya-oblast/himki/,/uslugi/reabilitaciya/mo/,/uslugi/reabilitaciya/moskovskaya-oblast/,Реабилитация,city,yes,moskovskaya-oblast,mo,himki,P1,"Технический каталог metro, okrug или mo убран из публичного URL."
Реабилитация зависимых — Мытищи,/uslugi/reabilitaciya/mo/mytishchi/,/uslugi/reabilitaciya/moskovskaya-oblast/mytishchi/,/uslugi/reabilitaciya/mo/,/uslugi/reabilitaciya/moskovskaya-oblast/,Реабилитация,city,yes,moskovskaya-oblast,mo,mytishchi,P1,"Технический каталог metro, okrug или mo убран из публичного URL."
Реабилитация зависимых — Королёв,/uslugi/reabilitaciya/mo/korolev/,/uslugi/reabilitaciya/moskovskaya-oblast/korolev/,/uslugi/reabilitaciya/mo/,/uslugi/reabilitaciya/moskovskaya-oblast/,Реабилитация,city,yes,moskovskaya-oblast,mo,korolev,P1,"Технический каталог metro, okrug или mo убран из публичного URL."
Реабилитация зависимых — Люберцы,/uslugi/reabilitaciya/mo/lyubertsy/,/uslugi/reabilitaciya/moskovskaya-oblast/lyubertsy/,/uslugi/reabilitaciya/mo/,/uslugi/reabilitaciya/moskovskaya-oblast/,Реабилитация,city,yes,moskovskaya-oblast,mo,lyubertsy,P1,"Технический каталог metro, okrug или mo убран из публичного URL."
Реабилитация зависимых — Красногорск,/uslugi/reabilitaciya/mo/krasnogorsk/,/uslugi/reabilitaciya/moskovskaya-oblast/krasnogorsk/,/uslugi/reabilitaciya/mo/,/uslugi/reabilitaciya/moskovskaya-oblast/,Реабилитация,city,yes,moskovskaya-oblast,mo,krasnogorsk,P1,"Технический каталог metro, okrug или mo убран из публичного URL."
Реабилитация зависимых — Электросталь,/uslugi/reabilitaciya/mo/elektrostal/,/uslugi/reabilitaciya/moskovskaya-oblast/elektrostal/,/uslugi/reabilitaciya/mo/,/uslugi/reabilitaciya/moskovskaya-oblast/,Реабилитация,city,yes,moskovskaya-oblast,mo,elektrostal,P1,"Технический каталог metro, okrug или mo убран из публичного URL."
Реабилитация зависимых — Коломна,/uslugi/reabilitaciya/mo/kolomna/,/uslugi/reabilitaciya/moskovskaya-oblast/kolomna/,/uslugi/reabilitaciya/mo/,/uslugi/reabilitaciya/moskovskaya-oblast/,Реабилитация,city,yes,moskovskaya-oblast,mo,kolomna,P1,"Технический каталог metro, okrug или mo убран из публичного URL."
Реабилитация зависимых — Одинцово,/uslugi/reabilitaciya/mo/odincovo/,/uslugi/reabilitaciya/moskovskaya-oblast/odincovo/,/uslugi/reabilitaciya/mo/,/uslugi/reabilitaciya/moskovskaya-oblast/,Реабилитация,city,yes,moskovskaya-oblast,mo,odincovo,P1,"Технический каталог metro, okrug или mo убран из публичного URL."
Реабилитация зависимых — Домодедово,/uslugi/reabilitaciya/mo/domodedovo/,/uslugi/reabilitaciya/moskovskaya-oblast/domodedovo/,/uslugi/reabilitaciya/mo/,/uslugi/reabilitaciya/moskovskaya-oblast/,Реабилитация,city,yes,moskovskaya-oblast,mo,domodedovo,P1,"Технический каталог metro, okrug или mo убран из публичного URL."
Реабилитация зависимых — Щёлково,/uslugi/reabilitaciya/mo/shchelkovo/,/uslugi/reabilitaciya/moskovskaya-oblast/shchelkovo/,/uslugi/reabilitaciya/mo/,/uslugi/reabilitaciya/moskovskaya-oblast/,Реабилитация,city,yes,moskovskaya-oblast,mo,shchelkovo,P1,"Технический каталог metro, okrug или mo убран из публичного URL."
Реабилитация зависимых — Серпухов,/uslugi/reabilitaciya/mo/serpuhov/,/uslugi/reabilitaciya/moskovskaya-oblast/serpuhov/,/uslugi/reabilitaciya/mo/,/uslugi/reabilitaciya/moskovskaya-oblast/,Реабилитация,city,yes,moskovskaya-oblast,mo,serpuhov,P1,"Технический каталог metro, okrug или mo убран из публичного URL."
Реабилитация зависимых — Раменское,/uslugi/reabilitaciya/mo/ramenskoe/,/uslugi/reabilitaciya/moskovskaya-oblast/ramenskoe/,/uslugi/reabilitaciya/mo/,/uslugi/reabilitaciya/moskovskaya-oblast/,Реабилитация,city,yes,moskovskaya-oblast,mo,ramenskoe,P1,"Технический каталог metro, okrug или mo убран из публичного URL."
Реабилитация зависимых — Долгопрудный,/uslugi/reabilitaciya/mo/dolgoprudnyj/,/uslugi/reabilitaciya/moskovskaya-oblast/dolgoprudnyj/,/uslugi/reabilitaciya/mo/,/uslugi/reabilitaciya/moskovskaya-oblast/,Реабилитация,city,yes,moskovskaya-oblast,mo,dolgoprudnyj,P1,"Технический каталог metro, okrug или mo убран из публичного URL."
Реабилитация зависимых — Пушкино,/uslugi/reabilitaciya/mo/pushkino/,/uslugi/reabilitaciya/moskovskaya-oblast/pushkino/,/uslugi/reabilitaciya/mo/,/uslugi/reabilitaciya/moskovskaya-oblast/,Реабилитация,city,yes,moskovskaya-oblast,mo,pushkino,P1,"Технический каталог metro, okrug или mo убран из публичного URL."
Реабилитация зависимых — Реутов,/uslugi/reabilitaciya/mo/reutov/,/uslugi/reabilitaciya/moskovskaya-oblast/reutov/,/uslugi/reabilitaciya/mo/,/uslugi/reabilitaciya/moskovskaya-oblast/,Реабилитация,city,yes,moskovskaya-oblast,mo,reutov,P1,"Технический каталог metro, okrug или mo убран из публичного URL."
Реабилитация зависимых — Жуковский,/uslugi/reabilitaciya/mo/zhukovskij/,/uslugi/reabilitaciya/moskovskaya-oblast/zhukovskij/,/uslugi/reabilitaciya/mo/,/uslugi/reabilitaciya/moskovskaya-oblast/,Реабилитация,city,yes,moskovskaya-oblast,mo,zhukovskij,P1,"Технический каталог metro, okrug или mo убран из публичного URL."
Реабилитация зависимых — Ногинск,/uslugi/reabilitaciya/mo/noginsk/,/uslugi/reabilitaciya/moskovskaya-oblast/noginsk/,/uslugi/reabilitaciya/mo/,/uslugi/reabilitaciya/moskovskaya-oblast/,Реабилитация,city,yes,moskovskaya-oblast,mo,noginsk,P1,"Технический каталог metro, okrug или mo убран из публичного URL."
Реабилитация зависимых — Сергиев Посад,/uslugi/reabilitaciya/mo/sergiev-posad/,/uslugi/reabilitaciya/moskovskaya-oblast/sergiev-posad/,/uslugi/reabilitaciya/mo/,/uslugi/reabilitaciya/moskovskaya-oblast/,Реабилитация,city,yes,moskovskaya-oblast,mo,sergiev-posad,P1,"Технический каталог metro, okrug или mo убран из публичного URL."
Реабилитация зависимых — Воскресенск,/uslugi/reabilitaciya/mo/voskresensk/,/uslugi/reabilitaciya/moskovskaya-oblast/voskresensk/,/uslugi/reabilitaciya/mo/,/uslugi/reabilitaciya/moskovskaya-oblast/,Реабилитация,city,yes,moskovskaya-oblast,mo,voskresensk,P1,"Технический каталог metro, okrug или mo убран из публичного URL."
Реабилитация зависимых — Орехово-Зуево,/uslugi/reabilitaciya/mo/orehovo-zuevo/,/uslugi/reabilitaciya/moskovskaya-oblast/orehovo-zuevo/,/uslugi/reabilitaciya/mo/,/uslugi/reabilitaciya/moskovskaya-oblast/,Реабилитация,city,yes,moskovskaya-oblast,mo,orehovo-zuevo,P1,"Технический каталог metro, okrug или mo убран из публичного URL."
Реабилитация зависимых — Павловский Посад,/uslugi/reabilitaciya/mo/pavlovskij-posad/,/uslugi/reabilitaciya/moskovskaya-oblast/pavlovskij-posad/,/uslugi/reabilitaciya/mo/,/uslugi/reabilitaciya/moskovskaya-oblast/,Реабилитация,city,yes,moskovskaya-oblast,mo,pavlovskij-posad,P1,"Технический каталог metro, okrug или mo убран из публичного URL."
Реабилитация зависимых — Лобня,/uslugi/reabilitaciya/mo/lobnya/,/uslugi/reabilitaciya/moskovskaya-oblast/lobnya/,/uslugi/reabilitaciya/mo/,/uslugi/reabilitaciya/moskovskaya-oblast/,Реабилитация,city,yes,moskovskaya-oblast,mo,lobnya,P1,"Технический каталог metro, okrug или mo убран из публичного URL."
Реабилитация зависимых — Ивантеевка,/uslugi/reabilitaciya/mo/ivanteevka/,/uslugi/reabilitaciya/moskovskaya-oblast/ivanteevka/,/uslugi/reabilitaciya/mo/,/uslugi/reabilitaciya/moskovskaya-oblast/,Реабилитация,city,yes,moskovskaya-oblast,mo,ivanteevka,P1,"Технический каталог metro, okrug или mo убран из публичного URL."
Реабилитация зависимых — Клин,/uslugi/reabilitaciya/mo/klin/,/uslugi/reabilitaciya/moskovskaya-oblast/klin/,/uslugi/reabilitaciya/mo/,/uslugi/reabilitaciya/moskovskaya-oblast/,Реабилитация,city,yes,moskovskaya-oblast,mo,klin,P1,"Технический каталог metro, okrug или mo убран из публичного URL."
Реабилитация зависимых — Егорьевск,/uslugi/reabilitaciya/mo/egorevsk/,/uslugi/reabilitaciya/moskovskaya-oblast/egorevsk/,/uslugi/reabilitaciya/mo/,/uslugi/reabilitaciya/moskovskaya-oblast/,Реабилитация,city,yes,moskovskaya-oblast,mo,egorevsk,P1,"Технический каталог metro, okrug или mo убран из публичного URL."
Реабилитация зависимых — Дмитров,/uslugi/reabilitaciya/mo/dmitrov/,/uslugi/reabilitaciya/moskovskaya-oblast/dmitrov/,/uslugi/reabilitaciya/mo/,/uslugi/reabilitaciya/moskovskaya-oblast/,Реабилитация,city,yes,moskovskaya-oblast,mo,dmitrov,P1,"Технический каталог metro, okrug или mo убран из публичного URL."
Реабилитация зависимых — Чехов,/uslugi/reabilitaciya/mo/chehov/,/uslugi/reabilitaciya/moskovskaya-oblast/chehov/,/uslugi/reabilitaciya/mo/,/uslugi/reabilitaciya/moskovskaya-oblast/,Реабилитация,city,yes,moskovskaya-oblast,mo,chehov,P1,"Технический каталог metro, okrug или mo убран из публичного URL."
Реабилитация зависимых — Наро-Фоминск,/uslugi/reabilitaciya/mo/naro-fominsk/,/uslugi/reabilitaciya/moskovskaya-oblast/naro-fominsk/,/uslugi/reabilitaciya/mo/,/uslugi/reabilitaciya/moskovskaya-oblast/,Реабилитация,city,yes,moskovskaya-oblast,mo,naro-fominsk,P1,"Технический каталог metro, okrug или mo убран из публичного URL."
