url,entity_type,silo,page
/,structural,Сайт,Главная
/uslugi/,structural,Каталог,Услуги
/uslugi/narkologicheskaya-pomosh/,silo-root,Наркологическая помощь,Наркологическая помощь
/uslugi/narkologicheskaya-pomosh/konsultaciya-narkologa/,child,Наркологическая помощь,Консультация нарколога
/uslugi/narkologicheskaya-pomosh/psihiatr-narkolog/,child,Наркологическая помощь,Приём психиатра-нарколога
/uslugi/narkologicheskaya-pomosh/onlajn-konsultaciya/,child,Наркологическая помощь,Онлайн-консультация психиатра-нарколога
/uslugi/narkologicheskaya-pomosh/stacionar/,child,Наркологическая помощь,Наркологический стационар
/uslugi/narkologicheskaya-pomosh/gospitalizaciya/,child,Наркологическая помощь,Госпитализация в стационар
/uslugi/narkologicheskaya-pomosh/chastnyj-vytrezvitel/,child,Наркологическая помощь,Частный вытрезвитель
/uslugi/narkologicheskaya-pomosh/srochnaya-pomosh/,child,Наркологическая помощь,Срочная наркологическая помощь
/uslugi/narkolog-na-dom/,silo-root,Нарколог на дом,Нарколог на дом
/uslugi/narkolog-na-dom/moskva/,geo-hub,Нарколог на дом,Нарколог на дом — Москва
/uslugi/narkolog-na-dom/moskovskaya-oblast/,geo-hub,Нарколог на дом,Нарколог на дом — Московская область
/uslugi/vyvod-iz-zapoya/,silo-root,Вывод из запоя,Вывод из запоя
/uslugi/vyvod-iz-zapoya/na-domu/,child,Вывод из запоя,Вывод из запоя на дому
/uslugi/vyvod-iz-zapoya/na-domu/moskva/,geo-hub,Вывод из запоя,Вывод из запоя на дому — Москва
/uslugi/vyvod-iz-zapoya/na-domu/moskovskaya-oblast/,geo-hub,Вывод из запоя,Вывод из запоя на дому — Московская область
/uslugi/vyvod-iz-zapoya/v-stacionare/,child,Вывод из запоя,Вывод из запоя в стационаре
/uslugi/vyvod-iz-zapoya/s-dalnejshim-lecheniem/,child,Вывод из запоя,Вывод из запоя + дальнейшее лечение
/uslugi/kapelnitsy/,silo-root,Капельницы и детокс,Капельницы и детокс
/uslugi/kapelnitsy/ot-zapoya-i-alkogolya/,child,Капельницы и детокс,Капельница от запоя и алкоголя на дому
/uslugi/kapelnitsy/ot-zapoya-i-alkogolya/moskva/,geo-hub,Капельницы и детокс,Капельница от запоя и алкоголя на дому — Москва
/uslugi/kapelnitsy/ot-zapoya-i-alkogolya/moskovskaya-oblast/,geo-hub,Капельницы и детокс,Капельница от запоя и алкоголя на дому — Московская область
/uslugi/kapelnitsy/ot-pohmelya/,child,Капельницы и детокс,Капельница от похмелья
/uslugi/kapelnitsy/detoksikaciya/,child,Капельницы и детокс,Алкогольная детоксикация
/uslugi/kapelnitsy/alkogolnaya-intoksikaciya/,child,Капельницы и детокс,Алкогольная интоксикация
/uslugi/kapelnitsy/abstinentnyj-sindrom/,child,Капельницы и детокс,Алкогольный абстинентный синдром
/uslugi/kodirovanie/,silo-root,Кодирование,Кодирование от алкоголизма
/uslugi/kodirovanie/moskva/,geo-hub,Кодирование,Кодирование от алкоголизма — Москва
/uslugi/kodirovanie/moskovskaya-oblast/,geo-hub,Кодирование,Кодирование от алкоголизма — Московская область
/uslugi/kodirovanie/na-domu/,child,Кодирование,Кодирование на дому
/uslugi/kodirovanie/v-klinike/,child,Кодирование,Кодирование в клинике
/uslugi/kodirovanie/medikamentoznoe/,child,Кодирование,Медикаментозное кодирование
/uslugi/kodirovanie/metod-dovzhenko/,child,Кодирование,Кодирование по методу Довженко
/uslugi/kodirovanie/gipnoz/,child,Кодирование,Кодирование гипнозом
/uslugi/kodirovanie/ukol/,child,Кодирование,Кодирование уколом
/uslugi/kodirovanie/vshivanie/,child,Кодирование,Вшивание / подшивка
/uslugi/kodirovanie/dvojnoj-blok/,child,Кодирование,Двойной блок
/uslugi/kodirovanie/s-provokaciej/,child,Кодирование,Кодирование с провокацией
/uslugi/kodirovanie/preparaty/,child,Кодирование,Препараты для кодирования
/uslugi/kodirovanie/preparaty/esperal/,child,Кодирование,Кодирование: Эспераль
/uslugi/kodirovanie/preparaty/akvilong/,child,Кодирование,Кодирование: Аквилонг
/uslugi/kodirovanie/preparaty/algominal/,child,Кодирование,Кодирование: Алгоминал
/uslugi/kodirovanie/preparaty/disulfiram/,child,Кодирование,Кодирование: Дисульфирам
/uslugi/kodirovanie/preparaty/naltrekson/,child,Кодирование,Кодирование: Налтрексон
/uslugi/kodirovanie/preparaty/vivitrol/,child,Кодирование,Кодирование: Вивитрол
/uslugi/kodirovanie/preparaty/torpedo/,child,Кодирование,Кодирование: Торпедо
/uslugi/kodirovanie/raskodirovanie/,child,Кодирование,Раскодирование
/uslugi/kodirovanie/raskodirovanie/esperal/,child,Кодирование,Раскодирование от Эспераль
/uslugi/kodirovanie/raskodirovanie/akvilong/,child,Кодирование,Раскодирование от Аквилонг
/uslugi/kodirovanie/raskodirovanie/algominal/,child,Кодирование,Раскодирование от Алгоминал
/uslugi/kodirovanie/raskodirovanie/disulfiram/,child,Кодирование,Раскодирование от Дисульфирам
/uslugi/kodirovanie/raskodirovanie/naltrekson/,child,Кодирование,Раскодирование от Налтрексон
/uslugi/kodirovanie/raskodirovanie/vivitrol/,child,Кодирование,Раскодирование от Вивитрол
/uslugi/kodirovanie/raskodirovanie/torpedo/,child,Кодирование,Раскодирование от Торпедо
/uslugi/lechenie-alkogolizma/,silo-root,Лечение алкоголизма,Лечение алкоголизма
/uslugi/lechenie-alkogolizma/na-domu/,child,Лечение алкоголизма,Лечение алкоголизма на дому
/uslugi/lechenie-alkogolizma/na-domu/moskovskaya-oblast/,geo-hub,Лечение алкоголизма,Лечение алкоголизма на дому — Московская область
/uslugi/lechenie-alkogolizma/v-stacionare/,child,Лечение алкоголизма,Лечение алкоголизма в стационаре
/uslugi/lechenie-alkogolizma/ambulatorno/,child,Лечение алкоголизма,Амбулаторное лечение алкоголизма
/uslugi/lechenie-alkogolizma/zhenskij-alkogolizm/,child,Лечение алкоголизма,Лечение женского алкоголизма
/uslugi/lechenie-alkogolizma/muzhskoj-alkogolizm/,child,Лечение алкоголизма,Лечение мужского алкоголизма
/uslugi/lechenie-alkogolizma/pivnoj-alkogolizm/,child,Лечение алкоголизма,Лечение пивного алкоголизма
/uslugi/lechenie-alkogolizma/hronicheskij-alkogolizm/,child,Лечение алкоголизма,Лечение хронического алкоголизма
/uslugi/lechenie-alkogolizma/u-pozhilyh/,child,Лечение алкоголизма,Лечение алкоголизма у пожилых
/uslugi/lechenie-alkogolizma/bez-kodirovaniya/,child,Лечение алкоголизма,Лечение алкоголизма без кодирования
/uslugi/lechenie-alkogolizma/podrostkovyj/,child,Лечение алкоголизма,Лечение подросткового алкоголизма
/uslugi/lechenie-alkogolizma/alkogolnyj-delirij/,child,Лечение алкоголизма,Помощь при алкогольном делирии
/uslugi/snyatie-lomki/,silo-root,Снятие ломки,Снятие ломки
/uslugi/snyatie-lomki/na-domu/,child,Снятие ломки,Снятие ломки на дому
/uslugi/snyatie-lomki/v-stacionare/,child,Снятие ломки,Снятие ломки в стационаре
/uslugi/lechenie-narkomanii/,silo-root,Лечение наркомании,Лечение наркомании
/uslugi/lechenie-narkomanii/v-stacionare/,child,Лечение наркомании,Лечение наркомании в стационаре
/uslugi/lechenie-narkomanii/na-domu/,child,Лечение наркомании,Лечение наркомании на дому
/uslugi/lechenie-narkomanii/ambulatorno/,child,Лечение наркомании,Амбулаторное лечение наркомании
/uslugi/lechenie-narkomanii/medikamentoznoe/,child,Лечение наркомании,Медикаментозное лечение наркомании
/uslugi/lechenie-narkomanii/detoksikaciya/,child,Лечение наркомании,Детоксикация от наркотиков
/uslugi/lechenie-narkomanii/detoksikaciya/ubod/,child,Лечение наркомании,УБОД
/uslugi/lechenie-narkomanii/detoksikaciya/kapelnica/,child,Лечение наркомании,Капельница при наркотической интоксикации
/uslugi/lechenie-narkomanii/moskovskaya-oblast/,geo-hub,Лечение наркомании,Лечение наркомании — Московская область
/uslugi/lechenie-narkomanii/geroin/,child,Лечение наркомании,Лечение героиновой зависимости
/uslugi/lechenie-narkomanii/metadon/,child,Лечение наркомании,Лечение метадоновой зависимости
/uslugi/lechenie-narkomanii/mefedron/,child,Лечение наркомании,Лечение мефедроновой зависимости
/uslugi/lechenie-narkomanii/kokain/,child,Лечение наркомании,Лечение кокаиновой зависимости
/uslugi/lechenie-narkomanii/amfetamin/,child,Лечение наркомании,Лечение амфетаминовой зависимости
/uslugi/lechenie-narkomanii/metamfetamin/,child,Лечение наркомании,Лечение метамфетаминовой зависимости
/uslugi/lechenie-narkomanii/spajs/,child,Лечение наркомании,Лечение зависимости от спайса
/uslugi/lechenie-narkomanii/gashish/,child,Лечение наркомании,Лечение зависимости от гашиша
/uslugi/lechenie-narkomanii/marihuana/,child,Лечение наркомании,Лечение зависимости от марихуаны
/uslugi/lechenie-narkomanii/soli/,child,Лечение наркомании,Лечение зависимости от солей
/uslugi/lechenie-narkomanii/alfa-pvp/,child,Лечение наркомании,Лечение зависимости от Альфа-PVP
/uslugi/lechenie-narkomanii/butirat/,child,Лечение наркомании,Лечение зависимости от бутирата
/uslugi/drugie-zavisimosti/,silo-root,Другие зависимости,Другие зависимости
/uslugi/drugie-zavisimosti/igromaniya/,child,Другие зависимости,Игромания / лудомания
/uslugi/drugie-zavisimosti/stavki/,child,Другие зависимости,Зависимость от ставок
/uslugi/drugie-zavisimosti/kompyuternaya/,child,Другие зависимости,Компьютерная зависимость
/uslugi/drugie-zavisimosti/internet/,child,Другие зависимости,Интернет-зависимость
/uslugi/drugie-zavisimosti/nikotinovaya/,child,Другие зависимости,Никотиновая зависимость
/uslugi/drugie-zavisimosti/toksikomaniya/,child,Другие зависимости,Токсикомания
/uslugi/drugie-zavisimosti/lekarstvennaya/,child,Другие зависимости,Лекарственная зависимость
/uslugi/drugie-zavisimosti/lekarstvennaya/pregabalin/,child,Другие зависимости,Прегабалин / Лирика
/uslugi/drugie-zavisimosti/lekarstvennaya/benzodiazepiny/,child,Другие зависимости,Бензодиазепины
/uslugi/drugie-zavisimosti/lekarstvennaya/fenazepam/,child,Другие зависимости,Феназепам
/uslugi/drugie-zavisimosti/lekarstvennaya/tramadol/,child,Другие зависимости,Трамадол
/uslugi/drugie-zavisimosti/lekarstvennaya/kodein/,child,Другие зависимости,Кодеин
/uslugi/drugie-zavisimosti/lekarstvennaya/gabapentin/,child,Другие зависимости,Габапентин
/uslugi/drugie-zavisimosti/lekarstvennaya/antidepressanty/,child,Другие зависимости,Антидепрессанты: сопровождение отмены
/uslugi/reabilitaciya/,silo-root,Реабилитация,Реабилитация зависимых
/uslugi/reabilitaciya/alkogolizm/,child,Реабилитация,Реабилитация при алкоголизме
/uslugi/reabilitaciya/narkomaniya/,child,Реабилитация,Реабилитация при наркомании
/uslugi/reabilitaciya/igromaniya/,child,Реабилитация,Реабилитация при игромании
/uslugi/reabilitaciya/12-shagov/,child,Реабилитация,Программа «12 шагов»
/uslugi/reabilitaciya/resocializaciya/,child,Реабилитация,Ресоциализация
/uslugi/reabilitaciya/moskovskaya-oblast/,geo-hub,Реабилитация,Реабилитация — Московская область
/uslugi/psihiatriya/,silo-root,Психиатрия,Психиатрическая помощь
/uslugi/psihiatriya/konsultaciya/,child,Психиатрия,Консультация психиатра
/uslugi/psihiatriya/psihiatr-na-dom/,child,Психиатрия,Психиатр на дом
/uslugi/psihiatriya/psihiatr-na-dom/moskva/,geo-hub,Психиатрия,Психиатр на дом — Москва
/uslugi/psihiatriya/psihiatr-na-dom/moskovskaya-oblast/,geo-hub,Психиатрия,Психиатр на дом — Московская область
/uslugi/psihiatriya/onlajn/,child,Психиатрия,Онлайн-консультация психиатра
/uslugi/psihiatriya/stacionar/,child,Психиатрия,Психиатрический стационар
/uslugi/psihiatriya/trevozhnye-i-stressovye-rasstrojstva/,child,Психиатрия,Тревожные и стрессовые расстройства
/uslugi/psihiatriya/trevozhnye-i-stressovye-rasstrojstva/panicheskoe/,child,Психиатрия,Паническое расстройство и панические атаки
/uslugi/psihiatriya/trevozhnye-i-stressovye-rasstrojstva/okr/,child,Психиатрия,ОКР
/uslugi/psihiatriya/trevozhnye-i-stressovye-rasstrojstva/ptsr/,child,Психиатрия,ПТСР
/uslugi/psihiatriya/trevozhnye-i-stressovye-rasstrojstva/fobii/,child,Психиатрия,Фобии
/uslugi/psihiatriya/trevozhnye-i-stressovye-rasstrojstva/generalizovannoe-trevozhnoe/,child,Психиатрия,Генерализованное тревожное расстройство
/uslugi/psihiatriya/trevozhnye-i-stressovye-rasstrojstva/sociofobiya/,child,Психиатрия,Социофобия
/uslugi/psihiatriya/trevozhnye-i-stressovye-rasstrojstva/agorafobiya/,child,Психиатрия,Агорафобия
/uslugi/psihiatriya/trevozhnye-i-stressovye-rasstrojstva/nevroz/,child,Психиатрия,Неврозы
/uslugi/psihiatriya/rasstrojstva-nastroeniya/,child,Психиатрия,Расстройства настроения
/uslugi/psihiatriya/rasstrojstva-nastroeniya/depressiya/,child,Психиатрия,Депрессия
/uslugi/psihiatriya/rasstrojstva-nastroeniya/bipolyarnoe/,child,Психиатрия,Биполярное расстройство
/uslugi/psihiatriya/rasstrojstva-nastroeniya/poslerodovaya-depressiya/,child,Психиатрия,Послеродовая депрессия
/uslugi/psihiatriya/rasstrojstva-nastroeniya/distimiya/,child,Психиатрия,Дистимия
/uslugi/psihiatriya/psihoticheskie-rasstrojstva/,child,Психиатрия,Психотические расстройства
/uslugi/psihiatriya/psihoticheskie-rasstrojstva/shizofreniya/,child,Психиатрия,Шизофрения
/uslugi/psihiatriya/psihoticheskie-rasstrojstva/shizoaffektivnoe/,child,Психиатрия,Шизоаффективное расстройство
/uslugi/psihiatriya/psihoticheskie-rasstrojstva/shizotipicheskoe/,child,Психиатрия,Шизотипическое расстройство
/uslugi/psihiatriya/psihoticheskie-rasstrojstva/psihoz/,child,Психиатрия,Психоз
/uslugi/psihiatriya/psihoticheskie-rasstrojstva/bredovoe/,child,Психиатрия,Бредовое расстройство
/uslugi/psihiatriya/rasstrojstva-lichnosti-i-povedeniya/,child,Психиатрия,Расстройства личности и поведения
/uslugi/psihiatriya/rasstrojstva-lichnosti-i-povedeniya/pogranichnoe/,child,Психиатрия,Пограничное расстройство личности
/uslugi/psihiatriya/rasstrojstva-lichnosti-i-povedeniya/narcissicheskoe/,child,Психиатрия,Нарциссическое расстройство личности
/uslugi/psihiatriya/rasstrojstva-lichnosti-i-povedeniya/shizoidnoe/,child,Психиатрия,Шизоидное расстройство личности
/uslugi/psihiatriya/rasstrojstva-lichnosti-i-povedeniya/paranoidnoe/,child,Психиатрия,Параноидное расстройство личности
/uslugi/psihiatriya/rasstrojstva-lichnosti-i-povedeniya/izbegayushchee/,child,Психиатрия,Избегающее расстройство личности
/uslugi/psihiatriya/rasstrojstva-lichnosti-i-povedeniya/zavisimoe/,child,Психиатрия,Зависимое расстройство личности
/uslugi/psihiatriya/rasstrojstva-pishchevogo-povedeniya/,child,Психиатрия,Расстройства пищевого поведения
/uslugi/psihiatriya/rasstrojstva-pishchevogo-povedeniya/anoreksiya/,child,Психиатрия,Нервная анорексия
/uslugi/psihiatriya/rasstrojstva-pishchevogo-povedeniya/bulimiya/,child,Психиатрия,Нервная булимия
/uslugi/psihiatriya/rasstrojstva-pishchevogo-povedeniya/kompulsivnoe-pereedanie/,child,Психиатрия,Компульсивное переедание
/uslugi/psihiatriya/kognitivnye-i-organicheskie/,child,Психиатрия,Когнитивные и органические расстройства
/uslugi/psihiatriya/kognitivnye-i-organicheskie/demenciya/,child,Психиатрия,Деменция
/uslugi/psihiatriya/kognitivnye-i-organicheskie/alcgejmer/,child,Психиатрия,Болезнь Альцгеймера
/uslugi/psihiatriya/kognitivnye-i-organicheskie/sosudistaya-demenciya/,child,Психиатрия,Сосудистая деменция
/uslugi/psihiatriya/rasstrojstva-sna/,child,Психиатрия,Расстройства сна
/uslugi/psihiatriya/rasstrojstva-sna/bessonnica/,child,Психиатрия,Бессонница
/uslugi/psihiatriya/rasstrojstva-sna/narkolepsiya/,child,Психиатрия,Нарколепсия
/uslugi/psihiatriya/rasstrojstva-sna/lunatizm/,child,Психиатрия,Лунатизм
/uslugi/psihoterapiya-i-psihologiya/,silo-root,Психотерапия и психология,Психотерапия и психология
/uslugi/psihoterapiya-i-psihologiya/psihoterapevt/,child,Психотерапия и психология,Консультация психотерапевта
/uslugi/psihoterapiya-i-psihologiya/individualnaya/,child,Психотерапия и психология,Индивидуальная психотерапия
/uslugi/psihoterapiya-i-psihologiya/semejnaya/,child,Психотерапия и психология,Семейная психотерапия
/uslugi/psihoterapiya-i-psihologiya/psiholog/,child,Психотерапия и психология,Консультация психолога
/uslugi/psihoterapiya-i-psihologiya/semejnyj-psiholog/,child,Психотерапия и психология,Семейный психолог
/uslugi/pomoshch-rodstvennikam/,silo-root,Помощь родственникам,Помощь родственникам зависимого
/uslugi/pomoshch-rodstvennikam/motivaciya-na-lechenie/,child,Помощь родственникам,Мотивация на лечение / интервенция
/uslugi/pomoshch-rodstvennikam/sozavisimost/,child,Помощь родственникам,Помощь при созависимости
/uslugi/pomoshch-rodstvennikam/konsultaciya-bez-pacienta/,child,Помощь родственникам,Консультация родственника без пациента
/uslugi/pomoshch-rodstvennikam/gruppa-sozavisimyh/,child,Помощь родственникам,Бесплатная группа для созависимых
/uslugi/diagnostika/,silo-root,Диагностика,Диагностика
/uslugi/diagnostika/analizy-na-narkotiki/,child,Диагностика,Анализы на наркотики
/uslugi/vosstanovitelnaya-terapiya/,silo-root,Восстановительная терапия,Восстановительная терапия
/uslugi/vosstanovitelnaya-terapiya/vlok/,child,Восстановительная терапия,ВЛОК
/uslugi/vosstanovitelnaya-terapiya/plazmaferez/,child,Восстановительная терапия,Плазмаферез
/uslugi/vosstanovitelnaya-terapiya/barokamera/,child,Восстановительная терапия,Барокамера / ГБО
/uslugi/vosstanovitelnaya-terapiya/ozonoterapiya/,child,Восстановительная терапия,Озонотерапия
/uslugi/vosstanovitelnaya-terapiya/elektroson/,child,Восстановительная терапия,Электросон
/uslugi/vosstanovitelnaya-terapiya/iglorefleksoterapiya/,child,Восстановительная терапия,Иглорефлексотерапия
/o-klinike/kak-proverit-kliniku/,trust,Trust / выбор,Как проверить наркологическую клинику
/o-klinike/licenziya-i-dokumenty/,trust,Trust / выбор,Лицензия и документы
/vrachi/,trust,Trust / выбор,Специалисты
/ceny/,trust,Trust / выбор,Цены и что входит в стоимость
/pomoshch/posle-vyvoda-iz-zapoya/,trust,Trust / выбор,Что делать после вывода из запоя
/pomoshch/povtornyj-zapoj/,trust,Trust / выбор,Повторный запой
/pomoshch/sryv-posle-kodirovaniya/,trust,Trust / выбор,Срыв после кодирования
/pomoshch/esli-ne-hochet-lechitsya/,trust,Trust / выбор,Если близкий не хочет лечиться
/pomoshch/dom-ili-stacionar/,trust,Trust / выбор,Дом или стационар
/pomoshch/kto-priezzhaet-na-vyzov/,trust,Trust / выбор,Кто приезжает на вызов
/pomoshch/dispanzernoe-nablyudenie/,trust,Trust / выбор,Наркологический учёт / диспансерное наблюдение
/uslugi/narkolog-na-dom/moskva/aeroport/,metro,Нарколог на дом,Нарколог на дом — Аэропорт
/uslugi/narkolog-na-dom/moskva/aleksandrovskij-sad/,metro,Нарколог на дом,Нарколог на дом — Александровский сад
/uslugi/narkolog-na-dom/moskva/alekseevskaya/,metro,Нарколог на дом,Нарколог на дом — Алексеевская
/uslugi/narkolog-na-dom/moskva/alma-atinskaya/,metro,Нарколог на дом,Нарколог на дом — Алма-Атинская
/uslugi/narkolog-na-dom/moskva/altufevo/,metro,Нарколог на дом,Нарколог на дом — Алтуфьево
/uslugi/narkolog-na-dom/moskva/andronovka/,metro,Нарколог на дом,Нарколог на дом — Андроновка
/uslugi/narkolog-na-dom/moskva/annino/,metro,Нарколог на дом,Нарколог на дом — Аннино
/uslugi/narkolog-na-dom/moskva/arbatskaya/,metro,Нарколог на дом,Нарколог на дом — Арбатская
/uslugi/narkolog-na-dom/moskva/aviamotornaya/,metro,Нарколог на дом,Нарколог на дом — Авиамоторная
/uslugi/narkolog-na-dom/moskva/avtozavodskaya/,metro,Нарколог на дом,Нарколог на дом — Автозаводская
/uslugi/narkolog-na-dom/moskva/babushkinskaya/,metro,Нарколог на дом,Нарколог на дом — Бабушкинская
/uslugi/narkolog-na-dom/moskva/bagrationovskaya/,metro,Нарколог на дом,Нарколог на дом — Багратионовская
/uslugi/narkolog-na-dom/moskva/baltijskaya/,metro,Нарколог на дом,Нарколог на дом — Балтийская
/uslugi/narkolog-na-dom/moskva/barrikadnaya/,metro,Нарколог на дом,Нарколог на дом — Баррикадная
/uslugi/narkolog-na-dom/moskva/baumanskaya/,metro,Нарколог на дом,Нарколог на дом — Бауманская
/uslugi/narkolog-na-dom/moskva/begovaya/,metro,Нарколог на дом,Нарколог на дом — Беговая
/uslugi/narkolog-na-dom/moskva/belokamennaya/,metro,Нарколог на дом,Нарколог на дом — Белокаменная
/uslugi/narkolog-na-dom/moskva/belorusskaya/,metro,Нарколог на дом,Нарколог на дом — Белорусская
/uslugi/narkolog-na-dom/moskva/belyaevo/,metro,Нарколог на дом,Нарколог на дом — Беляево
/uslugi/narkolog-na-dom/moskva/bibirevo/,metro,Нарколог на дом,Нарколог на дом — Бибирево
/uslugi/narkolog-na-dom/moskva/biblioteka-imeni-lenina/,metro,Нарколог на дом,Нарколог на дом — Библиотека имени Ленина
/uslugi/narkolog-na-dom/moskva/bitcevskij-park/,metro,Нарколог на дом,Нарколог на дом — Битцевский парк
/uslugi/narkolog-na-dom/moskva/borisovo/,metro,Нарколог на дом,Нарколог на дом — Борисово
/uslugi/narkolog-na-dom/moskva/borovickaya/,metro,Нарколог на дом,Нарколог на дом — Боровицкая
/uslugi/narkolog-na-dom/moskva/botanicheskij-sad/,metro,Нарколог на дом,Нарколог на дом — Ботанический сад
/uslugi/narkolog-na-dom/moskva/bratislavskaya/,metro,Нарколог на дом,Нарколог на дом — Братиславская
/uslugi/narkolog-na-dom/moskva/bulvar-admirala-ushakova/,metro,Нарколог на дом,Нарколог на дом — Бульвар Адмирала Ушакова
/uslugi/narkolog-na-dom/moskva/bulvar-rokossovskogo/,metro,Нарколог на дом,Нарколог на дом — Бульвар Рокоссовского
/uslugi/narkolog-na-dom/moskva/buninskaya-alleya/,metro,Нарколог на дом,Нарколог на дом — Бунинская аллея
/uslugi/narkolog-na-dom/moskva/butyrskaya/,metro,Нарколог на дом,Нарколог на дом — Бутырская
/uslugi/narkolog-na-dom/moskva/chehovskaya/,metro,Нарколог на дом,Нарколог на дом — Чеховская
/uslugi/narkolog-na-dom/moskva/cherkizovskaya/,metro,Нарколог на дом,Нарколог на дом — Черкизовская
/uslugi/narkolog-na-dom/moskva/chertanovskaya/,metro,Нарколог на дом,Нарколог на дом — Чертановская
/uslugi/narkolog-na-dom/moskva/chistye-prudy/,metro,Нарколог на дом,Нарколог на дом — Чистые пруды
/uslugi/narkolog-na-dom/moskva/chkalovskaya/,metro,Нарколог на дом,Нарколог на дом — Чкаловская
/uslugi/narkolog-na-dom/moskva/caricyno/,metro,Нарколог на дом,Нарколог на дом — Царицыно
/uslugi/narkolog-na-dom/moskva/cska/,metro,Нарколог на дом,Нарколог на дом — ЦСКА
/uslugi/narkolog-na-dom/moskva/cvetnoj-bulvar/,metro,Нарколог на дом,Нарколог на дом — Цветной бульвар
/uslugi/narkolog-na-dom/moskva/delovoj-centr/,metro,Нарколог на дом,Нарколог на дом — Деловой центр
/uslugi/narkolog-na-dom/moskva/dinamo/,metro,Нарколог на дом,Нарколог на дом — Динамо
/uslugi/narkolog-na-dom/moskva/dmitrovskaya/,metro,Нарколог на дом,Нарколог на дом — Дмитровская
/uslugi/narkolog-na-dom/moskva/dobryninskaya/,metro,Нарколог на дом,Нарколог на дом — Добрынинская
/uslugi/narkolog-na-dom/moskva/domodedovskaya/,metro,Нарколог на дом,Нарколог на дом — Домодедовская
/uslugi/narkolog-na-dom/moskva/dostoevskaya/,metro,Нарколог на дом,Нарколог на дом — Достоевская
/uslugi/narkolog-na-dom/moskva/elektrozavodskaya/,metro,Нарколог на дом,Нарколог на дом — Электрозаводская
/uslugi/narkolog-na-dom/moskva/filevskij-park/,metro,Нарколог на дом,Нарколог на дом — Филёвский парк
/uslugi/narkolog-na-dom/moskva/fili/,metro,Нарколог на дом,Нарколог на дом — Фили
/uslugi/narkolog-na-dom/moskva/fonvizinskaya/,metro,Нарколог на дом,Нарколог на дом — Фонвизинская
/uslugi/narkolog-na-dom/moskva/frunzenskaya/,metro,Нарколог на дом,Нарколог на дом — Фрунзенская
/uslugi/narkolog-na-dom/moskva/horoshevskaya/,metro,Нарколог на дом,Нарколог на дом — Хорошёвская
/uslugi/narkolog-na-dom/moskva/hovrino/,metro,Нарколог на дом,Нарколог на дом — Ховрино
/uslugi/narkolog-na-dom/moskva/izmajlovskaya/,metro,Нарколог на дом,Нарколог на дом — Измайловская
/uslugi/narkolog-na-dom/moskva/kahovskaya/,metro,Нарколог на дом,Нарколог на дом — Каховская
/uslugi/narkolog-na-dom/moskva/kaluzhskaya/,metro,Нарколог на дом,Нарколог на дом — Калужская
/uslugi/narkolog-na-dom/moskva/kantemirovskaya/,metro,Нарколог на дом,Нарколог на дом — Кантемировская
/uslugi/narkolog-na-dom/moskva/kashirskaya/,metro,Нарколог на дом,Нарколог на дом — Каширская
/uslugi/narkolog-na-dom/moskva/kievskaya/,metro,Нарколог на дом,Нарколог на дом — Киевская
/uslugi/narkolog-na-dom/moskva/kitaj-gorod/,metro,Нарколог на дом,Нарколог на дом — Китай-город
/uslugi/narkolog-na-dom/moskva/kolomenskaya/,metro,Нарколог на дом,Нарколог на дом — Коломенская
/uslugi/narkolog-na-dom/moskva/komsomolskaya/,metro,Нарколог на дом,Нарколог на дом — Комсомольская
/uslugi/narkolog-na-dom/moskva/konkovo/,metro,Нарколог на дом,Нарколог на дом — Коньково
/uslugi/narkolog-na-dom/moskva/koptevo/,metro,Нарколог на дом,Нарколог на дом — Коптево
/uslugi/narkolog-na-dom/moskva/kotelniki/,metro,Нарколог на дом,Нарколог на дом — Котельники
/uslugi/narkolog-na-dom/moskva/kozhuhovskaya/,metro,Нарколог на дом,Нарколог на дом — Кожуховская
/uslugi/narkolog-na-dom/moskva/krasnogvardejskaya/,metro,Нарколог на дом,Нарколог на дом — Красногвардейская
/uslugi/narkolog-na-dom/moskva/krasnopresnenskaya/,metro,Нарколог на дом,Нарколог на дом — Краснопресненская
/uslugi/narkolog-na-dom/moskva/krasnoselskaya/,metro,Нарколог на дом,Нарколог на дом — Красносельская
/uslugi/narkolog-na-dom/moskva/krasnye-vorota/,metro,Нарколог на дом,Нарколог на дом — Красные ворота
/uslugi/narkolog-na-dom/moskva/krestyanskaya-zastava/,metro,Нарколог на дом,Нарколог на дом — Крестьянская застава
/uslugi/narkolog-na-dom/moskva/kropotkinskaya/,metro,Нарколог на дом,Нарколог на дом — Кропоткинская
/uslugi/narkolog-na-dom/moskva/krylatskoe/,metro,Нарколог на дом,Нарколог на дом — Крылатское
/uslugi/narkolog-na-dom/moskva/krymskaya/,metro,Нарколог на дом,Нарколог на дом — Крымская
/uslugi/narkolog-na-dom/moskva/kuncevskaya/,metro,Нарколог на дом,Нарколог на дом — Кунцевская
/uslugi/narkolog-na-dom/moskva/kurskaya/,metro,Нарколог на дом,Нарколог на дом — Курская
/uslugi/narkolog-na-dom/moskva/kutuzovskaya/,metro,Нарколог на дом,Нарколог на дом — Кутузовская
/uslugi/narkolog-na-dom/moskva/kuzminki/,metro,Нарколог на дом,Нарколог на дом — Кузьминки
/uslugi/narkolog-na-dom/moskva/kuzneckij-most/,metro,Нарколог на дом,Нарколог на дом — Кузнецкий мост
/uslugi/narkolog-na-dom/moskva/leninskij-prospekt/,metro,Нарколог на дом,Нарколог на дом — Ленинский проспект
/uslugi/narkolog-na-dom/moskva/lermontovskij-prospekt/,metro,Нарколог на дом,Нарколог на дом — Лермонтовский проспект
/uslugi/narkolog-na-dom/moskva/lesoparkovaya/,metro,Нарколог на дом,Нарколог на дом — Лесопарковая
/uslugi/narkolog-na-dom/moskva/lihobory/,metro,Нарколог на дом,Нарколог на дом — Лихоборы
/uslugi/narkolog-na-dom/moskva/lokomotiv/,metro,Нарколог на дом,Нарколог на дом — Локомотив
/uslugi/narkolog-na-dom/moskva/lomonosovskij-prospekt/,metro,Нарколог на дом,Нарколог на дом — Ломоносовский проспект
/uslugi/narkolog-na-dom/moskva/lubyanka/,metro,Нарколог на дом,Нарколог на дом — Лубянка
/uslugi/narkolog-na-dom/moskva/luzhniki/,metro,Нарколог на дом,Нарколог на дом — Лужники
/uslugi/narkolog-na-dom/moskva/lyublino/,metro,Нарколог на дом,Нарколог на дом — Люблино
/uslugi/narkolog-na-dom/moskva/marino/,metro,Нарколог на дом,Нарколог на дом — Марьино
/uslugi/narkolog-na-dom/moskva/marina-roshcha/,metro,Нарколог на дом,Нарколог на дом — Марьина Роща
/uslugi/narkolog-na-dom/moskva/marksistskaya/,metro,Нарколог на дом,Нарколог на дом — Марксистская
/uslugi/narkolog-na-dom/moskva/mayakovskaya/,metro,Нарколог на дом,Нарколог на дом — Маяковская
/uslugi/narkolog-na-dom/moskva/medvedkovo/,metro,Нарколог на дом,Нарколог на дом — Медведково
/uslugi/narkolog-na-dom/moskva/mendeleevskaya/,metro,Нарколог на дом,Нарколог на дом — Менделеевская
/uslugi/narkolog-na-dom/moskva/mezhdunarodnaya/,metro,Нарколог на дом,Нарколог на дом — Международная
/uslugi/narkolog-na-dom/moskva/minskaya/,metro,Нарколог на дом,Нарколог на дом — Минская
/uslugi/narkolog-na-dom/moskva/molodezhnaya/,metro,Нарколог на дом,Нарколог на дом — Молодёжная
/uslugi/narkolog-na-dom/moskva/myakinino/,metro,Нарколог на дом,Нарколог на дом — Мякинино
/uslugi/narkolog-na-dom/moskva/nagatinskaya/,metro,Нарколог на дом,Нарколог на дом — Нагатинская
/uslugi/narkolog-na-dom/moskva/nagornaya/,metro,Нарколог на дом,Нарколог на дом — Нагорная
/uslugi/narkolog-na-dom/moskva/nahimovskij-prospekt/,metro,Нарколог на дом,Нарколог на дом — Нахимовский проспект
/uslugi/narkolog-na-dom/moskva/nizhegorodskaya/,metro,Нарколог на дом,Нарколог на дом — Нижегородская
/uslugi/narkolog-na-dom/moskva/novogireevo/,metro,Нарколог на дом,Нарколог на дом — Новогиреево
/uslugi/narkolog-na-dom/moskva/novohohlovskaya/,metro,Нарколог на дом,Нарколог на дом — Новохохловская
/uslugi/narkolog-na-dom/moskva/novokosino/,metro,Нарколог на дом,Нарколог на дом — Новокосино
/uslugi/narkolog-na-dom/moskva/novokuzneckaya/,metro,Нарколог на дом,Нарколог на дом — Новокузнецкая
/uslugi/narkolog-na-dom/moskva/novoslobodskaya/,metro,Нарколог на дом,Нарколог на дом — Новослободская
/uslugi/narkolog-na-dom/moskva/novoyasenevskaya/,metro,Нарколог на дом,Нарколог на дом — Новоясеневская
/uslugi/narkolog-na-dom/moskva/novye-cheremushki/,metro,Нарколог на дом,Нарколог на дом — Новые Черёмушки
/uslugi/narkolog-na-dom/moskva/ohotnyj-ryad/,metro,Нарколог на дом,Нарколог на дом — Охотный Ряд
/uslugi/narkolog-na-dom/moskva/okruzhnaya/,metro,Нарколог на дом,Нарколог на дом — Окружная
/uslugi/narkolog-na-dom/moskva/oktyabrskoe-pole/,metro,Нарколог на дом,Нарколог на дом — Октябрьское Поле
/uslugi/narkolog-na-dom/moskva/oktyabrskaya/,metro,Нарколог на дом,Нарколог на дом — Октябрьская
/uslugi/narkolog-na-dom/moskva/orehovo/,metro,Нарколог на дом,Нарколог на дом — Орехово
/uslugi/narkolog-na-dom/moskva/otradnoe/,metro,Нарколог на дом,Нарколог на дом — Отрадное
/uslugi/narkolog-na-dom/moskva/panfilovskaya/,metro,Нарколог на дом,Нарколог на дом — Панфиловская
/uslugi/narkolog-na-dom/moskva/park-kultury/,metro,Нарколог на дом,Нарколог на дом — Парк культуры
/uslugi/narkolog-na-dom/moskva/park-pobedy/,metro,Нарколог на дом,Нарколог на дом — Парк Победы
/uslugi/narkolog-na-dom/moskva/partizanskaya/,metro,Нарколог на дом,Нарколог на дом — Партизанская
/uslugi/narkolog-na-dom/moskva/paveleckaya/,metro,Нарколог на дом,Нарколог на дом — Павелецкая
/uslugi/narkolog-na-dom/moskva/pechatniki/,metro,Нарколог на дом,Нарколог на дом — Печатники
/uslugi/narkolog-na-dom/moskva/perovo/,metro,Нарколог на дом,Нарколог на дом — Перово
/uslugi/narkolog-na-dom/moskva/pervomajskaya/,metro,Нарколог на дом,Нарколог на дом — Первомайская
/uslugi/narkolog-na-dom/moskva/petrovskij-park/,metro,Нарколог на дом,Нарколог на дом — Петровский парк
/uslugi/narkolog-na-dom/moskva/petrovsko-razumovskaya/,metro,Нарколог на дом,Нарколог на дом — Петровско-Разумовская
/uslugi/narkolog-na-dom/moskva/pionerskaya/,metro,Нарколог на дом,Нарколог на дом — Пионерская
/uslugi/narkolog-na-dom/moskva/planernaya/,metro,Нарколог на дом,Нарколог на дом — Планерная
/uslugi/narkolog-na-dom/moskva/ploshchad-gagarina/,metro,Нарколог на дом,Нарколог на дом — Площадь Гагарина
/uslugi/narkolog-na-dom/moskva/ploshchad-ilicha/,metro,Нарколог на дом,Нарколог на дом — Площадь Ильича
/uslugi/narkolog-na-dom/moskva/ploshchad-revolyucii/,metro,Нарколог на дом,Нарколог на дом — Площадь Революции
/uslugi/narkolog-na-dom/moskva/polezhaevskaya/,metro,Нарколог на дом,Нарколог на дом — Полежаевская
/uslugi/narkolog-na-dom/moskva/polyanka/,metro,Нарколог на дом,Нарколог на дом — Полянка
/uslugi/narkolog-na-dom/moskva/prazhskaya/,metro,Нарколог на дом,Нарколог на дом — Пражская
/uslugi/narkolog-na-dom/moskva/preobrazhenskaya-ploshchad/,metro,Нарколог на дом,Нарколог на дом — Преображенская площадь
/uslugi/narkolog-na-dom/moskva/profsoyuznaya/,metro,Нарколог на дом,Нарколог на дом — Профсоюзная
/uslugi/narkolog-na-dom/moskva/proletarskaya/,metro,Нарколог на дом,Нарколог на дом — Пролетарская
/uslugi/narkolog-na-dom/moskva/prospekt-mira/,metro,Нарколог на дом,Нарколог на дом — Проспект Мира
/uslugi/narkolog-na-dom/moskva/prospekt-vernadskogo/,metro,Нарколог на дом,Нарколог на дом — Проспект Вернадского
/uslugi/narkolog-na-dom/moskva/pushkinskaya/,metro,Нарколог на дом,Нарколог на дом — Пушкинская
/uslugi/narkolog-na-dom/moskva/pyatnickoe-shosse/,metro,Нарколог на дом,Нарколог на дом — Пятницкое шоссе
/uslugi/narkolog-na-dom/moskva/ramenki/,metro,Нарколог на дом,Нарколог на дом — Раменки
/uslugi/narkolog-na-dom/moskva/rechnoj-vokzal/,metro,Нарколог на дом,Нарколог на дом — Речной вокзал
/uslugi/narkolog-na-dom/moskva/rimskaya/,metro,Нарколог на дом,Нарколог на дом — Римская
/uslugi/narkolog-na-dom/moskva/rizhskaya/,metro,Нарколог на дом,Нарколог на дом — Рижская
/uslugi/narkolog-na-dom/moskva/rostokino/,metro,Нарколог на дом,Нарколог на дом — Ростокино
/uslugi/narkolog-na-dom/moskva/rumyancevo/,metro,Нарколог на дом,Нарколог на дом — Румянцево
/uslugi/narkolog-na-dom/moskva/ryazanskij-prospekt/,metro,Нарколог на дом,Нарколог на дом — Рязанский проспект
/uslugi/narkolog-na-dom/moskva/salarevo/,metro,Нарколог на дом,Нарколог на дом — Саларьево
/uslugi/narkolog-na-dom/moskva/savelovskaya/,metro,Нарколог на дом,Нарколог на дом — Савёловская
/uslugi/narkolog-na-dom/moskva/seligerskaya/,metro,Нарколог на дом,Нарколог на дом — Селигерская
/uslugi/narkolog-na-dom/moskva/semenovskaya/,metro,Нарколог на дом,Нарколог на дом — Семёновская
/uslugi/narkolog-na-dom/moskva/serpuhovskaya/,metro,Нарколог на дом,Нарколог на дом — Серпуховская
/uslugi/narkolog-na-dom/moskva/sevastopolskaya/,metro,Нарколог на дом,Нарколог на дом — Севастопольская
/uslugi/narkolog-na-dom/moskva/shabolovskaya/,metro,Нарколог на дом,Нарколог на дом — Шаболовская
/uslugi/narkolog-na-dom/moskva/shelepiha/,metro,Нарколог на дом,Нарколог на дом — Шелепиха
/uslugi/narkolog-na-dom/moskva/shchukinskaya/,metro,Нарколог на дом,Нарколог на дом — Щукинская
/uslugi/narkolog-na-dom/moskva/shchelkovskaya/,metro,Нарколог на дом,Нарколог на дом — Щёлковская
/uslugi/narkolog-na-dom/moskva/shipilovskaya/,metro,Нарколог на дом,Нарколог на дом — Шипиловская
/uslugi/narkolog-na-dom/moskva/shodnenskaya/,metro,Нарколог на дом,Нарколог на дом — Сходненская
/uslugi/narkolog-na-dom/moskva/shosse-entuziastov/,metro,Нарколог на дом,Нарколог на дом — Шоссе Энтузиастов
/uslugi/narkolog-na-dom/moskva/ulica-skobelevskaya/,metro,Нарколог на дом,Нарколог на дом — Улица Скобелевская
/uslugi/narkolog-na-dom/moskva/slavyanskij-bulvar/,metro,Нарколог на дом,Нарколог на дом — Славянский бульвар
/uslugi/narkolog-na-dom/moskva/smolenskaya/,metro,Нарколог на дом,Нарколог на дом — Смоленская
/uslugi/narkolog-na-dom/moskva/sokol/,metro,Нарколог на дом,Нарколог на дом — Сокол
/uslugi/narkolog-na-dom/moskva/sokolinaya-gora/,metro,Нарколог на дом,Нарколог на дом — Соколиная гора
/uslugi/narkolog-na-dom/moskva/spartak/,metro,Нарколог на дом,Нарколог на дом — Спартак
/uslugi/narkolog-na-dom/moskva/sportivnaya/,metro,Нарколог на дом,Нарколог на дом — Спортивная
/uslugi/narkolog-na-dom/moskva/sretenskij-bulvar/,metro,Нарколог на дом,Нарколог на дом — Сретенский бульвар
/uslugi/narkolog-na-dom/moskva/streshnevo/,metro,Нарколог на дом,Нарколог на дом — Стрешнево
/uslugi/narkolog-na-dom/moskva/strogino/,metro,Нарколог на дом,Нарколог на дом — Строгино
/uslugi/narkolog-na-dom/moskva/studencheskaya/,metro,Нарколог на дом,Нарколог на дом — Студенческая
/uslugi/narkolog-na-dom/moskva/suharevskaya/,metro,Нарколог на дом,Нарколог на дом — Сухаревская
/uslugi/narkolog-na-dom/moskva/sviblovo/,metro,Нарколог на дом,Нарколог на дом — Свиблово
/uslugi/narkolog-na-dom/moskva/taganskaya/,metro,Нарколог на дом,Нарколог на дом — Таганская
/uslugi/narkolog-na-dom/moskva/teatralnaya/,metro,Нарколог на дом,Нарколог на дом — Театральная
/uslugi/narkolog-na-dom/moskva/tehnopark/,metro,Нарколог на дом,Нарколог на дом — Технопарк
/uslugi/narkolog-na-dom/moskva/tekstilshchiki/,metro,Нарколог на дом,Нарколог на дом — Текстильщики
/uslugi/narkolog-na-dom/moskva/telecentr/,metro,Нарколог на дом,Нарколог на дом — Телецентр
/uslugi/narkolog-na-dom/moskva/teplyj-stan/,metro,Нарколог на дом,Нарколог на дом — Тёплый Стан
/uslugi/narkolog-na-dom/moskva/timiryazevskaya/,metro,Нарколог на дом,Нарколог на дом — Тимирязевская
/uslugi/narkolog-na-dom/moskva/tretyakovskaya/,metro,Нарколог на дом,Нарколог на дом — Третьяковская
/uslugi/narkolog-na-dom/moskva/troparevo/,metro,Нарколог на дом,Нарколог на дом — Тропарёво
/uslugi/narkolog-na-dom/moskva/trubnaya/,metro,Нарколог на дом,Нарколог на дом — Трубная
/uslugi/narkolog-na-dom/moskva/tulskaya/,metro,Нарколог на дом,Нарколог на дом — Тульская
/uslugi/narkolog-na-dom/moskva/turgenevskaya/,metro,Нарколог на дом,Нарколог на дом — Тургеневская
/uslugi/narkolog-na-dom/moskva/tushinskaya/,metro,Нарколог на дом,Нарколог на дом — Тушинская
/uslugi/narkolog-na-dom/moskva/tverskaya/,metro,Нарколог на дом,Нарколог на дом — Тверская
/uslugi/narkolog-na-dom/moskva/ugreshskaya/,metro,Нарколог на дом,Нарколог на дом — Угрешская
/uslugi/narkolog-na-dom/moskva/ulica-1905-goda/,metro,Нарколог на дом,Нарколог на дом — Улица 1905 года
/uslugi/narkolog-na-dom/moskva/ulica-akademika-koroleva/,metro,Нарколог на дом,Нарколог на дом — Улица Академика Королёва
/uslugi/narkolog-na-dom/moskva/ulica-akademika-yangelya/,metro,Нарколог на дом,Нарколог на дом — Улица Академика Янгеля
/uslugi/narkolog-na-dom/moskva/ulica-gorchakova/,metro,Нарколог на дом,Нарколог на дом — Улица Горчакова
/uslugi/narkolog-na-dom/moskva/ulica-milashenkova/,metro,Нарколог на дом,Нарколог на дом — Улица Милашенкова
/uslugi/narkolog-na-dom/moskva/ulica-sergeya-ejzenshtejna/,metro,Нарколог на дом,Нарколог на дом — Улица Сергея Эйзенштейна
/uslugi/narkolog-na-dom/moskva/ulica-starokachalovskaya/,metro,Нарколог на дом,Нарколог на дом — Улица Старокачаловская
/uslugi/narkolog-na-dom/moskva/universitet/,metro,Нарколог на дом,Нарколог на дом — Университет
/uslugi/narkolog-na-dom/moskva/varshavskaya/,metro,Нарколог на дом,Нарколог на дом — Варшавская
/uslugi/narkolog-na-dom/moskva/vdnh/,metro,Нарколог на дом,Нарколог на дом — ВДНХ
/uslugi/narkolog-na-dom/moskva/verhnie-kotly/,metro,Нарколог на дом,Нарколог на дом — Верхние Котлы
/uslugi/narkolog-na-dom/moskva/verhnie-lihobory/,metro,Нарколог на дом,Нарколог на дом — Верхние Лихоборы
/uslugi/narkolog-na-dom/moskva/vladykino/,metro,Нарколог на дом,Нарколог на дом — Владыкино
/uslugi/narkolog-na-dom/moskva/vodnyj-stadion/,metro,Нарколог на дом,Нарколог на дом — Водный стадион
/uslugi/narkolog-na-dom/moskva/vojkovskaya/,metro,Нарколог на дом,Нарколог на дом — Войковская
/uslugi/narkolog-na-dom/moskva/volgogradskij-prospekt/,metro,Нарколог на дом,Нарколог на дом — Волгоградский проспект
/uslugi/narkolog-na-dom/moskva/volokolamskaya/,metro,Нарколог на дом,Нарколог на дом — Волоколамская
/uslugi/narkolog-na-dom/moskva/volzhskaya/,metro,Нарколог на дом,Нарколог на дом — Волжская
/uslugi/narkolog-na-dom/moskva/vorobevy-gory/,metro,Нарколог на дом,Нарколог на дом — Воробьёвы горы
/uslugi/narkolog-na-dom/moskva/vyhino/,metro,Нарколог на дом,Нарколог на дом — Выхино
/uslugi/narkolog-na-dom/moskva/vystavochnaya/,metro,Нарколог на дом,Нарколог на дом — Выставочная
/uslugi/narkolog-na-dom/moskva/vystavochnyj-centr/,metro,Нарколог на дом,Нарколог на дом — Выставочный центр
/uslugi/narkolog-na-dom/moskva/yasenevo/,metro,Нарколог на дом,Нарколог на дом — Ясенево
/uslugi/narkolog-na-dom/moskva/yugo-zapadnaya/,metro,Нарколог на дом,Нарколог на дом — Юго-Западная
/uslugi/narkolog-na-dom/moskva/yuzhnaya/,metro,Нарколог на дом,Нарколог на дом — Южная
/uslugi/narkolog-na-dom/moskva/zhulebino/,metro,Нарколог на дом,Нарколог на дом — Жулебино
/uslugi/narkolog-na-dom/moskva/zil/,metro,Нарколог на дом,Нарколог на дом — ЗИЛ
/uslugi/narkolog-na-dom/moskva/zorge/,metro,Нарколог на дом,Нарколог на дом — Зорге
/uslugi/narkolog-na-dom/moskva/zyablikovo/,metro,Нарколог на дом,Нарколог на дом — Зябликово
/uslugi/narkolog-na-dom/moskva/cao/,okrug,Нарколог на дом,Нарколог на дом — ЦАО
/uslugi/narkolog-na-dom/moskva/sao/,okrug,Нарколог на дом,Нарколог на дом — САО
/uslugi/narkolog-na-dom/moskva/svao/,okrug,Нарколог на дом,Нарколог на дом — СВАО
/uslugi/narkolog-na-dom/moskva/vao/,okrug,Нарколог на дом,Нарколог на дом — ВАО
/uslugi/narkolog-na-dom/moskva/yuvao/,okrug,Нарколог на дом,Нарколог на дом — ЮВАО
/uslugi/narkolog-na-dom/moskva/yuao/,okrug,Нарколог на дом,Нарколог на дом — ЮАО
/uslugi/narkolog-na-dom/moskva/yuzao/,okrug,Нарколог на дом,Нарколог на дом — ЮЗАО
/uslugi/narkolog-na-dom/moskva/zao/,okrug,Нарколог на дом,Нарколог на дом — ЗАО
/uslugi/narkolog-na-dom/moskva/szao/,okrug,Нарколог на дом,Нарколог на дом — СЗАО
/uslugi/narkolog-na-dom/moskva/zelao/,okrug,Нарколог на дом,Нарколог на дом — ЗелАО
/uslugi/narkolog-na-dom/moskva/nao/,okrug,Нарколог на дом,Нарколог на дом — НАО
/uslugi/narkolog-na-dom/moskva/tao/,okrug,Нарколог на дом,Нарколог на дом — ТАО
/uslugi/narkolog-na-dom/moskovskaya-oblast/balashiha/,city,Нарколог на дом,Нарколог на дом — Балашиха
/uslugi/narkolog-na-dom/moskovskaya-oblast/podolsk/,city,Нарколог на дом,Нарколог на дом — Подольск
/uslugi/narkolog-na-dom/moskovskaya-oblast/himki/,city,Нарколог на дом,Нарколог на дом — Химки
/uslugi/narkolog-na-dom/moskovskaya-oblast/mytishchi/,city,Нарколог на дом,Нарколог на дом — Мытищи
/uslugi/narkolog-na-dom/moskovskaya-oblast/korolev/,city,Нарколог на дом,Нарколог на дом — Королёв
/uslugi/narkolog-na-dom/moskovskaya-oblast/lyubertsy/,city,Нарколог на дом,Нарколог на дом — Люберцы
/uslugi/narkolog-na-dom/moskovskaya-oblast/krasnogorsk/,city,Нарколог на дом,Нарколог на дом — Красногорск
/uslugi/narkolog-na-dom/moskovskaya-oblast/elektrostal/,city,Нарколог на дом,Нарколог на дом — Электросталь
/uslugi/narkolog-na-dom/moskovskaya-oblast/kolomna/,city,Нарколог на дом,Нарколог на дом — Коломна
/uslugi/narkolog-na-dom/moskovskaya-oblast/odincovo/,city,Нарколог на дом,Нарколог на дом — Одинцово
/uslugi/narkolog-na-dom/moskovskaya-oblast/domodedovo/,city,Нарколог на дом,Нарколог на дом — Домодедово
/uslugi/narkolog-na-dom/moskovskaya-oblast/shchelkovo/,city,Нарколог на дом,Нарколог на дом — Щёлково
/uslugi/narkolog-na-dom/moskovskaya-oblast/serpuhov/,city,Нарколог на дом,Нарколог на дом — Серпухов
/uslugi/narkolog-na-dom/moskovskaya-oblast/ramenskoe/,city,Нарколог на дом,Нарколог на дом — Раменское
/uslugi/narkolog-na-dom/moskovskaya-oblast/dolgoprudnyj/,city,Нарколог на дом,Нарколог на дом — Долгопрудный
/uslugi/narkolog-na-dom/moskovskaya-oblast/pushkino/,city,Нарколог на дом,Нарколог на дом — Пушкино
/uslugi/narkolog-na-dom/moskovskaya-oblast/reutov/,city,Нарколог на дом,Нарколог на дом — Реутов
/uslugi/narkolog-na-dom/moskovskaya-oblast/zhukovskij/,city,Нарколог на дом,Нарколог на дом — Жуковский
/uslugi/narkolog-na-dom/moskovskaya-oblast/noginsk/,city,Нарколог на дом,Нарколог на дом — Ногинск
/uslugi/narkolog-na-dom/moskovskaya-oblast/sergiev-posad/,city,Нарколог на дом,Нарколог на дом — Сергиев Посад
/uslugi/narkolog-na-dom/moskovskaya-oblast/voskresensk/,city,Нарколог на дом,Нарколог на дом — Воскресенск
/uslugi/narkolog-na-dom/moskovskaya-oblast/orehovo-zuevo/,city,Нарколог на дом,Нарколог на дом — Орехово-Зуево
/uslugi/narkolog-na-dom/moskovskaya-oblast/pavlovskij-posad/,city,Нарколог на дом,Нарколог на дом — Павловский Посад
/uslugi/narkolog-na-dom/moskovskaya-oblast/lobnya/,city,Нарколог на дом,Нарколог на дом — Лобня
/uslugi/narkolog-na-dom/moskovskaya-oblast/ivanteevka/,city,Нарколог на дом,Нарколог на дом — Ивантеевка
/uslugi/narkolog-na-dom/moskovskaya-oblast/klin/,city,Нарколог на дом,Нарколог на дом — Клин
/uslugi/narkolog-na-dom/moskovskaya-oblast/egorevsk/,city,Нарколог на дом,Нарколог на дом — Егорьевск
/uslugi/narkolog-na-dom/moskovskaya-oblast/dmitrov/,city,Нарколог на дом,Нарколог на дом — Дмитров
/uslugi/narkolog-na-dom/moskovskaya-oblast/chehov/,city,Нарколог на дом,Нарколог на дом — Чехов
/uslugi/narkolog-na-dom/moskovskaya-oblast/naro-fominsk/,city,Нарколог на дом,Нарколог на дом — Наро-Фоминск
/uslugi/narkolog-na-dom/moskovskaya-oblast/stupino/,city,Нарколог на дом,Нарколог на дом — Ступино
/uslugi/narkolog-na-dom/moskovskaya-oblast/vidnoe/,city,Нарколог на дом,Нарколог на дом — Видное
/uslugi/narkolog-na-dom/moskovskaya-oblast/fryazino/,city,Нарколог на дом,Нарколог на дом — Фрязино
/uslugi/narkolog-na-dom/moskovskaya-oblast/lytkarino/,city,Нарколог на дом,Нарколог на дом — Лыткарино
/uslugi/narkolog-na-dom/moskovskaya-oblast/dzerzhinskij/,city,Нарколог на дом,Нарколог на дом — Дзержинский
/uslugi/narkolog-na-dom/moskovskaya-oblast/kotelniki/,city,Нарколог на дом,Нарколог на дом — Котельники
/uslugi/narkolog-na-dom/moskovskaya-oblast/istra/,city,Нарколог на дом,Нарколог на дом — Истра
/uslugi/narkolog-na-dom/moskovskaya-oblast/dedovsk/,city,Нарколог на дом,Нарколог на дом — Дедовск
/uslugi/narkolog-na-dom/moskovskaya-oblast/solnechnogorsk/,city,Нарколог на дом,Нарколог на дом — Солнечногорск
/uslugi/narkolog-na-dom/moskovskaya-oblast/aprelevka/,city,Нарколог на дом,Нарколог на дом — Апрелевка
/uslugi/narkolog-na-dom/moskovskaya-oblast/kubinka/,city,Нарколог на дом,Нарколог на дом — Кубинка
/uslugi/narkolog-na-dom/moskovskaya-oblast/ruza/,city,Нарколог на дом,Нарколог на дом — Руза
/uslugi/narkolog-na-dom/moskovskaya-oblast/zvenigorod/,city,Нарколог на дом,Нарколог на дом — Звенигород
/uslugi/narkolog-na-dom/moskovskaya-oblast/mozhajsk/,city,Нарколог на дом,Нарколог на дом — Можайск
/uslugi/narkolog-na-dom/moskovskaya-oblast/luhovicy/,city,Нарколог на дом,Нарколог на дом — Луховицы
/uslugi/narkolog-na-dom/moskovskaya-oblast/kashira/,city,Нарколог на дом,Нарколог на дом — Кашира
/uslugi/narkolog-na-dom/moskovskaya-oblast/protvino/,city,Нарколог на дом,Нарколог на дом — Протвино
/uslugi/narkolog-na-dom/moskovskaya-oblast/dubna/,city,Нарколог на дом,Нарколог на дом — Дубна
/uslugi/narkolog-na-dom/moskovskaya-oblast/chernogolovka/,city,Нарколог на дом,Нарколог на дом — Черноголовка
/uslugi/narkolog-na-dom/moskovskaya-oblast/volokolamsk/,city,Нарколог на дом,Нарколог на дом — Волоколамск
/uslugi/vyvod-iz-zapoya/na-domu/moskva/aeroport/,metro,Вывод из запоя,Вывод из запоя на дому — Аэропорт
/uslugi/vyvod-iz-zapoya/na-domu/moskva/aleksandrovskij-sad/,metro,Вывод из запоя,Вывод из запоя на дому — Александровский сад
/uslugi/vyvod-iz-zapoya/na-domu/moskva/alekseevskaya/,metro,Вывод из запоя,Вывод из запоя на дому — Алексеевская
/uslugi/vyvod-iz-zapoya/na-domu/moskva/alma-atinskaya/,metro,Вывод из запоя,Вывод из запоя на дому — Алма-Атинская
/uslugi/vyvod-iz-zapoya/na-domu/moskva/altufevo/,metro,Вывод из запоя,Вывод из запоя на дому — Алтуфьево
/uslugi/vyvod-iz-zapoya/na-domu/moskva/andronovka/,metro,Вывод из запоя,Вывод из запоя на дому — Андроновка
/uslugi/vyvod-iz-zapoya/na-domu/moskva/annino/,metro,Вывод из запоя,Вывод из запоя на дому — Аннино
/uslugi/vyvod-iz-zapoya/na-domu/moskva/arbatskaya/,metro,Вывод из запоя,Вывод из запоя на дому — Арбатская
/uslugi/vyvod-iz-zapoya/na-domu/moskva/aviamotornaya/,metro,Вывод из запоя,Вывод из запоя на дому — Авиамоторная
/uslugi/vyvod-iz-zapoya/na-domu/moskva/avtozavodskaya/,metro,Вывод из запоя,Вывод из запоя на дому — Автозаводская
/uslugi/vyvod-iz-zapoya/na-domu/moskva/babushkinskaya/,metro,Вывод из запоя,Вывод из запоя на дому — Бабушкинская
/uslugi/vyvod-iz-zapoya/na-domu/moskva/bagrationovskaya/,metro,Вывод из запоя,Вывод из запоя на дому — Багратионовская
/uslugi/vyvod-iz-zapoya/na-domu/moskva/baltijskaya/,metro,Вывод из запоя,Вывод из запоя на дому — Балтийская
/uslugi/vyvod-iz-zapoya/na-domu/moskva/barrikadnaya/,metro,Вывод из запоя,Вывод из запоя на дому — Баррикадная
/uslugi/vyvod-iz-zapoya/na-domu/moskva/baumanskaya/,metro,Вывод из запоя,Вывод из запоя на дому — Бауманская
/uslugi/vyvod-iz-zapoya/na-domu/moskva/begovaya/,metro,Вывод из запоя,Вывод из запоя на дому — Беговая
/uslugi/vyvod-iz-zapoya/na-domu/moskva/belokamennaya/,metro,Вывод из запоя,Вывод из запоя на дому — Белокаменная
/uslugi/vyvod-iz-zapoya/na-domu/moskva/belorusskaya/,metro,Вывод из запоя,Вывод из запоя на дому — Белорусская
/uslugi/vyvod-iz-zapoya/na-domu/moskva/belyaevo/,metro,Вывод из запоя,Вывод из запоя на дому — Беляево
/uslugi/vyvod-iz-zapoya/na-domu/moskva/bibirevo/,metro,Вывод из запоя,Вывод из запоя на дому — Бибирево
/uslugi/vyvod-iz-zapoya/na-domu/moskva/biblioteka-imeni-lenina/,metro,Вывод из запоя,Вывод из запоя на дому — Библиотека имени Ленина
/uslugi/vyvod-iz-zapoya/na-domu/moskva/bitcevskij-park/,metro,Вывод из запоя,Вывод из запоя на дому — Битцевский парк
/uslugi/vyvod-iz-zapoya/na-domu/moskva/borisovo/,metro,Вывод из запоя,Вывод из запоя на дому — Борисово
/uslugi/vyvod-iz-zapoya/na-domu/moskva/borovickaya/,metro,Вывод из запоя,Вывод из запоя на дому — Боровицкая
/uslugi/vyvod-iz-zapoya/na-domu/moskva/botanicheskij-sad/,metro,Вывод из запоя,Вывод из запоя на дому — Ботанический сад
/uslugi/vyvod-iz-zapoya/na-domu/moskva/bratislavskaya/,metro,Вывод из запоя,Вывод из запоя на дому — Братиславская
/uslugi/vyvod-iz-zapoya/na-domu/moskva/bulvar-admirala-ushakova/,metro,Вывод из запоя,Вывод из запоя на дому — Бульвар Адмирала Ушакова
/uslugi/vyvod-iz-zapoya/na-domu/moskva/bulvar-rokossovskogo/,metro,Вывод из запоя,Вывод из запоя на дому — Бульвар Рокоссовского
/uslugi/vyvod-iz-zapoya/na-domu/moskva/buninskaya-alleya/,metro,Вывод из запоя,Вывод из запоя на дому — Бунинская аллея
/uslugi/vyvod-iz-zapoya/na-domu/moskva/butyrskaya/,metro,Вывод из запоя,Вывод из запоя на дому — Бутырская
/uslugi/vyvod-iz-zapoya/na-domu/moskva/chehovskaya/,metro,Вывод из запоя,Вывод из запоя на дому — Чеховская
/uslugi/vyvod-iz-zapoya/na-domu/moskva/cherkizovskaya/,metro,Вывод из запоя,Вывод из запоя на дому — Черкизовская
/uslugi/vyvod-iz-zapoya/na-domu/moskva/chertanovskaya/,metro,Вывод из запоя,Вывод из запоя на дому — Чертановская
/uslugi/vyvod-iz-zapoya/na-domu/moskva/chistye-prudy/,metro,Вывод из запоя,Вывод из запоя на дому — Чистые пруды
/uslugi/vyvod-iz-zapoya/na-domu/moskva/chkalovskaya/,metro,Вывод из запоя,Вывод из запоя на дому — Чкаловская
/uslugi/vyvod-iz-zapoya/na-domu/moskva/caricyno/,metro,Вывод из запоя,Вывод из запоя на дому — Царицыно
/uslugi/vyvod-iz-zapoya/na-domu/moskva/cska/,metro,Вывод из запоя,Вывод из запоя на дому — ЦСКА
/uslugi/vyvod-iz-zapoya/na-domu/moskva/cvetnoj-bulvar/,metro,Вывод из запоя,Вывод из запоя на дому — Цветной бульвар
/uslugi/vyvod-iz-zapoya/na-domu/moskva/delovoj-centr/,metro,Вывод из запоя,Вывод из запоя на дому — Деловой центр
/uslugi/vyvod-iz-zapoya/na-domu/moskva/dinamo/,metro,Вывод из запоя,Вывод из запоя на дому — Динамо
/uslugi/vyvod-iz-zapoya/na-domu/moskva/dmitrovskaya/,metro,Вывод из запоя,Вывод из запоя на дому — Дмитровская
/uslugi/vyvod-iz-zapoya/na-domu/moskva/dobryninskaya/,metro,Вывод из запоя,Вывод из запоя на дому — Добрынинская
/uslugi/vyvod-iz-zapoya/na-domu/moskva/domodedovskaya/,metro,Вывод из запоя,Вывод из запоя на дому — Домодедовская
/uslugi/vyvod-iz-zapoya/na-domu/moskva/dostoevskaya/,metro,Вывод из запоя,Вывод из запоя на дому — Достоевская
/uslugi/vyvod-iz-zapoya/na-domu/moskva/elektrozavodskaya/,metro,Вывод из запоя,Вывод из запоя на дому — Электрозаводская
/uslugi/vyvod-iz-zapoya/na-domu/moskva/filevskij-park/,metro,Вывод из запоя,Вывод из запоя на дому — Филёвский парк
/uslugi/vyvod-iz-zapoya/na-domu/moskva/fili/,metro,Вывод из запоя,Вывод из запоя на дому — Фили
/uslugi/vyvod-iz-zapoya/na-domu/moskva/fonvizinskaya/,metro,Вывод из запоя,Вывод из запоя на дому — Фонвизинская
/uslugi/vyvod-iz-zapoya/na-domu/moskva/frunzenskaya/,metro,Вывод из запоя,Вывод из запоя на дому — Фрунзенская
/uslugi/vyvod-iz-zapoya/na-domu/moskva/horoshevskaya/,metro,Вывод из запоя,Вывод из запоя на дому — Хорошёвская
/uslugi/vyvod-iz-zapoya/na-domu/moskva/hovrino/,metro,Вывод из запоя,Вывод из запоя на дому — Ховрино
/uslugi/vyvod-iz-zapoya/na-domu/moskva/izmajlovskaya/,metro,Вывод из запоя,Вывод из запоя на дому — Измайловская
/uslugi/vyvod-iz-zapoya/na-domu/moskva/kahovskaya/,metro,Вывод из запоя,Вывод из запоя на дому — Каховская
/uslugi/vyvod-iz-zapoya/na-domu/moskva/kaluzhskaya/,metro,Вывод из запоя,Вывод из запоя на дому — Калужская
/uslugi/vyvod-iz-zapoya/na-domu/moskva/kantemirovskaya/,metro,Вывод из запоя,Вывод из запоя на дому — Кантемировская
/uslugi/vyvod-iz-zapoya/na-domu/moskva/kashirskaya/,metro,Вывод из запоя,Вывод из запоя на дому — Каширская
/uslugi/vyvod-iz-zapoya/na-domu/moskva/kievskaya/,metro,Вывод из запоя,Вывод из запоя на дому — Киевская
/uslugi/vyvod-iz-zapoya/na-domu/moskva/kitaj-gorod/,metro,Вывод из запоя,Вывод из запоя на дому — Китай-город
/uslugi/vyvod-iz-zapoya/na-domu/moskva/kolomenskaya/,metro,Вывод из запоя,Вывод из запоя на дому — Коломенская
/uslugi/vyvod-iz-zapoya/na-domu/moskva/komsomolskaya/,metro,Вывод из запоя,Вывод из запоя на дому — Комсомольская
/uslugi/vyvod-iz-zapoya/na-domu/moskva/konkovo/,metro,Вывод из запоя,Вывод из запоя на дому — Коньково
/uslugi/vyvod-iz-zapoya/na-domu/moskva/koptevo/,metro,Вывод из запоя,Вывод из запоя на дому — Коптево
/uslugi/vyvod-iz-zapoya/na-domu/moskva/kotelniki/,metro,Вывод из запоя,Вывод из запоя на дому — Котельники
/uslugi/vyvod-iz-zapoya/na-domu/moskva/kozhuhovskaya/,metro,Вывод из запоя,Вывод из запоя на дому — Кожуховская
/uslugi/vyvod-iz-zapoya/na-domu/moskva/krasnogvardejskaya/,metro,Вывод из запоя,Вывод из запоя на дому — Красногвардейская
/uslugi/vyvod-iz-zapoya/na-domu/moskva/krasnopresnenskaya/,metro,Вывод из запоя,Вывод из запоя на дому — Краснопресненская
/uslugi/vyvod-iz-zapoya/na-domu/moskva/krasnoselskaya/,metro,Вывод из запоя,Вывод из запоя на дому — Красносельская
/uslugi/vyvod-iz-zapoya/na-domu/moskva/krasnye-vorota/,metro,Вывод из запоя,Вывод из запоя на дому — Красные ворота
/uslugi/vyvod-iz-zapoya/na-domu/moskva/krestyanskaya-zastava/,metro,Вывод из запоя,Вывод из запоя на дому — Крестьянская застава
/uslugi/vyvod-iz-zapoya/na-domu/moskva/kropotkinskaya/,metro,Вывод из запоя,Вывод из запоя на дому — Кропоткинская
/uslugi/vyvod-iz-zapoya/na-domu/moskva/krylatskoe/,metro,Вывод из запоя,Вывод из запоя на дому — Крылатское
/uslugi/vyvod-iz-zapoya/na-domu/moskva/krymskaya/,metro,Вывод из запоя,Вывод из запоя на дому — Крымская
/uslugi/vyvod-iz-zapoya/na-domu/moskva/kuncevskaya/,metro,Вывод из запоя,Вывод из запоя на дому — Кунцевская
/uslugi/vyvod-iz-zapoya/na-domu/moskva/kurskaya/,metro,Вывод из запоя,Вывод из запоя на дому — Курская
/uslugi/vyvod-iz-zapoya/na-domu/moskva/kutuzovskaya/,metro,Вывод из запоя,Вывод из запоя на дому — Кутузовская
/uslugi/vyvod-iz-zapoya/na-domu/moskva/kuzminki/,metro,Вывод из запоя,Вывод из запоя на дому — Кузьминки
/uslugi/vyvod-iz-zapoya/na-domu/moskva/kuzneckij-most/,metro,Вывод из запоя,Вывод из запоя на дому — Кузнецкий мост
/uslugi/vyvod-iz-zapoya/na-domu/moskva/leninskij-prospekt/,metro,Вывод из запоя,Вывод из запоя на дому — Ленинский проспект
/uslugi/vyvod-iz-zapoya/na-domu/moskva/lermontovskij-prospekt/,metro,Вывод из запоя,Вывод из запоя на дому — Лермонтовский проспект
/uslugi/vyvod-iz-zapoya/na-domu/moskva/lesoparkovaya/,metro,Вывод из запоя,Вывод из запоя на дому — Лесопарковая
/uslugi/vyvod-iz-zapoya/na-domu/moskva/lihobory/,metro,Вывод из запоя,Вывод из запоя на дому — Лихоборы
/uslugi/vyvod-iz-zapoya/na-domu/moskva/lokomotiv/,metro,Вывод из запоя,Вывод из запоя на дому — Локомотив
/uslugi/vyvod-iz-zapoya/na-domu/moskva/lomonosovskij-prospekt/,metro,Вывод из запоя,Вывод из запоя на дому — Ломоносовский проспект
/uslugi/vyvod-iz-zapoya/na-domu/moskva/lubyanka/,metro,Вывод из запоя,Вывод из запоя на дому — Лубянка
/uslugi/vyvod-iz-zapoya/na-domu/moskva/luzhniki/,metro,Вывод из запоя,Вывод из запоя на дому — Лужники
/uslugi/vyvod-iz-zapoya/na-domu/moskva/lyublino/,metro,Вывод из запоя,Вывод из запоя на дому — Люблино
/uslugi/vyvod-iz-zapoya/na-domu/moskva/marino/,metro,Вывод из запоя,Вывод из запоя на дому — Марьино
/uslugi/vyvod-iz-zapoya/na-domu/moskva/marina-roshcha/,metro,Вывод из запоя,Вывод из запоя на дому — Марьина Роща
/uslugi/vyvod-iz-zapoya/na-domu/moskva/marksistskaya/,metro,Вывод из запоя,Вывод из запоя на дому — Марксистская
/uslugi/vyvod-iz-zapoya/na-domu/moskva/mayakovskaya/,metro,Вывод из запоя,Вывод из запоя на дому — Маяковская
/uslugi/vyvod-iz-zapoya/na-domu/moskva/medvedkovo/,metro,Вывод из запоя,Вывод из запоя на дому — Медведково
/uslugi/vyvod-iz-zapoya/na-domu/moskva/mendeleevskaya/,metro,Вывод из запоя,Вывод из запоя на дому — Менделеевская
/uslugi/vyvod-iz-zapoya/na-domu/moskva/mezhdunarodnaya/,metro,Вывод из запоя,Вывод из запоя на дому — Международная
/uslugi/vyvod-iz-zapoya/na-domu/moskva/minskaya/,metro,Вывод из запоя,Вывод из запоя на дому — Минская
/uslugi/vyvod-iz-zapoya/na-domu/moskva/molodezhnaya/,metro,Вывод из запоя,Вывод из запоя на дому — Молодёжная
/uslugi/vyvod-iz-zapoya/na-domu/moskva/myakinino/,metro,Вывод из запоя,Вывод из запоя на дому — Мякинино
/uslugi/vyvod-iz-zapoya/na-domu/moskva/nagatinskaya/,metro,Вывод из запоя,Вывод из запоя на дому — Нагатинская
/uslugi/vyvod-iz-zapoya/na-domu/moskva/nagornaya/,metro,Вывод из запоя,Вывод из запоя на дому — Нагорная
/uslugi/vyvod-iz-zapoya/na-domu/moskva/nahimovskij-prospekt/,metro,Вывод из запоя,Вывод из запоя на дому — Нахимовский проспект
/uslugi/vyvod-iz-zapoya/na-domu/moskva/nizhegorodskaya/,metro,Вывод из запоя,Вывод из запоя на дому — Нижегородская
/uslugi/vyvod-iz-zapoya/na-domu/moskva/novogireevo/,metro,Вывод из запоя,Вывод из запоя на дому — Новогиреево
/uslugi/vyvod-iz-zapoya/na-domu/moskva/novohohlovskaya/,metro,Вывод из запоя,Вывод из запоя на дому — Новохохловская
/uslugi/vyvod-iz-zapoya/na-domu/moskva/novokosino/,metro,Вывод из запоя,Вывод из запоя на дому — Новокосино
/uslugi/vyvod-iz-zapoya/na-domu/moskva/novokuzneckaya/,metro,Вывод из запоя,Вывод из запоя на дому — Новокузнецкая
/uslugi/vyvod-iz-zapoya/na-domu/moskva/novoslobodskaya/,metro,Вывод из запоя,Вывод из запоя на дому — Новослободская
/uslugi/vyvod-iz-zapoya/na-domu/moskva/novoyasenevskaya/,metro,Вывод из запоя,Вывод из запоя на дому — Новоясеневская
/uslugi/vyvod-iz-zapoya/na-domu/moskva/novye-cheremushki/,metro,Вывод из запоя,Вывод из запоя на дому — Новые Черёмушки
/uslugi/vyvod-iz-zapoya/na-domu/moskva/ohotnyj-ryad/,metro,Вывод из запоя,Вывод из запоя на дому — Охотный Ряд
/uslugi/vyvod-iz-zapoya/na-domu/moskva/okruzhnaya/,metro,Вывод из запоя,Вывод из запоя на дому — Окружная
/uslugi/vyvod-iz-zapoya/na-domu/moskva/oktyabrskoe-pole/,metro,Вывод из запоя,Вывод из запоя на дому — Октябрьское Поле
/uslugi/vyvod-iz-zapoya/na-domu/moskva/oktyabrskaya/,metro,Вывод из запоя,Вывод из запоя на дому — Октябрьская
/uslugi/vyvod-iz-zapoya/na-domu/moskva/orehovo/,metro,Вывод из запоя,Вывод из запоя на дому — Орехово
/uslugi/vyvod-iz-zapoya/na-domu/moskva/otradnoe/,metro,Вывод из запоя,Вывод из запоя на дому — Отрадное
/uslugi/vyvod-iz-zapoya/na-domu/moskva/panfilovskaya/,metro,Вывод из запоя,Вывод из запоя на дому — Панфиловская
/uslugi/vyvod-iz-zapoya/na-domu/moskva/park-kultury/,metro,Вывод из запоя,Вывод из запоя на дому — Парк культуры
/uslugi/vyvod-iz-zapoya/na-domu/moskva/park-pobedy/,metro,Вывод из запоя,Вывод из запоя на дому — Парк Победы
/uslugi/vyvod-iz-zapoya/na-domu/moskva/partizanskaya/,metro,Вывод из запоя,Вывод из запоя на дому — Партизанская
/uslugi/vyvod-iz-zapoya/na-domu/moskva/paveleckaya/,metro,Вывод из запоя,Вывод из запоя на дому — Павелецкая
/uslugi/vyvod-iz-zapoya/na-domu/moskva/pechatniki/,metro,Вывод из запоя,Вывод из запоя на дому — Печатники
/uslugi/vyvod-iz-zapoya/na-domu/moskva/perovo/,metro,Вывод из запоя,Вывод из запоя на дому — Перово
/uslugi/vyvod-iz-zapoya/na-domu/moskva/pervomajskaya/,metro,Вывод из запоя,Вывод из запоя на дому — Первомайская
/uslugi/vyvod-iz-zapoya/na-domu/moskva/petrovskij-park/,metro,Вывод из запоя,Вывод из запоя на дому — Петровский парк
/uslugi/vyvod-iz-zapoya/na-domu/moskva/petrovsko-razumovskaya/,metro,Вывод из запоя,Вывод из запоя на дому — Петровско-Разумовская
/uslugi/vyvod-iz-zapoya/na-domu/moskva/pionerskaya/,metro,Вывод из запоя,Вывод из запоя на дому — Пионерская
/uslugi/vyvod-iz-zapoya/na-domu/moskva/planernaya/,metro,Вывод из запоя,Вывод из запоя на дому — Планерная
/uslugi/vyvod-iz-zapoya/na-domu/moskva/ploshchad-gagarina/,metro,Вывод из запоя,Вывод из запоя на дому — Площадь Гагарина
/uslugi/vyvod-iz-zapoya/na-domu/moskva/ploshchad-ilicha/,metro,Вывод из запоя,Вывод из запоя на дому — Площадь Ильича
/uslugi/vyvod-iz-zapoya/na-domu/moskva/ploshchad-revolyucii/,metro,Вывод из запоя,Вывод из запоя на дому — Площадь Революции
/uslugi/vyvod-iz-zapoya/na-domu/moskva/polezhaevskaya/,metro,Вывод из запоя,Вывод из запоя на дому — Полежаевская
/uslugi/vyvod-iz-zapoya/na-domu/moskva/polyanka/,metro,Вывод из запоя,Вывод из запоя на дому — Полянка
/uslugi/vyvod-iz-zapoya/na-domu/moskva/prazhskaya/,metro,Вывод из запоя,Вывод из запоя на дому — Пражская
/uslugi/vyvod-iz-zapoya/na-domu/moskva/preobrazhenskaya-ploshchad/,metro,Вывод из запоя,Вывод из запоя на дому — Преображенская площадь
/uslugi/vyvod-iz-zapoya/na-domu/moskva/profsoyuznaya/,metro,Вывод из запоя,Вывод из запоя на дому — Профсоюзная
/uslugi/vyvod-iz-zapoya/na-domu/moskva/proletarskaya/,metro,Вывод из запоя,Вывод из запоя на дому — Пролетарская
/uslugi/vyvod-iz-zapoya/na-domu/moskva/prospekt-mira/,metro,Вывод из запоя,Вывод из запоя на дому — Проспект Мира
/uslugi/vyvod-iz-zapoya/na-domu/moskva/prospekt-vernadskogo/,metro,Вывод из запоя,Вывод из запоя на дому — Проспект Вернадского
/uslugi/vyvod-iz-zapoya/na-domu/moskva/pushkinskaya/,metro,Вывод из запоя,Вывод из запоя на дому — Пушкинская
/uslugi/vyvod-iz-zapoya/na-domu/moskva/pyatnickoe-shosse/,metro,Вывод из запоя,Вывод из запоя на дому — Пятницкое шоссе
/uslugi/vyvod-iz-zapoya/na-domu/moskva/ramenki/,metro,Вывод из запоя,Вывод из запоя на дому — Раменки
/uslugi/vyvod-iz-zapoya/na-domu/moskva/rechnoj-vokzal/,metro,Вывод из запоя,Вывод из запоя на дому — Речной вокзал
/uslugi/vyvod-iz-zapoya/na-domu/moskva/rimskaya/,metro,Вывод из запоя,Вывод из запоя на дому — Римская
/uslugi/vyvod-iz-zapoya/na-domu/moskva/rizhskaya/,metro,Вывод из запоя,Вывод из запоя на дому — Рижская
/uslugi/vyvod-iz-zapoya/na-domu/moskva/rostokino/,metro,Вывод из запоя,Вывод из запоя на дому — Ростокино
/uslugi/vyvod-iz-zapoya/na-domu/moskva/rumyancevo/,metro,Вывод из запоя,Вывод из запоя на дому — Румянцево
/uslugi/vyvod-iz-zapoya/na-domu/moskva/ryazanskij-prospekt/,metro,Вывод из запоя,Вывод из запоя на дому — Рязанский проспект
/uslugi/vyvod-iz-zapoya/na-domu/moskva/salarevo/,metro,Вывод из запоя,Вывод из запоя на дому — Саларьево
/uslugi/vyvod-iz-zapoya/na-domu/moskva/savelovskaya/,metro,Вывод из запоя,Вывод из запоя на дому — Савёловская
/uslugi/vyvod-iz-zapoya/na-domu/moskva/seligerskaya/,metro,Вывод из запоя,Вывод из запоя на дому — Селигерская
/uslugi/vyvod-iz-zapoya/na-domu/moskva/semenovskaya/,metro,Вывод из запоя,Вывод из запоя на дому — Семёновская
/uslugi/vyvod-iz-zapoya/na-domu/moskva/serpuhovskaya/,metro,Вывод из запоя,Вывод из запоя на дому — Серпуховская
/uslugi/vyvod-iz-zapoya/na-domu/moskva/sevastopolskaya/,metro,Вывод из запоя,Вывод из запоя на дому — Севастопольская
/uslugi/vyvod-iz-zapoya/na-domu/moskva/shabolovskaya/,metro,Вывод из запоя,Вывод из запоя на дому — Шаболовская
/uslugi/vyvod-iz-zapoya/na-domu/moskva/shelepiha/,metro,Вывод из запоя,Вывод из запоя на дому — Шелепиха
/uslugi/vyvod-iz-zapoya/na-domu/moskva/shchukinskaya/,metro,Вывод из запоя,Вывод из запоя на дому — Щукинская
/uslugi/vyvod-iz-zapoya/na-domu/moskva/shchelkovskaya/,metro,Вывод из запоя,Вывод из запоя на дому — Щёлковская
/uslugi/vyvod-iz-zapoya/na-domu/moskva/shipilovskaya/,metro,Вывод из запоя,Вывод из запоя на дому — Шипиловская
/uslugi/vyvod-iz-zapoya/na-domu/moskva/shodnenskaya/,metro,Вывод из запоя,Вывод из запоя на дому — Сходненская
/uslugi/vyvod-iz-zapoya/na-domu/moskva/shosse-entuziastov/,metro,Вывод из запоя,Вывод из запоя на дому — Шоссе Энтузиастов
/uslugi/vyvod-iz-zapoya/na-domu/moskva/ulica-skobelevskaya/,metro,Вывод из запоя,Вывод из запоя на дому — Улица Скобелевская
/uslugi/vyvod-iz-zapoya/na-domu/moskva/slavyanskij-bulvar/,metro,Вывод из запоя,Вывод из запоя на дому — Славянский бульвар
/uslugi/vyvod-iz-zapoya/na-domu/moskva/smolenskaya/,metro,Вывод из запоя,Вывод из запоя на дому — Смоленская
/uslugi/vyvod-iz-zapoya/na-domu/moskva/sokol/,metro,Вывод из запоя,Вывод из запоя на дому — Сокол
/uslugi/vyvod-iz-zapoya/na-domu/moskva/sokolinaya-gora/,metro,Вывод из запоя,Вывод из запоя на дому — Соколиная гора
/uslugi/vyvod-iz-zapoya/na-domu/moskva/spartak/,metro,Вывод из запоя,Вывод из запоя на дому — Спартак
/uslugi/vyvod-iz-zapoya/na-domu/moskva/sportivnaya/,metro,Вывод из запоя,Вывод из запоя на дому — Спортивная
/uslugi/vyvod-iz-zapoya/na-domu/moskva/sretenskij-bulvar/,metro,Вывод из запоя,Вывод из запоя на дому — Сретенский бульвар
/uslugi/vyvod-iz-zapoya/na-domu/moskva/streshnevo/,metro,Вывод из запоя,Вывод из запоя на дому — Стрешнево
/uslugi/vyvod-iz-zapoya/na-domu/moskva/strogino/,metro,Вывод из запоя,Вывод из запоя на дому — Строгино
/uslugi/vyvod-iz-zapoya/na-domu/moskva/studencheskaya/,metro,Вывод из запоя,Вывод из запоя на дому — Студенческая
/uslugi/vyvod-iz-zapoya/na-domu/moskva/suharevskaya/,metro,Вывод из запоя,Вывод из запоя на дому — Сухаревская
/uslugi/vyvod-iz-zapoya/na-domu/moskva/sviblovo/,metro,Вывод из запоя,Вывод из запоя на дому — Свиблово
/uslugi/vyvod-iz-zapoya/na-domu/moskva/taganskaya/,metro,Вывод из запоя,Вывод из запоя на дому — Таганская
/uslugi/vyvod-iz-zapoya/na-domu/moskva/teatralnaya/,metro,Вывод из запоя,Вывод из запоя на дому — Театральная
/uslugi/vyvod-iz-zapoya/na-domu/moskva/tehnopark/,metro,Вывод из запоя,Вывод из запоя на дому — Технопарк
/uslugi/vyvod-iz-zapoya/na-domu/moskva/tekstilshchiki/,metro,Вывод из запоя,Вывод из запоя на дому — Текстильщики
/uslugi/vyvod-iz-zapoya/na-domu/moskva/telecentr/,metro,Вывод из запоя,Вывод из запоя на дому — Телецентр
/uslugi/vyvod-iz-zapoya/na-domu/moskva/teplyj-stan/,metro,Вывод из запоя,Вывод из запоя на дому — Тёплый Стан
/uslugi/vyvod-iz-zapoya/na-domu/moskva/timiryazevskaya/,metro,Вывод из запоя,Вывод из запоя на дому — Тимирязевская
/uslugi/vyvod-iz-zapoya/na-domu/moskva/tretyakovskaya/,metro,Вывод из запоя,Вывод из запоя на дому — Третьяковская
/uslugi/vyvod-iz-zapoya/na-domu/moskva/troparevo/,metro,Вывод из запоя,Вывод из запоя на дому — Тропарёво
/uslugi/vyvod-iz-zapoya/na-domu/moskva/trubnaya/,metro,Вывод из запоя,Вывод из запоя на дому — Трубная
/uslugi/vyvod-iz-zapoya/na-domu/moskva/tulskaya/,metro,Вывод из запоя,Вывод из запоя на дому — Тульская
/uslugi/vyvod-iz-zapoya/na-domu/moskva/turgenevskaya/,metro,Вывод из запоя,Вывод из запоя на дому — Тургеневская
/uslugi/vyvod-iz-zapoya/na-domu/moskva/tushinskaya/,metro,Вывод из запоя,Вывод из запоя на дому — Тушинская
/uslugi/vyvod-iz-zapoya/na-domu/moskva/tverskaya/,metro,Вывод из запоя,Вывод из запоя на дому — Тверская
/uslugi/vyvod-iz-zapoya/na-domu/moskva/ugreshskaya/,metro,Вывод из запоя,Вывод из запоя на дому — Угрешская
/uslugi/vyvod-iz-zapoya/na-domu/moskva/ulica-1905-goda/,metro,Вывод из запоя,Вывод из запоя на дому — Улица 1905 года
/uslugi/vyvod-iz-zapoya/na-domu/moskva/ulica-akademika-koroleva/,metro,Вывод из запоя,Вывод из запоя на дому — Улица Академика Королёва
/uslugi/vyvod-iz-zapoya/na-domu/moskva/ulica-akademika-yangelya/,metro,Вывод из запоя,Вывод из запоя на дому — Улица Академика Янгеля
/uslugi/vyvod-iz-zapoya/na-domu/moskva/ulica-gorchakova/,metro,Вывод из запоя,Вывод из запоя на дому — Улица Горчакова
/uslugi/vyvod-iz-zapoya/na-domu/moskva/ulica-milashenkova/,metro,Вывод из запоя,Вывод из запоя на дому — Улица Милашенкова
/uslugi/vyvod-iz-zapoya/na-domu/moskva/ulica-sergeya-ejzenshtejna/,metro,Вывод из запоя,Вывод из запоя на дому — Улица Сергея Эйзенштейна
/uslugi/vyvod-iz-zapoya/na-domu/moskva/ulica-starokachalovskaya/,metro,Вывод из запоя,Вывод из запоя на дому — Улица Старокачаловская
/uslugi/vyvod-iz-zapoya/na-domu/moskva/universitet/,metro,Вывод из запоя,Вывод из запоя на дому — Университет
/uslugi/vyvod-iz-zapoya/na-domu/moskva/varshavskaya/,metro,Вывод из запоя,Вывод из запоя на дому — Варшавская
/uslugi/vyvod-iz-zapoya/na-domu/moskva/vdnh/,metro,Вывод из запоя,Вывод из запоя на дому — ВДНХ
/uslugi/vyvod-iz-zapoya/na-domu/moskva/verhnie-kotly/,metro,Вывод из запоя,Вывод из запоя на дому — Верхние Котлы
/uslugi/vyvod-iz-zapoya/na-domu/moskva/verhnie-lihobory/,metro,Вывод из запоя,Вывод из запоя на дому — Верхние Лихоборы
/uslugi/vyvod-iz-zapoya/na-domu/moskva/vladykino/,metro,Вывод из запоя,Вывод из запоя на дому — Владыкино
/uslugi/vyvod-iz-zapoya/na-domu/moskva/vodnyj-stadion/,metro,Вывод из запоя,Вывод из запоя на дому — Водный стадион
/uslugi/vyvod-iz-zapoya/na-domu/moskva/vojkovskaya/,metro,Вывод из запоя,Вывод из запоя на дому — Войковская
/uslugi/vyvod-iz-zapoya/na-domu/moskva/volgogradskij-prospekt/,metro,Вывод из запоя,Вывод из запоя на дому — Волгоградский проспект
/uslugi/vyvod-iz-zapoya/na-domu/moskva/volokolamskaya/,metro,Вывод из запоя,Вывод из запоя на дому — Волоколамская
/uslugi/vyvod-iz-zapoya/na-domu/moskva/volzhskaya/,metro,Вывод из запоя,Вывод из запоя на дому — Волжская
/uslugi/vyvod-iz-zapoya/na-domu/moskva/vorobevy-gory/,metro,Вывод из запоя,Вывод из запоя на дому — Воробьёвы горы
/uslugi/vyvod-iz-zapoya/na-domu/moskva/vyhino/,metro,Вывод из запоя,Вывод из запоя на дому — Выхино
/uslugi/vyvod-iz-zapoya/na-domu/moskva/vystavochnaya/,metro,Вывод из запоя,Вывод из запоя на дому — Выставочная
/uslugi/vyvod-iz-zapoya/na-domu/moskva/vystavochnyj-centr/,metro,Вывод из запоя,Вывод из запоя на дому — Выставочный центр
/uslugi/vyvod-iz-zapoya/na-domu/moskva/yasenevo/,metro,Вывод из запоя,Вывод из запоя на дому — Ясенево
/uslugi/vyvod-iz-zapoya/na-domu/moskva/yugo-zapadnaya/,metro,Вывод из запоя,Вывод из запоя на дому — Юго-Западная
/uslugi/vyvod-iz-zapoya/na-domu/moskva/yuzhnaya/,metro,Вывод из запоя,Вывод из запоя на дому — Южная
/uslugi/vyvod-iz-zapoya/na-domu/moskva/zhulebino/,metro,Вывод из запоя,Вывод из запоя на дому — Жулебино
/uslugi/vyvod-iz-zapoya/na-domu/moskva/zil/,metro,Вывод из запоя,Вывод из запоя на дому — ЗИЛ
/uslugi/vyvod-iz-zapoya/na-domu/moskva/zorge/,metro,Вывод из запоя,Вывод из запоя на дому — Зорге
/uslugi/vyvod-iz-zapoya/na-domu/moskva/zyablikovo/,metro,Вывод из запоя,Вывод из запоя на дому — Зябликово
/uslugi/vyvod-iz-zapoya/na-domu/moskva/cao/,okrug,Вывод из запоя,Вывод из запоя на дому — ЦАО
/uslugi/vyvod-iz-zapoya/na-domu/moskva/sao/,okrug,Вывод из запоя,Вывод из запоя на дому — САО
/uslugi/vyvod-iz-zapoya/na-domu/moskva/svao/,okrug,Вывод из запоя,Вывод из запоя на дому — СВАО
/uslugi/vyvod-iz-zapoya/na-domu/moskva/vao/,okrug,Вывод из запоя,Вывод из запоя на дому — ВАО
/uslugi/vyvod-iz-zapoya/na-domu/moskva/yuvao/,okrug,Вывод из запоя,Вывод из запоя на дому — ЮВАО
/uslugi/vyvod-iz-zapoya/na-domu/moskva/yuao/,okrug,Вывод из запоя,Вывод из запоя на дому — ЮАО
/uslugi/vyvod-iz-zapoya/na-domu/moskva/yuzao/,okrug,Вывод из запоя,Вывод из запоя на дому — ЮЗАО
/uslugi/vyvod-iz-zapoya/na-domu/moskva/zao/,okrug,Вывод из запоя,Вывод из запоя на дому — ЗАО
/uslugi/vyvod-iz-zapoya/na-domu/moskva/szao/,okrug,Вывод из запоя,Вывод из запоя на дому — СЗАО
/uslugi/vyvod-iz-zapoya/na-domu/moskva/zelao/,okrug,Вывод из запоя,Вывод из запоя на дому — ЗелАО
/uslugi/vyvod-iz-zapoya/na-domu/moskva/nao/,okrug,Вывод из запоя,Вывод из запоя на дому — НАО
/uslugi/vyvod-iz-zapoya/na-domu/moskva/tao/,okrug,Вывод из запоя,Вывод из запоя на дому — ТАО
/uslugi/vyvod-iz-zapoya/na-domu/moskovskaya-oblast/balashiha/,city,Вывод из запоя,Вывод из запоя на дому — Балашиха
/uslugi/vyvod-iz-zapoya/na-domu/moskovskaya-oblast/podolsk/,city,Вывод из запоя,Вывод из запоя на дому — Подольск
/uslugi/vyvod-iz-zapoya/na-domu/moskovskaya-oblast/himki/,city,Вывод из запоя,Вывод из запоя на дому — Химки
/uslugi/vyvod-iz-zapoya/na-domu/moskovskaya-oblast/mytishchi/,city,Вывод из запоя,Вывод из запоя на дому — Мытищи
/uslugi/vyvod-iz-zapoya/na-domu/moskovskaya-oblast/korolev/,city,Вывод из запоя,Вывод из запоя на дому — Королёв
/uslugi/vyvod-iz-zapoya/na-domu/moskovskaya-oblast/lyubertsy/,city,Вывод из запоя,Вывод из запоя на дому — Люберцы
/uslugi/vyvod-iz-zapoya/na-domu/moskovskaya-oblast/krasnogorsk/,city,Вывод из запоя,Вывод из запоя на дому — Красногорск
/uslugi/vyvod-iz-zapoya/na-domu/moskovskaya-oblast/elektrostal/,city,Вывод из запоя,Вывод из запоя на дому — Электросталь
/uslugi/vyvod-iz-zapoya/na-domu/moskovskaya-oblast/kolomna/,city,Вывод из запоя,Вывод из запоя на дому — Коломна
/uslugi/vyvod-iz-zapoya/na-domu/moskovskaya-oblast/odincovo/,city,Вывод из запоя,Вывод из запоя на дому — Одинцово
/uslugi/vyvod-iz-zapoya/na-domu/moskovskaya-oblast/domodedovo/,city,Вывод из запоя,Вывод из запоя на дому — Домодедово
/uslugi/vyvod-iz-zapoya/na-domu/moskovskaya-oblast/shchelkovo/,city,Вывод из запоя,Вывод из запоя на дому — Щёлково
/uslugi/vyvod-iz-zapoya/na-domu/moskovskaya-oblast/serpuhov/,city,Вывод из запоя,Вывод из запоя на дому — Серпухов
/uslugi/vyvod-iz-zapoya/na-domu/moskovskaya-oblast/ramenskoe/,city,Вывод из запоя,Вывод из запоя на дому — Раменское
/uslugi/vyvod-iz-zapoya/na-domu/moskovskaya-oblast/dolgoprudnyj/,city,Вывод из запоя,Вывод из запоя на дому — Долгопрудный
/uslugi/vyvod-iz-zapoya/na-domu/moskovskaya-oblast/pushkino/,city,Вывод из запоя,Вывод из запоя на дому — Пушкино
/uslugi/vyvod-iz-zapoya/na-domu/moskovskaya-oblast/reutov/,city,Вывод из запоя,Вывод из запоя на дому — Реутов
/uslugi/vyvod-iz-zapoya/na-domu/moskovskaya-oblast/zhukovskij/,city,Вывод из запоя,Вывод из запоя на дому — Жуковский
/uslugi/vyvod-iz-zapoya/na-domu/moskovskaya-oblast/noginsk/,city,Вывод из запоя,Вывод из запоя на дому — Ногинск
/uslugi/vyvod-iz-zapoya/na-domu/moskovskaya-oblast/sergiev-posad/,city,Вывод из запоя,Вывод из запоя на дому — Сергиев Посад
/uslugi/vyvod-iz-zapoya/na-domu/moskovskaya-oblast/voskresensk/,city,Вывод из запоя,Вывод из запоя на дому — Воскресенск
/uslugi/vyvod-iz-zapoya/na-domu/moskovskaya-oblast/orehovo-zuevo/,city,Вывод из запоя,Вывод из запоя на дому — Орехово-Зуево
/uslugi/vyvod-iz-zapoya/na-domu/moskovskaya-oblast/pavlovskij-posad/,city,Вывод из запоя,Вывод из запоя на дому — Павловский Посад
/uslugi/vyvod-iz-zapoya/na-domu/moskovskaya-oblast/lobnya/,city,Вывод из запоя,Вывод из запоя на дому — Лобня
/uslugi/vyvod-iz-zapoya/na-domu/moskovskaya-oblast/ivanteevka/,city,Вывод из запоя,Вывод из запоя на дому — Ивантеевка
/uslugi/vyvod-iz-zapoya/na-domu/moskovskaya-oblast/klin/,city,Вывод из запоя,Вывод из запоя на дому — Клин
/uslugi/vyvod-iz-zapoya/na-domu/moskovskaya-oblast/egorevsk/,city,Вывод из запоя,Вывод из запоя на дому — Егорьевск
/uslugi/vyvod-iz-zapoya/na-domu/moskovskaya-oblast/dmitrov/,city,Вывод из запоя,Вывод из запоя на дому — Дмитров
/uslugi/vyvod-iz-zapoya/na-domu/moskovskaya-oblast/chehov/,city,Вывод из запоя,Вывод из запоя на дому — Чехов
/uslugi/vyvod-iz-zapoya/na-domu/moskovskaya-oblast/naro-fominsk/,city,Вывод из запоя,Вывод из запоя на дому — Наро-Фоминск
/uslugi/vyvod-iz-zapoya/na-domu/moskovskaya-oblast/stupino/,city,Вывод из запоя,Вывод из запоя на дому — Ступино
/uslugi/vyvod-iz-zapoya/na-domu/moskovskaya-oblast/vidnoe/,city,Вывод из запоя,Вывод из запоя на дому — Видное
/uslugi/vyvod-iz-zapoya/na-domu/moskovskaya-oblast/fryazino/,city,Вывод из запоя,Вывод из запоя на дому — Фрязино
/uslugi/vyvod-iz-zapoya/na-domu/moskovskaya-oblast/lytkarino/,city,Вывод из запоя,Вывод из запоя на дому — Лыткарино
/uslugi/vyvod-iz-zapoya/na-domu/moskovskaya-oblast/dzerzhinskij/,city,Вывод из запоя,Вывод из запоя на дому — Дзержинский
/uslugi/vyvod-iz-zapoya/na-domu/moskovskaya-oblast/kotelniki/,city,Вывод из запоя,Вывод из запоя на дому — Котельники
/uslugi/vyvod-iz-zapoya/na-domu/moskovskaya-oblast/istra/,city,Вывод из запоя,Вывод из запоя на дому — Истра
/uslugi/vyvod-iz-zapoya/na-domu/moskovskaya-oblast/dedovsk/,city,Вывод из запоя,Вывод из запоя на дому — Дедовск
/uslugi/vyvod-iz-zapoya/na-domu/moskovskaya-oblast/solnechnogorsk/,city,Вывод из запоя,Вывод из запоя на дому — Солнечногорск
/uslugi/vyvod-iz-zapoya/na-domu/moskovskaya-oblast/aprelevka/,city,Вывод из запоя,Вывод из запоя на дому — Апрелевка
/uslugi/vyvod-iz-zapoya/na-domu/moskovskaya-oblast/kubinka/,city,Вывод из запоя,Вывод из запоя на дому — Кубинка
/uslugi/vyvod-iz-zapoya/na-domu/moskovskaya-oblast/ruza/,city,Вывод из запоя,Вывод из запоя на дому — Руза
/uslugi/vyvod-iz-zapoya/na-domu/moskovskaya-oblast/zvenigorod/,city,Вывод из запоя,Вывод из запоя на дому — Звенигород
/uslugi/vyvod-iz-zapoya/na-domu/moskovskaya-oblast/mozhajsk/,city,Вывод из запоя,Вывод из запоя на дому — Можайск
/uslugi/vyvod-iz-zapoya/na-domu/moskovskaya-oblast/luhovicy/,city,Вывод из запоя,Вывод из запоя на дому — Луховицы
/uslugi/vyvod-iz-zapoya/na-domu/moskovskaya-oblast/kashira/,city,Вывод из запоя,Вывод из запоя на дому — Кашира
/uslugi/vyvod-iz-zapoya/na-domu/moskovskaya-oblast/protvino/,city,Вывод из запоя,Вывод из запоя на дому — Протвино
/uslugi/vyvod-iz-zapoya/na-domu/moskovskaya-oblast/dubna/,city,Вывод из запоя,Вывод из запоя на дому — Дубна
/uslugi/vyvod-iz-zapoya/na-domu/moskovskaya-oblast/chernogolovka/,city,Вывод из запоя,Вывод из запоя на дому — Черноголовка
/uslugi/vyvod-iz-zapoya/na-domu/moskovskaya-oblast/volokolamsk/,city,Вывод из запоя,Вывод из запоя на дому — Волоколамск
/uslugi/kapelnitsy/ot-zapoya-i-alkogolya/moskva/aeroport/,metro,Капельницы и детокс,Капельница от запоя и алкоголя на дому — Аэропорт
/uslugi/kapelnitsy/ot-zapoya-i-alkogolya/moskva/aleksandrovskij-sad/,metro,Капельницы и детокс,Капельница от запоя и алкоголя на дому — Александровский сад
/uslugi/kapelnitsy/ot-zapoya-i-alkogolya/moskva/alekseevskaya/,metro,Капельницы и детокс,Капельница от запоя и алкоголя на дому — Алексеевская
/uslugi/kapelnitsy/ot-zapoya-i-alkogolya/moskva/alma-atinskaya/,metro,Капельницы и детокс,Капельница от запоя и алкоголя на дому — Алма-Атинская
/uslugi/kapelnitsy/ot-zapoya-i-alkogolya/moskva/altufevo/,metro,Капельницы и детокс,Капельница от запоя и алкоголя на дому — Алтуфьево
/uslugi/kapelnitsy/ot-zapoya-i-alkogolya/moskva/andronovka/,metro,Капельницы и детокс,Капельница от запоя и алкоголя на дому — Андроновка
/uslugi/kapelnitsy/ot-zapoya-i-alkogolya/moskva/annino/,metro,Капельницы и детокс,Капельница от запоя и алкоголя на дому — Аннино
/uslugi/kapelnitsy/ot-zapoya-i-alkogolya/moskva/arbatskaya/,metro,Капельницы и детокс,Капельница от запоя и алкоголя на дому — Арбатская
/uslugi/kapelnitsy/ot-zapoya-i-alkogolya/moskva/aviamotornaya/,metro,Капельницы и детокс,Капельница от запоя и алкоголя на дому — Авиамоторная
/uslugi/kapelnitsy/ot-zapoya-i-alkogolya/moskva/avtozavodskaya/,metro,Капельницы и детокс,Капельница от запоя и алкоголя на дому — Автозаводская
/uslugi/kapelnitsy/ot-zapoya-i-alkogolya/moskva/babushkinskaya/,metro,Капельницы и детокс,Капельница от запоя и алкоголя на дому — Бабушкинская
/uslugi/kapelnitsy/ot-zapoya-i-alkogolya/moskva/bagrationovskaya/,metro,Капельницы и детокс,Капельница от запоя и алкоголя на дому — Багратионовская
/uslugi/kapelnitsy/ot-zapoya-i-alkogolya/moskva/baltijskaya/,metro,Капельницы и детокс,Капельница от запоя и алкоголя на дому — Балтийская
/uslugi/kapelnitsy/ot-zapoya-i-alkogolya/moskva/barrikadnaya/,metro,Капельницы и детокс,Капельница от запоя и алкоголя на дому — Баррикадная
/uslugi/kapelnitsy/ot-zapoya-i-alkogolya/moskva/baumanskaya/,metro,Капельницы и детокс,Капельница от запоя и алкоголя на дому — Бауманская
/uslugi/kapelnitsy/ot-zapoya-i-alkogolya/moskva/begovaya/,metro,Капельницы и детокс,Капельница от запоя и алкоголя на дому — Беговая
/uslugi/kapelnitsy/ot-zapoya-i-alkogolya/moskva/belokamennaya/,metro,Капельницы и детокс,Капельница от запоя и алкоголя на дому — Белокаменная
/uslugi/kapelnitsy/ot-zapoya-i-alkogolya/moskva/belorusskaya/,metro,Капельницы и детокс,Капельница от запоя и алкоголя на дому — Белорусская
/uslugi/kapelnitsy/ot-zapoya-i-alkogolya/moskva/belyaevo/,metro,Капельницы и детокс,Капельница от запоя и алкоголя на дому — Беляево
/uslugi/kapelnitsy/ot-zapoya-i-alkogolya/moskva/bibirevo/,metro,Капельницы и детокс,Капельница от запоя и алкоголя на дому — Бибирево
/uslugi/kapelnitsy/ot-zapoya-i-alkogolya/moskva/biblioteka-imeni-lenina/,metro,Капельницы и детокс,Капельница от запоя и алкоголя на дому — Библиотека имени Ленина
/uslugi/kapelnitsy/ot-zapoya-i-alkogolya/moskva/bitcevskij-park/,metro,Капельницы и детокс,Капельница от запоя и алкоголя на дому — Битцевский парк
/uslugi/kapelnitsy/ot-zapoya-i-alkogolya/moskva/borisovo/,metro,Капельницы и детокс,Капельница от запоя и алкоголя на дому — Борисово
/uslugi/kapelnitsy/ot-zapoya-i-alkogolya/moskva/borovickaya/,metro,Капельницы и детокс,Капельница от запоя и алкоголя на дому — Боровицкая
/uslugi/kapelnitsy/ot-zapoya-i-alkogolya/moskva/botanicheskij-sad/,metro,Капельницы и детокс,Капельница от запоя и алкоголя на дому — Ботанический сад
/uslugi/kapelnitsy/ot-zapoya-i-alkogolya/moskva/bratislavskaya/,metro,Капельницы и детокс,Капельница от запоя и алкоголя на дому — Братиславская
/uslugi/kapelnitsy/ot-zapoya-i-alkogolya/moskva/bulvar-admirala-ushakova/,metro,Капельницы и детокс,Капельница от запоя и алкоголя на дому — Бульвар Адмирала Ушакова
/uslugi/kapelnitsy/ot-zapoya-i-alkogolya/moskva/bulvar-rokossovskogo/,metro,Капельницы и детокс,Капельница от запоя и алкоголя на дому — Бульвар Рокоссовского
/uslugi/kapelnitsy/ot-zapoya-i-alkogolya/moskva/buninskaya-alleya/,metro,Капельницы и детокс,Капельница от запоя и алкоголя на дому — Бунинская аллея
/uslugi/kapelnitsy/ot-zapoya-i-alkogolya/moskva/butyrskaya/,metro,Капельницы и детокс,Капельница от запоя и алкоголя на дому — Бутырская
/uslugi/kapelnitsy/ot-zapoya-i-alkogolya/moskva/chehovskaya/,metro,Капельницы и детокс,Капельница от запоя и алкоголя на дому — Чеховская
/uslugi/kapelnitsy/ot-zapoya-i-alkogolya/moskva/cherkizovskaya/,metro,Капельницы и детокс,Капельница от запоя и алкоголя на дому — Черкизовская
/uslugi/kapelnitsy/ot-zapoya-i-alkogolya/moskva/chertanovskaya/,metro,Капельницы и детокс,Капельница от запоя и алкоголя на дому — Чертановская
/uslugi/kapelnitsy/ot-zapoya-i-alkogolya/moskva/chistye-prudy/,metro,Капельницы и детокс,Капельница от запоя и алкоголя на дому — Чистые пруды
/uslugi/kapelnitsy/ot-zapoya-i-alkogolya/moskva/chkalovskaya/,metro,Капельницы и детокс,Капельница от запоя и алкоголя на дому — Чкаловская
/uslugi/kapelnitsy/ot-zapoya-i-alkogolya/moskva/caricyno/,metro,Капельницы и детокс,Капельница от запоя и алкоголя на дому — Царицыно
/uslugi/kapelnitsy/ot-zapoya-i-alkogolya/moskva/cska/,metro,Капельницы и детокс,Капельница от запоя и алкоголя на дому — ЦСКА
/uslugi/kapelnitsy/ot-zapoya-i-alkogolya/moskva/cvetnoj-bulvar/,metro,Капельницы и детокс,Капельница от запоя и алкоголя на дому — Цветной бульвар
/uslugi/kapelnitsy/ot-zapoya-i-alkogolya/moskva/delovoj-centr/,metro,Капельницы и детокс,Капельница от запоя и алкоголя на дому — Деловой центр
/uslugi/kapelnitsy/ot-zapoya-i-alkogolya/moskva/dinamo/,metro,Капельницы и детокс,Капельница от запоя и алкоголя на дому — Динамо
/uslugi/kapelnitsy/ot-zapoya-i-alkogolya/moskva/dmitrovskaya/,metro,Капельницы и детокс,Капельница от запоя и алкоголя на дому — Дмитровская
/uslugi/kapelnitsy/ot-zapoya-i-alkogolya/moskva/dobryninskaya/,metro,Капельницы и детокс,Капельница от запоя и алкоголя на дому — Добрынинская
/uslugi/kapelnitsy/ot-zapoya-i-alkogolya/moskva/domodedovskaya/,metro,Капельницы и детокс,Капельница от запоя и алкоголя на дому — Домодедовская
/uslugi/kapelnitsy/ot-zapoya-i-alkogolya/moskva/dostoevskaya/,metro,Капельницы и детокс,Капельница от запоя и алкоголя на дому — Достоевская
/uslugi/kapelnitsy/ot-zapoya-i-alkogolya/moskva/elektrozavodskaya/,metro,Капельницы и детокс,Капельница от запоя и алкоголя на дому — Электрозаводская
/uslugi/kapelnitsy/ot-zapoya-i-alkogolya/moskva/filevskij-park/,metro,Капельницы и детокс,Капельница от запоя и алкоголя на дому — Филёвский парк
/uslugi/kapelnitsy/ot-zapoya-i-alkogolya/moskva/fili/,metro,Капельницы и детокс,Капельница от запоя и алкоголя на дому — Фили
/uslugi/kapelnitsy/ot-zapoya-i-alkogolya/moskva/fonvizinskaya/,metro,Капельницы и детокс,Капельница от запоя и алкоголя на дому — Фонвизинская
/uslugi/kapelnitsy/ot-zapoya-i-alkogolya/moskva/frunzenskaya/,metro,Капельницы и детокс,Капельница от запоя и алкоголя на дому — Фрунзенская
/uslugi/kapelnitsy/ot-zapoya-i-alkogolya/moskva/horoshevskaya/,metro,Капельницы и детокс,Капельница от запоя и алкоголя на дому — Хорошёвская
/uslugi/kapelnitsy/ot-zapoya-i-alkogolya/moskva/hovrino/,metro,Капельницы и детокс,Капельница от запоя и алкоголя на дому — Ховрино
/uslugi/kapelnitsy/ot-zapoya-i-alkogolya/moskva/izmajlovskaya/,metro,Капельницы и детокс,Капельница от запоя и алкоголя на дому — Измайловская
/uslugi/kapelnitsy/ot-zapoya-i-alkogolya/moskva/kahovskaya/,metro,Капельницы и детокс,Капельница от запоя и алкоголя на дому — Каховская
/uslugi/kapelnitsy/ot-zapoya-i-alkogolya/moskva/kaluzhskaya/,metro,Капельницы и детокс,Капельница от запоя и алкоголя на дому — Калужская
/uslugi/kapelnitsy/ot-zapoya-i-alkogolya/moskva/kantemirovskaya/,metro,Капельницы и детокс,Капельница от запоя и алкоголя на дому — Кантемировская
/uslugi/kapelnitsy/ot-zapoya-i-alkogolya/moskva/kashirskaya/,metro,Капельницы и детокс,Капельница от запоя и алкоголя на дому — Каширская
/uslugi/kapelnitsy/ot-zapoya-i-alkogolya/moskva/kievskaya/,metro,Капельницы и детокс,Капельница от запоя и алкоголя на дому — Киевская
/uslugi/kapelnitsy/ot-zapoya-i-alkogolya/moskva/kitaj-gorod/,metro,Капельницы и детокс,Капельница от запоя и алкоголя на дому — Китай-город
/uslugi/kapelnitsy/ot-zapoya-i-alkogolya/moskva/kolomenskaya/,metro,Капельницы и детокс,Капельница от запоя и алкоголя на дому — Коломенская
/uslugi/kapelnitsy/ot-zapoya-i-alkogolya/moskva/komsomolskaya/,metro,Капельницы и детокс,Капельница от запоя и алкоголя на дому — Комсомольская
/uslugi/kapelnitsy/ot-zapoya-i-alkogolya/moskva/konkovo/,metro,Капельницы и детокс,Капельница от запоя и алкоголя на дому — Коньково
/uslugi/kapelnitsy/ot-zapoya-i-alkogolya/moskva/koptevo/,metro,Капельницы и детокс,Капельница от запоя и алкоголя на дому — Коптево
/uslugi/kapelnitsy/ot-zapoya-i-alkogolya/moskva/kotelniki/,metro,Капельницы и детокс,Капельница от запоя и алкоголя на дому — Котельники
/uslugi/kapelnitsy/ot-zapoya-i-alkogolya/moskva/kozhuhovskaya/,metro,Капельницы и детокс,Капельница от запоя и алкоголя на дому — Кожуховская
/uslugi/kapelnitsy/ot-zapoya-i-alkogolya/moskva/krasnogvardejskaya/,metro,Капельницы и детокс,Капельница от запоя и алкоголя на дому — Красногвардейская
/uslugi/kapelnitsy/ot-zapoya-i-alkogolya/moskva/krasnopresnenskaya/,metro,Капельницы и детокс,Капельница от запоя и алкоголя на дому — Краснопресненская
/uslugi/kapelnitsy/ot-zapoya-i-alkogolya/moskva/krasnoselskaya/,metro,Капельницы и детокс,Капельница от запоя и алкоголя на дому — Красносельская
/uslugi/kapelnitsy/ot-zapoya-i-alkogolya/moskva/krasnye-vorota/,metro,Капельницы и детокс,Капельница от запоя и алкоголя на дому — Красные ворота
/uslugi/kapelnitsy/ot-zapoya-i-alkogolya/moskva/krestyanskaya-zastava/,metro,Капельницы и детокс,Капельница от запоя и алкоголя на дому — Крестьянская застава
/uslugi/kapelnitsy/ot-zapoya-i-alkogolya/moskva/kropotkinskaya/,metro,Капельницы и детокс,Капельница от запоя и алкоголя на дому — Кропоткинская
/uslugi/kapelnitsy/ot-zapoya-i-alkogolya/moskva/krylatskoe/,metro,Капельницы и детокс,Капельница от запоя и алкоголя на дому — Крылатское
/uslugi/kapelnitsy/ot-zapoya-i-alkogolya/moskva/krymskaya/,metro,Капельницы и детокс,Капельница от запоя и алкоголя на дому — Крымская
/uslugi/kapelnitsy/ot-zapoya-i-alkogolya/moskva/kuncevskaya/,metro,Капельницы и детокс,Капельница от запоя и алкоголя на дому — Кунцевская
/uslugi/kapelnitsy/ot-zapoya-i-alkogolya/moskva/kurskaya/,metro,Капельницы и детокс,Капельница от запоя и алкоголя на дому — Курская
/uslugi/kapelnitsy/ot-zapoya-i-alkogolya/moskva/kutuzovskaya/,metro,Капельницы и детокс,Капельница от запоя и алкоголя на дому — Кутузовская
/uslugi/kapelnitsy/ot-zapoya-i-alkogolya/moskva/kuzminki/,metro,Капельницы и детокс,Капельница от запоя и алкоголя на дому — Кузьминки
/uslugi/kapelnitsy/ot-zapoya-i-alkogolya/moskva/kuzneckij-most/,metro,Капельницы и детокс,Капельница от запоя и алкоголя на дому — Кузнецкий мост
/uslugi/kapelnitsy/ot-zapoya-i-alkogolya/moskva/leninskij-prospekt/,metro,Капельницы и детокс,Капельница от запоя и алкоголя на дому — Ленинский проспект
/uslugi/kapelnitsy/ot-zapoya-i-alkogolya/moskva/lermontovskij-prospekt/,metro,Капельницы и детокс,Капельница от запоя и алкоголя на дому — Лермонтовский проспект
/uslugi/kapelnitsy/ot-zapoya-i-alkogolya/moskva/lesoparkovaya/,metro,Капельницы и детокс,Капельница от запоя и алкоголя на дому — Лесопарковая
/uslugi/kapelnitsy/ot-zapoya-i-alkogolya/moskva/lihobory/,metro,Капельницы и детокс,Капельница от запоя и алкоголя на дому — Лихоборы
/uslugi/kapelnitsy/ot-zapoya-i-alkogolya/moskva/lokomotiv/,metro,Капельницы и детокс,Капельница от запоя и алкоголя на дому — Локомотив
/uslugi/kapelnitsy/ot-zapoya-i-alkogolya/moskva/lomonosovskij-prospekt/,metro,Капельницы и детокс,Капельница от запоя и алкоголя на дому — Ломоносовский проспект
/uslugi/kapelnitsy/ot-zapoya-i-alkogolya/moskva/lubyanka/,metro,Капельницы и детокс,Капельница от запоя и алкоголя на дому — Лубянка
/uslugi/kapelnitsy/ot-zapoya-i-alkogolya/moskva/luzhniki/,metro,Капельницы и детокс,Капельница от запоя и алкоголя на дому — Лужники
/uslugi/kapelnitsy/ot-zapoya-i-alkogolya/moskva/lyublino/,metro,Капельницы и детокс,Капельница от запоя и алкоголя на дому — Люблино
/uslugi/kapelnitsy/ot-zapoya-i-alkogolya/moskva/marino/,metro,Капельницы и детокс,Капельница от запоя и алкоголя на дому — Марьино
/uslugi/kapelnitsy/ot-zapoya-i-alkogolya/moskva/marina-roshcha/,metro,Капельницы и детокс,Капельница от запоя и алкоголя на дому — Марьина Роща
/uslugi/kapelnitsy/ot-zapoya-i-alkogolya/moskva/marksistskaya/,metro,Капельницы и детокс,Капельница от запоя и алкоголя на дому — Марксистская
/uslugi/kapelnitsy/ot-zapoya-i-alkogolya/moskva/mayakovskaya/,metro,Капельницы и детокс,Капельница от запоя и алкоголя на дому — Маяковская
/uslugi/kapelnitsy/ot-zapoya-i-alkogolya/moskva/medvedkovo/,metro,Капельницы и детокс,Капельница от запоя и алкоголя на дому — Медведково
/uslugi/kapelnitsy/ot-zapoya-i-alkogolya/moskva/mendeleevskaya/,metro,Капельницы и детокс,Капельница от запоя и алкоголя на дому — Менделеевская
/uslugi/kapelnitsy/ot-zapoya-i-alkogolya/moskva/mezhdunarodnaya/,metro,Капельницы и детокс,Капельница от запоя и алкоголя на дому — Международная
/uslugi/kapelnitsy/ot-zapoya-i-alkogolya/moskva/minskaya/,metro,Капельницы и детокс,Капельница от запоя и алкоголя на дому — Минская
/uslugi/kapelnitsy/ot-zapoya-i-alkogolya/moskva/molodezhnaya/,metro,Капельницы и детокс,Капельница от запоя и алкоголя на дому — Молодёжная
/uslugi/kapelnitsy/ot-zapoya-i-alkogolya/moskva/myakinino/,metro,Капельницы и детокс,Капельница от запоя и алкоголя на дому — Мякинино
/uslugi/kapelnitsy/ot-zapoya-i-alkogolya/moskva/nagatinskaya/,metro,Капельницы и детокс,Капельница от запоя и алкоголя на дому — Нагатинская
/uslugi/kapelnitsy/ot-zapoya-i-alkogolya/moskva/nagornaya/,metro,Капельницы и детокс,Капельница от запоя и алкоголя на дому — Нагорная
/uslugi/kapelnitsy/ot-zapoya-i-alkogolya/moskva/nahimovskij-prospekt/,metro,Капельницы и детокс,Капельница от запоя и алкоголя на дому — Нахимовский проспект
/uslugi/kapelnitsy/ot-zapoya-i-alkogolya/moskva/nizhegorodskaya/,metro,Капельницы и детокс,Капельница от запоя и алкоголя на дому — Нижегородская
/uslugi/kapelnitsy/ot-zapoya-i-alkogolya/moskva/novogireevo/,metro,Капельницы и детокс,Капельница от запоя и алкоголя на дому — Новогиреево
/uslugi/kapelnitsy/ot-zapoya-i-alkogolya/moskva/novohohlovskaya/,metro,Капельницы и детокс,Капельница от запоя и алкоголя на дому — Новохохловская
/uslugi/kapelnitsy/ot-zapoya-i-alkogolya/moskva/novokosino/,metro,Капельницы и детокс,Капельница от запоя и алкоголя на дому — Новокосино
/uslugi/kapelnitsy/ot-zapoya-i-alkogolya/moskva/novokuzneckaya/,metro,Капельницы и детокс,Капельница от запоя и алкоголя на дому — Новокузнецкая
/uslugi/kapelnitsy/ot-zapoya-i-alkogolya/moskva/novoslobodskaya/,metro,Капельницы и детокс,Капельница от запоя и алкоголя на дому — Новослободская
/uslugi/kapelnitsy/ot-zapoya-i-alkogolya/moskva/novoyasenevskaya/,metro,Капельницы и детокс,Капельница от запоя и алкоголя на дому — Новоясеневская
/uslugi/kapelnitsy/ot-zapoya-i-alkogolya/moskva/novye-cheremushki/,metro,Капельницы и детокс,Капельница от запоя и алкоголя на дому — Новые Черёмушки
/uslugi/kapelnitsy/ot-zapoya-i-alkogolya/moskva/ohotnyj-ryad/,metro,Капельницы и детокс,Капельница от запоя и алкоголя на дому — Охотный Ряд
/uslugi/kapelnitsy/ot-zapoya-i-alkogolya/moskva/okruzhnaya/,metro,Капельницы и детокс,Капельница от запоя и алкоголя на дому — Окружная
/uslugi/kapelnitsy/ot-zapoya-i-alkogolya/moskva/oktyabrskoe-pole/,metro,Капельницы и детокс,Капельница от запоя и алкоголя на дому — Октябрьское Поле
/uslugi/kapelnitsy/ot-zapoya-i-alkogolya/moskva/oktyabrskaya/,metro,Капельницы и детокс,Капельница от запоя и алкоголя на дому — Октябрьская
/uslugi/kapelnitsy/ot-zapoya-i-alkogolya/moskva/orehovo/,metro,Капельницы и детокс,Капельница от запоя и алкоголя на дому — Орехово
/uslugi/kapelnitsy/ot-zapoya-i-alkogolya/moskva/otradnoe/,metro,Капельницы и детокс,Капельница от запоя и алкоголя на дому — Отрадное
/uslugi/kapelnitsy/ot-zapoya-i-alkogolya/moskva/panfilovskaya/,metro,Капельницы и детокс,Капельница от запоя и алкоголя на дому — Панфиловская
/uslugi/kapelnitsy/ot-zapoya-i-alkogolya/moskva/park-kultury/,metro,Капельницы и детокс,Капельница от запоя и алкоголя на дому — Парк культуры
/uslugi/kapelnitsy/ot-zapoya-i-alkogolya/moskva/park-pobedy/,metro,Капельницы и детокс,Капельница от запоя и алкоголя на дому — Парк Победы
/uslugi/kapelnitsy/ot-zapoya-i-alkogolya/moskva/partizanskaya/,metro,Капельницы и детокс,Капельница от запоя и алкоголя на дому — Партизанская
/uslugi/kapelnitsy/ot-zapoya-i-alkogolya/moskva/paveleckaya/,metro,Капельницы и детокс,Капельница от запоя и алкоголя на дому — Павелецкая
/uslugi/kapelnitsy/ot-zapoya-i-alkogolya/moskva/pechatniki/,metro,Капельницы и детокс,Капельница от запоя и алкоголя на дому — Печатники
/uslugi/kapelnitsy/ot-zapoya-i-alkogolya/moskva/perovo/,metro,Капельницы и детокс,Капельница от запоя и алкоголя на дому — Перово
/uslugi/kapelnitsy/ot-zapoya-i-alkogolya/moskva/pervomajskaya/,metro,Капельницы и детокс,Капельница от запоя и алкоголя на дому — Первомайская
/uslugi/kapelnitsy/ot-zapoya-i-alkogolya/moskva/petrovskij-park/,metro,Капельницы и детокс,Капельница от запоя и алкоголя на дому — Петровский парк
/uslugi/kapelnitsy/ot-zapoya-i-alkogolya/moskva/petrovsko-razumovskaya/,metro,Капельницы и детокс,Капельница от запоя и алкоголя на дому — Петровско-Разумовская
/uslugi/kapelnitsy/ot-zapoya-i-alkogolya/moskva/pionerskaya/,metro,Капельницы и детокс,Капельница от запоя и алкоголя на дому — Пионерская
/uslugi/kapelnitsy/ot-zapoya-i-alkogolya/moskva/planernaya/,metro,Капельницы и детокс,Капельница от запоя и алкоголя на дому — Планерная
/uslugi/kapelnitsy/ot-zapoya-i-alkogolya/moskva/ploshchad-gagarina/,metro,Капельницы и детокс,Капельница от запоя и алкоголя на дому — Площадь Гагарина
/uslugi/kapelnitsy/ot-zapoya-i-alkogolya/moskva/ploshchad-ilicha/,metro,Капельницы и детокс,Капельница от запоя и алкоголя на дому — Площадь Ильича
/uslugi/kapelnitsy/ot-zapoya-i-alkogolya/moskva/ploshchad-revolyucii/,metro,Капельницы и детокс,Капельница от запоя и алкоголя на дому — Площадь Революции
/uslugi/kapelnitsy/ot-zapoya-i-alkogolya/moskva/polezhaevskaya/,metro,Капельницы и детокс,Капельница от запоя и алкоголя на дому — Полежаевская
/uslugi/kapelnitsy/ot-zapoya-i-alkogolya/moskva/polyanka/,metro,Капельницы и детокс,Капельница от запоя и алкоголя на дому — Полянка
/uslugi/kapelnitsy/ot-zapoya-i-alkogolya/moskva/prazhskaya/,metro,Капельницы и детокс,Капельница от запоя и алкоголя на дому — Пражская
/uslugi/kapelnitsy/ot-zapoya-i-alkogolya/moskva/preobrazhenskaya-ploshchad/,metro,Капельницы и детокс,Капельница от запоя и алкоголя на дому — Преображенская площадь
/uslugi/kapelnitsy/ot-zapoya-i-alkogolya/moskva/profsoyuznaya/,metro,Капельницы и детокс,Капельница от запоя и алкоголя на дому — Профсоюзная
/uslugi/kapelnitsy/ot-zapoya-i-alkogolya/moskva/proletarskaya/,metro,Капельницы и детокс,Капельница от запоя и алкоголя на дому — Пролетарская
/uslugi/kapelnitsy/ot-zapoya-i-alkogolya/moskva/prospekt-mira/,metro,Капельницы и детокс,Капельница от запоя и алкоголя на дому — Проспект Мира
/uslugi/kapelnitsy/ot-zapoya-i-alkogolya/moskva/prospekt-vernadskogo/,metro,Капельницы и детокс,Капельница от запоя и алкоголя на дому — Проспект Вернадского
/uslugi/kapelnitsy/ot-zapoya-i-alkogolya/moskva/pushkinskaya/,metro,Капельницы и детокс,Капельница от запоя и алкоголя на дому — Пушкинская
/uslugi/kapelnitsy/ot-zapoya-i-alkogolya/moskva/pyatnickoe-shosse/,metro,Капельницы и детокс,Капельница от запоя и алкоголя на дому — Пятницкое шоссе
/uslugi/kapelnitsy/ot-zapoya-i-alkogolya/moskva/ramenki/,metro,Капельницы и детокс,Капельница от запоя и алкоголя на дому — Раменки
/uslugi/kapelnitsy/ot-zapoya-i-alkogolya/moskva/rechnoj-vokzal/,metro,Капельницы и детокс,Капельница от запоя и алкоголя на дому — Речной вокзал
/uslugi/kapelnitsy/ot-zapoya-i-alkogolya/moskva/rimskaya/,metro,Капельницы и детокс,Капельница от запоя и алкоголя на дому — Римская
/uslugi/kapelnitsy/ot-zapoya-i-alkogolya/moskva/rizhskaya/,metro,Капельницы и детокс,Капельница от запоя и алкоголя на дому — Рижская
/uslugi/kapelnitsy/ot-zapoya-i-alkogolya/moskva/rostokino/,metro,Капельницы и детокс,Капельница от запоя и алкоголя на дому — Ростокино
/uslugi/kapelnitsy/ot-zapoya-i-alkogolya/moskva/rumyancevo/,metro,Капельницы и детокс,Капельница от запоя и алкоголя на дому — Румянцево
/uslugi/kapelnitsy/ot-zapoya-i-alkogolya/moskva/ryazanskij-prospekt/,metro,Капельницы и детокс,Капельница от запоя и алкоголя на дому — Рязанский проспект
/uslugi/kapelnitsy/ot-zapoya-i-alkogolya/moskva/salarevo/,metro,Капельницы и детокс,Капельница от запоя и алкоголя на дому — Саларьево
/uslugi/kapelnitsy/ot-zapoya-i-alkogolya/moskva/savelovskaya/,metro,Капельницы и детокс,Капельница от запоя и алкоголя на дому — Савёловская
/uslugi/kapelnitsy/ot-zapoya-i-alkogolya/moskva/seligerskaya/,metro,Капельницы и детокс,Капельница от запоя и алкоголя на дому — Селигерская
/uslugi/kapelnitsy/ot-zapoya-i-alkogolya/moskva/semenovskaya/,metro,Капельницы и детокс,Капельница от запоя и алкоголя на дому — Семёновская
/uslugi/kapelnitsy/ot-zapoya-i-alkogolya/moskva/serpuhovskaya/,metro,Капельницы и детокс,Капельница от запоя и алкоголя на дому — Серпуховская
/uslugi/kapelnitsy/ot-zapoya-i-alkogolya/moskva/sevastopolskaya/,metro,Капельницы и детокс,Капельница от запоя и алкоголя на дому — Севастопольская
/uslugi/kapelnitsy/ot-zapoya-i-alkogolya/moskva/shabolovskaya/,metro,Капельницы и детокс,Капельница от запоя и алкоголя на дому — Шаболовская
/uslugi/kapelnitsy/ot-zapoya-i-alkogolya/moskva/shelepiha/,metro,Капельницы и детокс,Капельница от запоя и алкоголя на дому — Шелепиха
/uslugi/kapelnitsy/ot-zapoya-i-alkogolya/moskva/shchukinskaya/,metro,Капельницы и детокс,Капельница от запоя и алкоголя на дому — Щукинская
/uslugi/kapelnitsy/ot-zapoya-i-alkogolya/moskva/shchelkovskaya/,metro,Капельницы и детокс,Капельница от запоя и алкоголя на дому — Щёлковская
/uslugi/kapelnitsy/ot-zapoya-i-alkogolya/moskva/shipilovskaya/,metro,Капельницы и детокс,Капельница от запоя и алкоголя на дому — Шипиловская
/uslugi/kapelnitsy/ot-zapoya-i-alkogolya/moskva/shodnenskaya/,metro,Капельницы и детокс,Капельница от запоя и алкоголя на дому — Сходненская
/uslugi/kapelnitsy/ot-zapoya-i-alkogolya/moskva/shosse-entuziastov/,metro,Капельницы и детокс,Капельница от запоя и алкоголя на дому — Шоссе Энтузиастов
/uslugi/kapelnitsy/ot-zapoya-i-alkogolya/moskva/ulica-skobelevskaya/,metro,Капельницы и детокс,Капельница от запоя и алкоголя на дому — Улица Скобелевская
/uslugi/kapelnitsy/ot-zapoya-i-alkogolya/moskva/slavyanskij-bulvar/,metro,Капельницы и детокс,Капельница от запоя и алкоголя на дому — Славянский бульвар
/uslugi/kapelnitsy/ot-zapoya-i-alkogolya/moskva/smolenskaya/,metro,Капельницы и детокс,Капельница от запоя и алкоголя на дому — Смоленская
/uslugi/kapelnitsy/ot-zapoya-i-alkogolya/moskva/sokol/,metro,Капельницы и детокс,Капельница от запоя и алкоголя на дому — Сокол
/uslugi/kapelnitsy/ot-zapoya-i-alkogolya/moskva/sokolinaya-gora/,metro,Капельницы и детокс,Капельница от запоя и алкоголя на дому — Соколиная гора
/uslugi/kapelnitsy/ot-zapoya-i-alkogolya/moskva/spartak/,metro,Капельницы и детокс,Капельница от запоя и алкоголя на дому — Спартак
/uslugi/kapelnitsy/ot-zapoya-i-alkogolya/moskva/sportivnaya/,metro,Капельницы и детокс,Капельница от запоя и алкоголя на дому — Спортивная
/uslugi/kapelnitsy/ot-zapoya-i-alkogolya/moskva/sretenskij-bulvar/,metro,Капельницы и детокс,Капельница от запоя и алкоголя на дому — Сретенский бульвар
/uslugi/kapelnitsy/ot-zapoya-i-alkogolya/moskva/streshnevo/,metro,Капельницы и детокс,Капельница от запоя и алкоголя на дому — Стрешнево
/uslugi/kapelnitsy/ot-zapoya-i-alkogolya/moskva/strogino/,metro,Капельницы и детокс,Капельница от запоя и алкоголя на дому — Строгино
/uslugi/kapelnitsy/ot-zapoya-i-alkogolya/moskva/studencheskaya/,metro,Капельницы и детокс,Капельница от запоя и алкоголя на дому — Студенческая
/uslugi/kapelnitsy/ot-zapoya-i-alkogolya/moskva/suharevskaya/,metro,Капельницы и детокс,Капельница от запоя и алкоголя на дому — Сухаревская
/uslugi/kapelnitsy/ot-zapoya-i-alkogolya/moskva/sviblovo/,metro,Капельницы и детокс,Капельница от запоя и алкоголя на дому — Свиблово
/uslugi/kapelnitsy/ot-zapoya-i-alkogolya/moskva/taganskaya/,metro,Капельницы и детокс,Капельница от запоя и алкоголя на дому — Таганская
/uslugi/kapelnitsy/ot-zapoya-i-alkogolya/moskva/teatralnaya/,metro,Капельницы и детокс,Капельница от запоя и алкоголя на дому — Театральная
/uslugi/kapelnitsy/ot-zapoya-i-alkogolya/moskva/tehnopark/,metro,Капельницы и детокс,Капельница от запоя и алкоголя на дому — Технопарк
/uslugi/kapelnitsy/ot-zapoya-i-alkogolya/moskva/tekstilshchiki/,metro,Капельницы и детокс,Капельница от запоя и алкоголя на дому — Текстильщики
/uslugi/kapelnitsy/ot-zapoya-i-alkogolya/moskva/telecentr/,metro,Капельницы и детокс,Капельница от запоя и алкоголя на дому — Телецентр
/uslugi/kapelnitsy/ot-zapoya-i-alkogolya/moskva/teplyj-stan/,metro,Капельницы и детокс,Капельница от запоя и алкоголя на дому — Тёплый Стан
/uslugi/kapelnitsy/ot-zapoya-i-alkogolya/moskva/timiryazevskaya/,metro,Капельницы и детокс,Капельница от запоя и алкоголя на дому — Тимирязевская
/uslugi/kapelnitsy/ot-zapoya-i-alkogolya/moskva/tretyakovskaya/,metro,Капельницы и детокс,Капельница от запоя и алкоголя на дому — Третьяковская
/uslugi/kapelnitsy/ot-zapoya-i-alkogolya/moskva/troparevo/,metro,Капельницы и детокс,Капельница от запоя и алкоголя на дому — Тропарёво
/uslugi/kapelnitsy/ot-zapoya-i-alkogolya/moskva/trubnaya/,metro,Капельницы и детокс,Капельница от запоя и алкоголя на дому — Трубная
/uslugi/kapelnitsy/ot-zapoya-i-alkogolya/moskva/tulskaya/,metro,Капельницы и детокс,Капельница от запоя и алкоголя на дому — Тульская
/uslugi/kapelnitsy/ot-zapoya-i-alkogolya/moskva/turgenevskaya/,metro,Капельницы и детокс,Капельница от запоя и алкоголя на дому — Тургеневская
/uslugi/kapelnitsy/ot-zapoya-i-alkogolya/moskva/tushinskaya/,metro,Капельницы и детокс,Капельница от запоя и алкоголя на дому — Тушинская
/uslugi/kapelnitsy/ot-zapoya-i-alkogolya/moskva/tverskaya/,metro,Капельницы и детокс,Капельница от запоя и алкоголя на дому — Тверская
/uslugi/kapelnitsy/ot-zapoya-i-alkogolya/moskva/ugreshskaya/,metro,Капельницы и детокс,Капельница от запоя и алкоголя на дому — Угрешская
/uslugi/kapelnitsy/ot-zapoya-i-alkogolya/moskva/ulica-1905-goda/,metro,Капельницы и детокс,Капельница от запоя и алкоголя на дому — Улица 1905 года
/uslugi/kapelnitsy/ot-zapoya-i-alkogolya/moskva/ulica-akademika-koroleva/,metro,Капельницы и детокс,Капельница от запоя и алкоголя на дому — Улица Академика Королёва
/uslugi/kapelnitsy/ot-zapoya-i-alkogolya/moskva/ulica-akademika-yangelya/,metro,Капельницы и детокс,Капельница от запоя и алкоголя на дому — Улица Академика Янгеля
/uslugi/kapelnitsy/ot-zapoya-i-alkogolya/moskva/ulica-gorchakova/,metro,Капельницы и детокс,Капельница от запоя и алкоголя на дому — Улица Горчакова
/uslugi/kapelnitsy/ot-zapoya-i-alkogolya/moskva/ulica-milashenkova/,metro,Капельницы и детокс,Капельница от запоя и алкоголя на дому — Улица Милашенкова
/uslugi/kapelnitsy/ot-zapoya-i-alkogolya/moskva/ulica-sergeya-ejzenshtejna/,metro,Капельницы и детокс,Капельница от запоя и алкоголя на дому — Улица Сергея Эйзенштейна
/uslugi/kapelnitsy/ot-zapoya-i-alkogolya/moskva/ulica-starokachalovskaya/,metro,Капельницы и детокс,Капельница от запоя и алкоголя на дому — Улица Старокачаловская
/uslugi/kapelnitsy/ot-zapoya-i-alkogolya/moskva/universitet/,metro,Капельницы и детокс,Капельница от запоя и алкоголя на дому — Университет
/uslugi/kapelnitsy/ot-zapoya-i-alkogolya/moskva/varshavskaya/,metro,Капельницы и детокс,Капельница от запоя и алкоголя на дому — Варшавская
/uslugi/kapelnitsy/ot-zapoya-i-alkogolya/moskva/vdnh/,metro,Капельницы и детокс,Капельница от запоя и алкоголя на дому — ВДНХ
/uslugi/kapelnitsy/ot-zapoya-i-alkogolya/moskva/verhnie-kotly/,metro,Капельницы и детокс,Капельница от запоя и алкоголя на дому — Верхние Котлы
/uslugi/kapelnitsy/ot-zapoya-i-alkogolya/moskva/verhnie-lihobory/,metro,Капельницы и детокс,Капельница от запоя и алкоголя на дому — Верхние Лихоборы
/uslugi/kapelnitsy/ot-zapoya-i-alkogolya/moskva/vladykino/,metro,Капельницы и детокс,Капельница от запоя и алкоголя на дому — Владыкино
/uslugi/kapelnitsy/ot-zapoya-i-alkogolya/moskva/vodnyj-stadion/,metro,Капельницы и детокс,Капельница от запоя и алкоголя на дому — Водный стадион
/uslugi/kapelnitsy/ot-zapoya-i-alkogolya/moskva/vojkovskaya/,metro,Капельницы и детокс,Капельница от запоя и алкоголя на дому — Войковская
/uslugi/kapelnitsy/ot-zapoya-i-alkogolya/moskva/volgogradskij-prospekt/,metro,Капельницы и детокс,Капельница от запоя и алкоголя на дому — Волгоградский проспект
/uslugi/kapelnitsy/ot-zapoya-i-alkogolya/moskva/volokolamskaya/,metro,Капельницы и детокс,Капельница от запоя и алкоголя на дому — Волоколамская
/uslugi/kapelnitsy/ot-zapoya-i-alkogolya/moskva/volzhskaya/,metro,Капельницы и детокс,Капельница от запоя и алкоголя на дому — Волжская
/uslugi/kapelnitsy/ot-zapoya-i-alkogolya/moskva/vorobevy-gory/,metro,Капельницы и детокс,Капельница от запоя и алкоголя на дому — Воробьёвы горы
/uslugi/kapelnitsy/ot-zapoya-i-alkogolya/moskva/vyhino/,metro,Капельницы и детокс,Капельница от запоя и алкоголя на дому — Выхино
/uslugi/kapelnitsy/ot-zapoya-i-alkogolya/moskva/vystavochnaya/,metro,Капельницы и детокс,Капельница от запоя и алкоголя на дому — Выставочная
/uslugi/kapelnitsy/ot-zapoya-i-alkogolya/moskva/vystavochnyj-centr/,metro,Капельницы и детокс,Капельница от запоя и алкоголя на дому — Выставочный центр
/uslugi/kapelnitsy/ot-zapoya-i-alkogolya/moskva/yasenevo/,metro,Капельницы и детокс,Капельница от запоя и алкоголя на дому — Ясенево
/uslugi/kapelnitsy/ot-zapoya-i-alkogolya/moskva/yugo-zapadnaya/,metro,Капельницы и детокс,Капельница от запоя и алкоголя на дому — Юго-Западная
/uslugi/kapelnitsy/ot-zapoya-i-alkogolya/moskva/yuzhnaya/,metro,Капельницы и детокс,Капельница от запоя и алкоголя на дому — Южная
/uslugi/kapelnitsy/ot-zapoya-i-alkogolya/moskva/zhulebino/,metro,Капельницы и детокс,Капельница от запоя и алкоголя на дому — Жулебино
/uslugi/kapelnitsy/ot-zapoya-i-alkogolya/moskva/zil/,metro,Капельницы и детокс,Капельница от запоя и алкоголя на дому — ЗИЛ
/uslugi/kapelnitsy/ot-zapoya-i-alkogolya/moskva/zorge/,metro,Капельницы и детокс,Капельница от запоя и алкоголя на дому — Зорге
/uslugi/kapelnitsy/ot-zapoya-i-alkogolya/moskva/zyablikovo/,metro,Капельницы и детокс,Капельница от запоя и алкоголя на дому — Зябликово
/uslugi/kapelnitsy/ot-zapoya-i-alkogolya/moskva/cao/,okrug,Капельницы и детокс,Капельница от запоя и алкоголя на дому — ЦАО
/uslugi/kapelnitsy/ot-zapoya-i-alkogolya/moskva/sao/,okrug,Капельницы и детокс,Капельница от запоя и алкоголя на дому — САО
/uslugi/kapelnitsy/ot-zapoya-i-alkogolya/moskva/svao/,okrug,Капельницы и детокс,Капельница от запоя и алкоголя на дому — СВАО
/uslugi/kapelnitsy/ot-zapoya-i-alkogolya/moskva/vao/,okrug,Капельницы и детокс,Капельница от запоя и алкоголя на дому — ВАО
/uslugi/kapelnitsy/ot-zapoya-i-alkogolya/moskva/yuvao/,okrug,Капельницы и детокс,Капельница от запоя и алкоголя на дому — ЮВАО
/uslugi/kapelnitsy/ot-zapoya-i-alkogolya/moskva/yuao/,okrug,Капельницы и детокс,Капельница от запоя и алкоголя на дому — ЮАО
/uslugi/kapelnitsy/ot-zapoya-i-alkogolya/moskva/yuzao/,okrug,Капельницы и детокс,Капельница от запоя и алкоголя на дому — ЮЗАО
/uslugi/kapelnitsy/ot-zapoya-i-alkogolya/moskva/zao/,okrug,Капельницы и детокс,Капельница от запоя и алкоголя на дому — ЗАО
/uslugi/kapelnitsy/ot-zapoya-i-alkogolya/moskva/szao/,okrug,Капельницы и детокс,Капельница от запоя и алкоголя на дому — СЗАО
/uslugi/kapelnitsy/ot-zapoya-i-alkogolya/moskva/zelao/,okrug,Капельницы и детокс,Капельница от запоя и алкоголя на дому — ЗелАО
/uslugi/kapelnitsy/ot-zapoya-i-alkogolya/moskva/nao/,okrug,Капельницы и детокс,Капельница от запоя и алкоголя на дому — НАО
/uslugi/kapelnitsy/ot-zapoya-i-alkogolya/moskva/tao/,okrug,Капельницы и детокс,Капельница от запоя и алкоголя на дому — ТАО
/uslugi/kapelnitsy/ot-zapoya-i-alkogolya/moskovskaya-oblast/balashiha/,city,Капельницы и детокс,Капельница от запоя и алкоголя на дому — Балашиха
/uslugi/kapelnitsy/ot-zapoya-i-alkogolya/moskovskaya-oblast/podolsk/,city,Капельницы и детокс,Капельница от запоя и алкоголя на дому — Подольск
/uslugi/kapelnitsy/ot-zapoya-i-alkogolya/moskovskaya-oblast/himki/,city,Капельницы и детокс,Капельница от запоя и алкоголя на дому — Химки
/uslugi/kapelnitsy/ot-zapoya-i-alkogolya/moskovskaya-oblast/mytishchi/,city,Капельницы и детокс,Капельница от запоя и алкоголя на дому — Мытищи
/uslugi/kapelnitsy/ot-zapoya-i-alkogolya/moskovskaya-oblast/korolev/,city,Капельницы и детокс,Капельница от запоя и алкоголя на дому — Королёв
/uslugi/kapelnitsy/ot-zapoya-i-alkogolya/moskovskaya-oblast/lyubertsy/,city,Капельницы и детокс,Капельница от запоя и алкоголя на дому — Люберцы
/uslugi/kapelnitsy/ot-zapoya-i-alkogolya/moskovskaya-oblast/krasnogorsk/,city,Капельницы и детокс,Капельница от запоя и алкоголя на дому — Красногорск
/uslugi/kapelnitsy/ot-zapoya-i-alkogolya/moskovskaya-oblast/elektrostal/,city,Капельницы и детокс,Капельница от запоя и алкоголя на дому — Электросталь
/uslugi/kapelnitsy/ot-zapoya-i-alkogolya/moskovskaya-oblast/kolomna/,city,Капельницы и детокс,Капельница от запоя и алкоголя на дому — Коломна
/uslugi/kapelnitsy/ot-zapoya-i-alkogolya/moskovskaya-oblast/odincovo/,city,Капельницы и детокс,Капельница от запоя и алкоголя на дому — Одинцово
/uslugi/kapelnitsy/ot-zapoya-i-alkogolya/moskovskaya-oblast/domodedovo/,city,Капельницы и детокс,Капельница от запоя и алкоголя на дому — Домодедово
/uslugi/kapelnitsy/ot-zapoya-i-alkogolya/moskovskaya-oblast/shchelkovo/,city,Капельницы и детокс,Капельница от запоя и алкоголя на дому — Щёлково
/uslugi/kapelnitsy/ot-zapoya-i-alkogolya/moskovskaya-oblast/serpuhov/,city,Капельницы и детокс,Капельница от запоя и алкоголя на дому — Серпухов
/uslugi/kapelnitsy/ot-zapoya-i-alkogolya/moskovskaya-oblast/ramenskoe/,city,Капельницы и детокс,Капельница от запоя и алкоголя на дому — Раменское
/uslugi/kapelnitsy/ot-zapoya-i-alkogolya/moskovskaya-oblast/dolgoprudnyj/,city,Капельницы и детокс,Капельница от запоя и алкоголя на дому — Долгопрудный
/uslugi/kapelnitsy/ot-zapoya-i-alkogolya/moskovskaya-oblast/pushkino/,city,Капельницы и детокс,Капельница от запоя и алкоголя на дому — Пушкино
/uslugi/kapelnitsy/ot-zapoya-i-alkogolya/moskovskaya-oblast/reutov/,city,Капельницы и детокс,Капельница от запоя и алкоголя на дому — Реутов
/uslugi/kapelnitsy/ot-zapoya-i-alkogolya/moskovskaya-oblast/zhukovskij/,city,Капельницы и детокс,Капельница от запоя и алкоголя на дому — Жуковский
/uslugi/kapelnitsy/ot-zapoya-i-alkogolya/moskovskaya-oblast/noginsk/,city,Капельницы и детокс,Капельница от запоя и алкоголя на дому — Ногинск
/uslugi/kapelnitsy/ot-zapoya-i-alkogolya/moskovskaya-oblast/sergiev-posad/,city,Капельницы и детокс,Капельница от запоя и алкоголя на дому — Сергиев Посад
/uslugi/kapelnitsy/ot-zapoya-i-alkogolya/moskovskaya-oblast/voskresensk/,city,Капельницы и детокс,Капельница от запоя и алкоголя на дому — Воскресенск
/uslugi/kapelnitsy/ot-zapoya-i-alkogolya/moskovskaya-oblast/orehovo-zuevo/,city,Капельницы и детокс,Капельница от запоя и алкоголя на дому — Орехово-Зуево
/uslugi/kapelnitsy/ot-zapoya-i-alkogolya/moskovskaya-oblast/pavlovskij-posad/,city,Капельницы и детокс,Капельница от запоя и алкоголя на дому — Павловский Посад
/uslugi/kapelnitsy/ot-zapoya-i-alkogolya/moskovskaya-oblast/lobnya/,city,Капельницы и детокс,Капельница от запоя и алкоголя на дому — Лобня
/uslugi/kapelnitsy/ot-zapoya-i-alkogolya/moskovskaya-oblast/ivanteevka/,city,Капельницы и детокс,Капельница от запоя и алкоголя на дому — Ивантеевка
/uslugi/kapelnitsy/ot-zapoya-i-alkogolya/moskovskaya-oblast/klin/,city,Капельницы и детокс,Капельница от запоя и алкоголя на дому — Клин
/uslugi/kapelnitsy/ot-zapoya-i-alkogolya/moskovskaya-oblast/egorevsk/,city,Капельницы и детокс,Капельница от запоя и алкоголя на дому — Егорьевск
/uslugi/kapelnitsy/ot-zapoya-i-alkogolya/moskovskaya-oblast/dmitrov/,city,Капельницы и детокс,Капельница от запоя и алкоголя на дому — Дмитров
/uslugi/kapelnitsy/ot-zapoya-i-alkogolya/moskovskaya-oblast/chehov/,city,Капельницы и детокс,Капельница от запоя и алкоголя на дому — Чехов
/uslugi/kapelnitsy/ot-zapoya-i-alkogolya/moskovskaya-oblast/naro-fominsk/,city,Капельницы и детокс,Капельница от запоя и алкоголя на дому — Наро-Фоминск
/uslugi/kapelnitsy/ot-zapoya-i-alkogolya/moskovskaya-oblast/stupino/,city,Капельницы и детокс,Капельница от запоя и алкоголя на дому — Ступино
/uslugi/kapelnitsy/ot-zapoya-i-alkogolya/moskovskaya-oblast/vidnoe/,city,Капельницы и детокс,Капельница от запоя и алкоголя на дому — Видное
/uslugi/kapelnitsy/ot-zapoya-i-alkogolya/moskovskaya-oblast/fryazino/,city,Капельницы и детокс,Капельница от запоя и алкоголя на дому — Фрязино
/uslugi/kapelnitsy/ot-zapoya-i-alkogolya/moskovskaya-oblast/lytkarino/,city,Капельницы и детокс,Капельница от запоя и алкоголя на дому — Лыткарино
/uslugi/kapelnitsy/ot-zapoya-i-alkogolya/moskovskaya-oblast/dzerzhinskij/,city,Капельницы и детокс,Капельница от запоя и алкоголя на дому — Дзержинский
/uslugi/kapelnitsy/ot-zapoya-i-alkogolya/moskovskaya-oblast/kotelniki/,city,Капельницы и детокс,Капельница от запоя и алкоголя на дому — Котельники
/uslugi/kapelnitsy/ot-zapoya-i-alkogolya/moskovskaya-oblast/istra/,city,Капельницы и детокс,Капельница от запоя и алкоголя на дому — Истра
/uslugi/kapelnitsy/ot-zapoya-i-alkogolya/moskovskaya-oblast/dedovsk/,city,Капельницы и детокс,Капельница от запоя и алкоголя на дому — Дедовск
/uslugi/kapelnitsy/ot-zapoya-i-alkogolya/moskovskaya-oblast/solnechnogorsk/,city,Капельницы и детокс,Капельница от запоя и алкоголя на дому — Солнечногорск
/uslugi/kapelnitsy/ot-zapoya-i-alkogolya/moskovskaya-oblast/aprelevka/,city,Капельницы и детокс,Капельница от запоя и алкоголя на дому — Апрелевка
/uslugi/kapelnitsy/ot-zapoya-i-alkogolya/moskovskaya-oblast/kubinka/,city,Капельницы и детокс,Капельница от запоя и алкоголя на дому — Кубинка
/uslugi/kapelnitsy/ot-zapoya-i-alkogolya/moskovskaya-oblast/ruza/,city,Капельницы и детокс,Капельница от запоя и алкоголя на дому — Руза
/uslugi/kapelnitsy/ot-zapoya-i-alkogolya/moskovskaya-oblast/zvenigorod/,city,Капельницы и детокс,Капельница от запоя и алкоголя на дому — Звенигород
/uslugi/kapelnitsy/ot-zapoya-i-alkogolya/moskovskaya-oblast/mozhajsk/,city,Капельницы и детокс,Капельница от запоя и алкоголя на дому — Можайск
/uslugi/kapelnitsy/ot-zapoya-i-alkogolya/moskovskaya-oblast/luhovicy/,city,Капельницы и детокс,Капельница от запоя и алкоголя на дому — Луховицы
/uslugi/kapelnitsy/ot-zapoya-i-alkogolya/moskovskaya-oblast/kashira/,city,Капельницы и детокс,Капельница от запоя и алкоголя на дому — Кашира
/uslugi/kapelnitsy/ot-zapoya-i-alkogolya/moskovskaya-oblast/protvino/,city,Капельницы и детокс,Капельница от запоя и алкоголя на дому — Протвино
/uslugi/kapelnitsy/ot-zapoya-i-alkogolya/moskovskaya-oblast/dubna/,city,Капельницы и детокс,Капельница от запоя и алкоголя на дому — Дубна
/uslugi/kapelnitsy/ot-zapoya-i-alkogolya/moskovskaya-oblast/chernogolovka/,city,Капельницы и детокс,Капельница от запоя и алкоголя на дому — Черноголовка
/uslugi/kapelnitsy/ot-zapoya-i-alkogolya/moskovskaya-oblast/volokolamsk/,city,Капельницы и детокс,Капельница от запоя и алкоголя на дому — Волоколамск
/uslugi/kodirovanie/moskva/aeroport/,metro,Кодирование,Кодирование от алкоголизма — Аэропорт
/uslugi/kodirovanie/moskva/aleksandrovskij-sad/,metro,Кодирование,Кодирование от алкоголизма — Александровский сад
/uslugi/kodirovanie/moskva/alekseevskaya/,metro,Кодирование,Кодирование от алкоголизма — Алексеевская
/uslugi/kodirovanie/moskva/alma-atinskaya/,metro,Кодирование,Кодирование от алкоголизма — Алма-Атинская
/uslugi/kodirovanie/moskva/altufevo/,metro,Кодирование,Кодирование от алкоголизма — Алтуфьево
/uslugi/kodirovanie/moskva/andronovka/,metro,Кодирование,Кодирование от алкоголизма — Андроновка
/uslugi/kodirovanie/moskva/annino/,metro,Кодирование,Кодирование от алкоголизма — Аннино
/uslugi/kodirovanie/moskva/arbatskaya/,metro,Кодирование,Кодирование от алкоголизма — Арбатская
/uslugi/kodirovanie/moskva/aviamotornaya/,metro,Кодирование,Кодирование от алкоголизма — Авиамоторная
/uslugi/kodirovanie/moskva/avtozavodskaya/,metro,Кодирование,Кодирование от алкоголизма — Автозаводская
/uslugi/kodirovanie/moskva/babushkinskaya/,metro,Кодирование,Кодирование от алкоголизма — Бабушкинская
/uslugi/kodirovanie/moskva/bagrationovskaya/,metro,Кодирование,Кодирование от алкоголизма — Багратионовская
/uslugi/kodirovanie/moskva/baltijskaya/,metro,Кодирование,Кодирование от алкоголизма — Балтийская
/uslugi/kodirovanie/moskva/barrikadnaya/,metro,Кодирование,Кодирование от алкоголизма — Баррикадная
/uslugi/kodirovanie/moskva/baumanskaya/,metro,Кодирование,Кодирование от алкоголизма — Бауманская
/uslugi/kodirovanie/moskva/begovaya/,metro,Кодирование,Кодирование от алкоголизма — Беговая
/uslugi/kodirovanie/moskva/belokamennaya/,metro,Кодирование,Кодирование от алкоголизма — Белокаменная
/uslugi/kodirovanie/moskva/belorusskaya/,metro,Кодирование,Кодирование от алкоголизма — Белорусская
/uslugi/kodirovanie/moskva/belyaevo/,metro,Кодирование,Кодирование от алкоголизма — Беляево
/uslugi/kodirovanie/moskva/bibirevo/,metro,Кодирование,Кодирование от алкоголизма — Бибирево
/uslugi/kodirovanie/moskva/biblioteka-imeni-lenina/,metro,Кодирование,Кодирование от алкоголизма — Библиотека имени Ленина
/uslugi/kodirovanie/moskva/bitcevskij-park/,metro,Кодирование,Кодирование от алкоголизма — Битцевский парк
/uslugi/kodirovanie/moskva/borisovo/,metro,Кодирование,Кодирование от алкоголизма — Борисово
/uslugi/kodirovanie/moskva/borovickaya/,metro,Кодирование,Кодирование от алкоголизма — Боровицкая
/uslugi/kodirovanie/moskva/botanicheskij-sad/,metro,Кодирование,Кодирование от алкоголизма — Ботанический сад
/uslugi/kodirovanie/moskva/bratislavskaya/,metro,Кодирование,Кодирование от алкоголизма — Братиславская
/uslugi/kodirovanie/moskva/bulvar-admirala-ushakova/,metro,Кодирование,Кодирование от алкоголизма — Бульвар Адмирала Ушакова
/uslugi/kodirovanie/moskva/bulvar-rokossovskogo/,metro,Кодирование,Кодирование от алкоголизма — Бульвар Рокоссовского
/uslugi/kodirovanie/moskva/buninskaya-alleya/,metro,Кодирование,Кодирование от алкоголизма — Бунинская аллея
/uslugi/kodirovanie/moskva/butyrskaya/,metro,Кодирование,Кодирование от алкоголизма — Бутырская
/uslugi/kodirovanie/moskva/chehovskaya/,metro,Кодирование,Кодирование от алкоголизма — Чеховская
/uslugi/kodirovanie/moskva/cherkizovskaya/,metro,Кодирование,Кодирование от алкоголизма — Черкизовская
/uslugi/kodirovanie/moskva/chertanovskaya/,metro,Кодирование,Кодирование от алкоголизма — Чертановская
/uslugi/kodirovanie/moskva/chistye-prudy/,metro,Кодирование,Кодирование от алкоголизма — Чистые пруды
/uslugi/kodirovanie/moskva/chkalovskaya/,metro,Кодирование,Кодирование от алкоголизма — Чкаловская
/uslugi/kodirovanie/moskva/caricyno/,metro,Кодирование,Кодирование от алкоголизма — Царицыно
/uslugi/kodirovanie/moskva/cska/,metro,Кодирование,Кодирование от алкоголизма — ЦСКА
/uslugi/kodirovanie/moskva/cvetnoj-bulvar/,metro,Кодирование,Кодирование от алкоголизма — Цветной бульвар
/uslugi/kodirovanie/moskva/delovoj-centr/,metro,Кодирование,Кодирование от алкоголизма — Деловой центр
/uslugi/kodirovanie/moskva/dinamo/,metro,Кодирование,Кодирование от алкоголизма — Динамо
/uslugi/kodirovanie/moskva/dmitrovskaya/,metro,Кодирование,Кодирование от алкоголизма — Дмитровская
/uslugi/kodirovanie/moskva/dobryninskaya/,metro,Кодирование,Кодирование от алкоголизма — Добрынинская
/uslugi/kodirovanie/moskva/domodedovskaya/,metro,Кодирование,Кодирование от алкоголизма — Домодедовская
/uslugi/kodirovanie/moskva/dostoevskaya/,metro,Кодирование,Кодирование от алкоголизма — Достоевская
/uslugi/kodirovanie/moskva/elektrozavodskaya/,metro,Кодирование,Кодирование от алкоголизма — Электрозаводская
/uslugi/kodirovanie/moskva/filevskij-park/,metro,Кодирование,Кодирование от алкоголизма — Филёвский парк
/uslugi/kodirovanie/moskva/fili/,metro,Кодирование,Кодирование от алкоголизма — Фили
/uslugi/kodirovanie/moskva/fonvizinskaya/,metro,Кодирование,Кодирование от алкоголизма — Фонвизинская
/uslugi/kodirovanie/moskva/frunzenskaya/,metro,Кодирование,Кодирование от алкоголизма — Фрунзенская
/uslugi/kodirovanie/moskva/horoshevskaya/,metro,Кодирование,Кодирование от алкоголизма — Хорошёвская
/uslugi/kodirovanie/moskva/hovrino/,metro,Кодирование,Кодирование от алкоголизма — Ховрино
/uslugi/kodirovanie/moskva/izmajlovskaya/,metro,Кодирование,Кодирование от алкоголизма — Измайловская
/uslugi/kodirovanie/moskva/kahovskaya/,metro,Кодирование,Кодирование от алкоголизма — Каховская
/uslugi/kodirovanie/moskva/kaluzhskaya/,metro,Кодирование,Кодирование от алкоголизма — Калужская
/uslugi/kodirovanie/moskva/kantemirovskaya/,metro,Кодирование,Кодирование от алкоголизма — Кантемировская
/uslugi/kodirovanie/moskva/kashirskaya/,metro,Кодирование,Кодирование от алкоголизма — Каширская
/uslugi/kodirovanie/moskva/kievskaya/,metro,Кодирование,Кодирование от алкоголизма — Киевская
/uslugi/kodirovanie/moskva/kitaj-gorod/,metro,Кодирование,Кодирование от алкоголизма — Китай-город
/uslugi/kodirovanie/moskva/kolomenskaya/,metro,Кодирование,Кодирование от алкоголизма — Коломенская
/uslugi/kodirovanie/moskva/komsomolskaya/,metro,Кодирование,Кодирование от алкоголизма — Комсомольская
/uslugi/kodirovanie/moskva/konkovo/,metro,Кодирование,Кодирование от алкоголизма — Коньково
/uslugi/kodirovanie/moskva/koptevo/,metro,Кодирование,Кодирование от алкоголизма — Коптево
/uslugi/kodirovanie/moskva/kotelniki/,metro,Кодирование,Кодирование от алкоголизма — Котельники
/uslugi/kodirovanie/moskva/kozhuhovskaya/,metro,Кодирование,Кодирование от алкоголизма — Кожуховская
/uslugi/kodirovanie/moskva/krasnogvardejskaya/,metro,Кодирование,Кодирование от алкоголизма — Красногвардейская
/uslugi/kodirovanie/moskva/krasnopresnenskaya/,metro,Кодирование,Кодирование от алкоголизма — Краснопресненская
/uslugi/kodirovanie/moskva/krasnoselskaya/,metro,Кодирование,Кодирование от алкоголизма — Красносельская
/uslugi/kodirovanie/moskva/krasnye-vorota/,metro,Кодирование,Кодирование от алкоголизма — Красные ворота
/uslugi/kodirovanie/moskva/krestyanskaya-zastava/,metro,Кодирование,Кодирование от алкоголизма — Крестьянская застава
/uslugi/kodirovanie/moskva/kropotkinskaya/,metro,Кодирование,Кодирование от алкоголизма — Кропоткинская
/uslugi/kodirovanie/moskva/krylatskoe/,metro,Кодирование,Кодирование от алкоголизма — Крылатское
/uslugi/kodirovanie/moskva/krymskaya/,metro,Кодирование,Кодирование от алкоголизма — Крымская
/uslugi/kodirovanie/moskva/kuncevskaya/,metro,Кодирование,Кодирование от алкоголизма — Кунцевская
/uslugi/kodirovanie/moskva/kurskaya/,metro,Кодирование,Кодирование от алкоголизма — Курская
/uslugi/kodirovanie/moskva/kutuzovskaya/,metro,Кодирование,Кодирование от алкоголизма — Кутузовская
/uslugi/kodirovanie/moskva/kuzminki/,metro,Кодирование,Кодирование от алкоголизма — Кузьминки
/uslugi/kodirovanie/moskva/kuzneckij-most/,metro,Кодирование,Кодирование от алкоголизма — Кузнецкий мост
/uslugi/kodirovanie/moskva/leninskij-prospekt/,metro,Кодирование,Кодирование от алкоголизма — Ленинский проспект
/uslugi/kodirovanie/moskva/lermontovskij-prospekt/,metro,Кодирование,Кодирование от алкоголизма — Лермонтовский проспект
/uslugi/kodirovanie/moskva/lesoparkovaya/,metro,Кодирование,Кодирование от алкоголизма — Лесопарковая
/uslugi/kodirovanie/moskva/lihobory/,metro,Кодирование,Кодирование от алкоголизма — Лихоборы
/uslugi/kodirovanie/moskva/lokomotiv/,metro,Кодирование,Кодирование от алкоголизма — Локомотив
/uslugi/kodirovanie/moskva/lomonosovskij-prospekt/,metro,Кодирование,Кодирование от алкоголизма — Ломоносовский проспект
/uslugi/kodirovanie/moskva/lubyanka/,metro,Кодирование,Кодирование от алкоголизма — Лубянка
/uslugi/kodirovanie/moskva/luzhniki/,metro,Кодирование,Кодирование от алкоголизма — Лужники
/uslugi/kodirovanie/moskva/lyublino/,metro,Кодирование,Кодирование от алкоголизма — Люблино
/uslugi/kodirovanie/moskva/marino/,metro,Кодирование,Кодирование от алкоголизма — Марьино
/uslugi/kodirovanie/moskva/marina-roshcha/,metro,Кодирование,Кодирование от алкоголизма — Марьина Роща
/uslugi/kodirovanie/moskva/marksistskaya/,metro,Кодирование,Кодирование от алкоголизма — Марксистская
/uslugi/kodirovanie/moskva/mayakovskaya/,metro,Кодирование,Кодирование от алкоголизма — Маяковская
/uslugi/kodirovanie/moskva/medvedkovo/,metro,Кодирование,Кодирование от алкоголизма — Медведково
/uslugi/kodirovanie/moskva/mendeleevskaya/,metro,Кодирование,Кодирование от алкоголизма — Менделеевская
/uslugi/kodirovanie/moskva/mezhdunarodnaya/,metro,Кодирование,Кодирование от алкоголизма — Международная
/uslugi/kodirovanie/moskva/minskaya/,metro,Кодирование,Кодирование от алкоголизма — Минская
/uslugi/kodirovanie/moskva/molodezhnaya/,metro,Кодирование,Кодирование от алкоголизма — Молодёжная
/uslugi/kodirovanie/moskva/myakinino/,metro,Кодирование,Кодирование от алкоголизма — Мякинино
/uslugi/kodirovanie/moskva/nagatinskaya/,metro,Кодирование,Кодирование от алкоголизма — Нагатинская
/uslugi/kodirovanie/moskva/nagornaya/,metro,Кодирование,Кодирование от алкоголизма — Нагорная
/uslugi/kodirovanie/moskva/nahimovskij-prospekt/,metro,Кодирование,Кодирование от алкоголизма — Нахимовский проспект
/uslugi/kodirovanie/moskva/nizhegorodskaya/,metro,Кодирование,Кодирование от алкоголизма — Нижегородская
/uslugi/kodirovanie/moskva/novogireevo/,metro,Кодирование,Кодирование от алкоголизма — Новогиреево
/uslugi/kodirovanie/moskva/novohohlovskaya/,metro,Кодирование,Кодирование от алкоголизма — Новохохловская
/uslugi/kodirovanie/moskva/novokosino/,metro,Кодирование,Кодирование от алкоголизма — Новокосино
/uslugi/kodirovanie/moskva/novokuzneckaya/,metro,Кодирование,Кодирование от алкоголизма — Новокузнецкая
/uslugi/kodirovanie/moskva/novoslobodskaya/,metro,Кодирование,Кодирование от алкоголизма — Новослободская
/uslugi/kodirovanie/moskva/novoyasenevskaya/,metro,Кодирование,Кодирование от алкоголизма — Новоясеневская
/uslugi/kodirovanie/moskva/novye-cheremushki/,metro,Кодирование,Кодирование от алкоголизма — Новые Черёмушки
/uslugi/kodirovanie/moskva/ohotnyj-ryad/,metro,Кодирование,Кодирование от алкоголизма — Охотный Ряд
/uslugi/kodirovanie/moskva/okruzhnaya/,metro,Кодирование,Кодирование от алкоголизма — Окружная
/uslugi/kodirovanie/moskva/oktyabrskoe-pole/,metro,Кодирование,Кодирование от алкоголизма — Октябрьское Поле
/uslugi/kodirovanie/moskva/oktyabrskaya/,metro,Кодирование,Кодирование от алкоголизма — Октябрьская
/uslugi/kodirovanie/moskva/orehovo/,metro,Кодирование,Кодирование от алкоголизма — Орехово
/uslugi/kodirovanie/moskva/otradnoe/,metro,Кодирование,Кодирование от алкоголизма — Отрадное
/uslugi/kodirovanie/moskva/panfilovskaya/,metro,Кодирование,Кодирование от алкоголизма — Панфиловская
/uslugi/kodirovanie/moskva/park-kultury/,metro,Кодирование,Кодирование от алкоголизма — Парк культуры
/uslugi/kodirovanie/moskva/park-pobedy/,metro,Кодирование,Кодирование от алкоголизма — Парк Победы
/uslugi/kodirovanie/moskva/partizanskaya/,metro,Кодирование,Кодирование от алкоголизма — Партизанская
/uslugi/kodirovanie/moskva/paveleckaya/,metro,Кодирование,Кодирование от алкоголизма — Павелецкая
/uslugi/kodirovanie/moskva/pechatniki/,metro,Кодирование,Кодирование от алкоголизма — Печатники
/uslugi/kodirovanie/moskva/perovo/,metro,Кодирование,Кодирование от алкоголизма — Перово
/uslugi/kodirovanie/moskva/pervomajskaya/,metro,Кодирование,Кодирование от алкоголизма — Первомайская
/uslugi/kodirovanie/moskva/petrovskij-park/,metro,Кодирование,Кодирование от алкоголизма — Петровский парк
/uslugi/kodirovanie/moskva/petrovsko-razumovskaya/,metro,Кодирование,Кодирование от алкоголизма — Петровско-Разумовская
/uslugi/kodirovanie/moskva/pionerskaya/,metro,Кодирование,Кодирование от алкоголизма — Пионерская
/uslugi/kodirovanie/moskva/planernaya/,metro,Кодирование,Кодирование от алкоголизма — Планерная
/uslugi/kodirovanie/moskva/ploshchad-gagarina/,metro,Кодирование,Кодирование от алкоголизма — Площадь Гагарина
/uslugi/kodirovanie/moskva/ploshchad-ilicha/,metro,Кодирование,Кодирование от алкоголизма — Площадь Ильича
/uslugi/kodirovanie/moskva/ploshchad-revolyucii/,metro,Кодирование,Кодирование от алкоголизма — Площадь Революции
/uslugi/kodirovanie/moskva/polezhaevskaya/,metro,Кодирование,Кодирование от алкоголизма — Полежаевская
/uslugi/kodirovanie/moskva/polyanka/,metro,Кодирование,Кодирование от алкоголизма — Полянка
/uslugi/kodirovanie/moskva/prazhskaya/,metro,Кодирование,Кодирование от алкоголизма — Пражская
/uslugi/kodirovanie/moskva/preobrazhenskaya-ploshchad/,metro,Кодирование,Кодирование от алкоголизма — Преображенская площадь
/uslugi/kodirovanie/moskva/profsoyuznaya/,metro,Кодирование,Кодирование от алкоголизма — Профсоюзная
/uslugi/kodirovanie/moskva/proletarskaya/,metro,Кодирование,Кодирование от алкоголизма — Пролетарская
/uslugi/kodirovanie/moskva/prospekt-mira/,metro,Кодирование,Кодирование от алкоголизма — Проспект Мира
/uslugi/kodirovanie/moskva/prospekt-vernadskogo/,metro,Кодирование,Кодирование от алкоголизма — Проспект Вернадского
/uslugi/kodirovanie/moskva/pushkinskaya/,metro,Кодирование,Кодирование от алкоголизма — Пушкинская
/uslugi/kodirovanie/moskva/pyatnickoe-shosse/,metro,Кодирование,Кодирование от алкоголизма — Пятницкое шоссе
/uslugi/kodirovanie/moskva/ramenki/,metro,Кодирование,Кодирование от алкоголизма — Раменки
/uslugi/kodirovanie/moskva/rechnoj-vokzal/,metro,Кодирование,Кодирование от алкоголизма — Речной вокзал
/uslugi/kodirovanie/moskva/rimskaya/,metro,Кодирование,Кодирование от алкоголизма — Римская
/uslugi/kodirovanie/moskva/rizhskaya/,metro,Кодирование,Кодирование от алкоголизма — Рижская
/uslugi/kodirovanie/moskva/rostokino/,metro,Кодирование,Кодирование от алкоголизма — Ростокино
/uslugi/kodirovanie/moskva/rumyancevo/,metro,Кодирование,Кодирование от алкоголизма — Румянцево
/uslugi/kodirovanie/moskva/ryazanskij-prospekt/,metro,Кодирование,Кодирование от алкоголизма — Рязанский проспект
/uslugi/kodirovanie/moskva/salarevo/,metro,Кодирование,Кодирование от алкоголизма — Саларьево
/uslugi/kodirovanie/moskva/savelovskaya/,metro,Кодирование,Кодирование от алкоголизма — Савёловская
/uslugi/kodirovanie/moskva/seligerskaya/,metro,Кодирование,Кодирование от алкоголизма — Селигерская
/uslugi/kodirovanie/moskva/semenovskaya/,metro,Кодирование,Кодирование от алкоголизма — Семёновская
/uslugi/kodirovanie/moskva/serpuhovskaya/,metro,Кодирование,Кодирование от алкоголизма — Серпуховская
/uslugi/kodirovanie/moskva/sevastopolskaya/,metro,Кодирование,Кодирование от алкоголизма — Севастопольская
/uslugi/kodirovanie/moskva/shabolovskaya/,metro,Кодирование,Кодирование от алкоголизма — Шаболовская
/uslugi/kodirovanie/moskva/shelepiha/,metro,Кодирование,Кодирование от алкоголизма — Шелепиха
/uslugi/kodirovanie/moskva/shchukinskaya/,metro,Кодирование,Кодирование от алкоголизма — Щукинская
/uslugi/kodirovanie/moskva/shchelkovskaya/,metro,Кодирование,Кодирование от алкоголизма — Щёлковская
/uslugi/kodirovanie/moskva/shipilovskaya/,metro,Кодирование,Кодирование от алкоголизма — Шипиловская
/uslugi/kodirovanie/moskva/shodnenskaya/,metro,Кодирование,Кодирование от алкоголизма — Сходненская
/uslugi/kodirovanie/moskva/shosse-entuziastov/,metro,Кодирование,Кодирование от алкоголизма — Шоссе Энтузиастов
/uslugi/kodirovanie/moskva/ulica-skobelevskaya/,metro,Кодирование,Кодирование от алкоголизма — Улица Скобелевская
/uslugi/kodirovanie/moskva/slavyanskij-bulvar/,metro,Кодирование,Кодирование от алкоголизма — Славянский бульвар
/uslugi/kodirovanie/moskva/smolenskaya/,metro,Кодирование,Кодирование от алкоголизма — Смоленская
/uslugi/kodirovanie/moskva/sokol/,metro,Кодирование,Кодирование от алкоголизма — Сокол
/uslugi/kodirovanie/moskva/sokolinaya-gora/,metro,Кодирование,Кодирование от алкоголизма — Соколиная гора
/uslugi/kodirovanie/moskva/spartak/,metro,Кодирование,Кодирование от алкоголизма — Спартак
/uslugi/kodirovanie/moskva/sportivnaya/,metro,Кодирование,Кодирование от алкоголизма — Спортивная
/uslugi/kodirovanie/moskva/sretenskij-bulvar/,metro,Кодирование,Кодирование от алкоголизма — Сретенский бульвар
/uslugi/kodirovanie/moskva/streshnevo/,metro,Кодирование,Кодирование от алкоголизма — Стрешнево
/uslugi/kodirovanie/moskva/strogino/,metro,Кодирование,Кодирование от алкоголизма — Строгино
/uslugi/kodirovanie/moskva/studencheskaya/,metro,Кодирование,Кодирование от алкоголизма — Студенческая
/uslugi/kodirovanie/moskva/suharevskaya/,metro,Кодирование,Кодирование от алкоголизма — Сухаревская
/uslugi/kodirovanie/moskva/sviblovo/,metro,Кодирование,Кодирование от алкоголизма — Свиблово
/uslugi/kodirovanie/moskva/taganskaya/,metro,Кодирование,Кодирование от алкоголизма — Таганская
/uslugi/kodirovanie/moskva/teatralnaya/,metro,Кодирование,Кодирование от алкоголизма — Театральная
/uslugi/kodirovanie/moskva/tehnopark/,metro,Кодирование,Кодирование от алкоголизма — Технопарк
/uslugi/kodirovanie/moskva/tekstilshchiki/,metro,Кодирование,Кодирование от алкоголизма — Текстильщики
/uslugi/kodirovanie/moskva/telecentr/,metro,Кодирование,Кодирование от алкоголизма — Телецентр
/uslugi/kodirovanie/moskva/teplyj-stan/,metro,Кодирование,Кодирование от алкоголизма — Тёплый Стан
/uslugi/kodirovanie/moskva/timiryazevskaya/,metro,Кодирование,Кодирование от алкоголизма — Тимирязевская
/uslugi/kodirovanie/moskva/tretyakovskaya/,metro,Кодирование,Кодирование от алкоголизма — Третьяковская
/uslugi/kodirovanie/moskva/troparevo/,metro,Кодирование,Кодирование от алкоголизма — Тропарёво
/uslugi/kodirovanie/moskva/trubnaya/,metro,Кодирование,Кодирование от алкоголизма — Трубная
/uslugi/kodirovanie/moskva/tulskaya/,metro,Кодирование,Кодирование от алкоголизма — Тульская
/uslugi/kodirovanie/moskva/turgenevskaya/,metro,Кодирование,Кодирование от алкоголизма — Тургеневская
/uslugi/kodirovanie/moskva/tushinskaya/,metro,Кодирование,Кодирование от алкоголизма — Тушинская
/uslugi/kodirovanie/moskva/tverskaya/,metro,Кодирование,Кодирование от алкоголизма — Тверская
/uslugi/kodirovanie/moskva/ugreshskaya/,metro,Кодирование,Кодирование от алкоголизма — Угрешская
/uslugi/kodirovanie/moskva/ulica-1905-goda/,metro,Кодирование,Кодирование от алкоголизма — Улица 1905 года
/uslugi/kodirovanie/moskva/ulica-akademika-koroleva/,metro,Кодирование,Кодирование от алкоголизма — Улица Академика Королёва
/uslugi/kodirovanie/moskva/ulica-akademika-yangelya/,metro,Кодирование,Кодирование от алкоголизма — Улица Академика Янгеля
/uslugi/kodirovanie/moskva/ulica-gorchakova/,metro,Кодирование,Кодирование от алкоголизма — Улица Горчакова
/uslugi/kodirovanie/moskva/ulica-milashenkova/,metro,Кодирование,Кодирование от алкоголизма — Улица Милашенкова
/uslugi/kodirovanie/moskva/ulica-sergeya-ejzenshtejna/,metro,Кодирование,Кодирование от алкоголизма — Улица Сергея Эйзенштейна
/uslugi/kodirovanie/moskva/ulica-starokachalovskaya/,metro,Кодирование,Кодирование от алкоголизма — Улица Старокачаловская
/uslugi/kodirovanie/moskva/universitet/,metro,Кодирование,Кодирование от алкоголизма — Университет
/uslugi/kodirovanie/moskva/varshavskaya/,metro,Кодирование,Кодирование от алкоголизма — Варшавская
/uslugi/kodirovanie/moskva/vdnh/,metro,Кодирование,Кодирование от алкоголизма — ВДНХ
/uslugi/kodirovanie/moskva/verhnie-kotly/,metro,Кодирование,Кодирование от алкоголизма — Верхние Котлы
/uslugi/kodirovanie/moskva/verhnie-lihobory/,metro,Кодирование,Кодирование от алкоголизма — Верхние Лихоборы
/uslugi/kodirovanie/moskva/vladykino/,metro,Кодирование,Кодирование от алкоголизма — Владыкино
/uslugi/kodirovanie/moskva/vodnyj-stadion/,metro,Кодирование,Кодирование от алкоголизма — Водный стадион
/uslugi/kodirovanie/moskva/vojkovskaya/,metro,Кодирование,Кодирование от алкоголизма — Войковская
/uslugi/kodirovanie/moskva/volgogradskij-prospekt/,metro,Кодирование,Кодирование от алкоголизма — Волгоградский проспект
/uslugi/kodirovanie/moskva/volokolamskaya/,metro,Кодирование,Кодирование от алкоголизма — Волоколамская
/uslugi/kodirovanie/moskva/volzhskaya/,metro,Кодирование,Кодирование от алкоголизма — Волжская
/uslugi/kodirovanie/moskva/vorobevy-gory/,metro,Кодирование,Кодирование от алкоголизма — Воробьёвы горы
/uslugi/kodirovanie/moskva/vyhino/,metro,Кодирование,Кодирование от алкоголизма — Выхино
/uslugi/kodirovanie/moskva/vystavochnaya/,metro,Кодирование,Кодирование от алкоголизма — Выставочная
/uslugi/kodirovanie/moskva/vystavochnyj-centr/,metro,Кодирование,Кодирование от алкоголизма — Выставочный центр
/uslugi/kodirovanie/moskva/yasenevo/,metro,Кодирование,Кодирование от алкоголизма — Ясенево
/uslugi/kodirovanie/moskva/yugo-zapadnaya/,metro,Кодирование,Кодирование от алкоголизма — Юго-Западная
/uslugi/kodirovanie/moskva/yuzhnaya/,metro,Кодирование,Кодирование от алкоголизма — Южная
/uslugi/kodirovanie/moskva/zhulebino/,metro,Кодирование,Кодирование от алкоголизма — Жулебино
/uslugi/kodirovanie/moskva/zil/,metro,Кодирование,Кодирование от алкоголизма — ЗИЛ
/uslugi/kodirovanie/moskva/zorge/,metro,Кодирование,Кодирование от алкоголизма — Зорге
/uslugi/kodirovanie/moskva/zyablikovo/,metro,Кодирование,Кодирование от алкоголизма — Зябликово
/uslugi/kodirovanie/moskva/cao/,okrug,Кодирование,Кодирование от алкоголизма — ЦАО
/uslugi/kodirovanie/moskva/sao/,okrug,Кодирование,Кодирование от алкоголизма — САО
/uslugi/kodirovanie/moskva/svao/,okrug,Кодирование,Кодирование от алкоголизма — СВАО
/uslugi/kodirovanie/moskva/vao/,okrug,Кодирование,Кодирование от алкоголизма — ВАО
/uslugi/kodirovanie/moskva/yuvao/,okrug,Кодирование,Кодирование от алкоголизма — ЮВАО
/uslugi/kodirovanie/moskva/yuao/,okrug,Кодирование,Кодирование от алкоголизма — ЮАО
/uslugi/kodirovanie/moskva/yuzao/,okrug,Кодирование,Кодирование от алкоголизма — ЮЗАО
/uslugi/kodirovanie/moskva/zao/,okrug,Кодирование,Кодирование от алкоголизма — ЗАО
/uslugi/kodirovanie/moskva/szao/,okrug,Кодирование,Кодирование от алкоголизма — СЗАО
/uslugi/kodirovanie/moskva/zelao/,okrug,Кодирование,Кодирование от алкоголизма — ЗелАО
/uslugi/kodirovanie/moskva/nao/,okrug,Кодирование,Кодирование от алкоголизма — НАО
/uslugi/kodirovanie/moskva/tao/,okrug,Кодирование,Кодирование от алкоголизма — ТАО
/uslugi/kodirovanie/moskovskaya-oblast/balashiha/,city,Кодирование,Кодирование от алкоголизма — Балашиха
/uslugi/kodirovanie/moskovskaya-oblast/podolsk/,city,Кодирование,Кодирование от алкоголизма — Подольск
/uslugi/kodirovanie/moskovskaya-oblast/himki/,city,Кодирование,Кодирование от алкоголизма — Химки
/uslugi/kodirovanie/moskovskaya-oblast/mytishchi/,city,Кодирование,Кодирование от алкоголизма — Мытищи
/uslugi/kodirovanie/moskovskaya-oblast/korolev/,city,Кодирование,Кодирование от алкоголизма — Королёв
/uslugi/kodirovanie/moskovskaya-oblast/lyubertsy/,city,Кодирование,Кодирование от алкоголизма — Люберцы
/uslugi/kodirovanie/moskovskaya-oblast/krasnogorsk/,city,Кодирование,Кодирование от алкоголизма — Красногорск
/uslugi/kodirovanie/moskovskaya-oblast/elektrostal/,city,Кодирование,Кодирование от алкоголизма — Электросталь
/uslugi/kodirovanie/moskovskaya-oblast/kolomna/,city,Кодирование,Кодирование от алкоголизма — Коломна
/uslugi/kodirovanie/moskovskaya-oblast/odincovo/,city,Кодирование,Кодирование от алкоголизма — Одинцово
/uslugi/kodirovanie/moskovskaya-oblast/domodedovo/,city,Кодирование,Кодирование от алкоголизма — Домодедово
/uslugi/kodirovanie/moskovskaya-oblast/shchelkovo/,city,Кодирование,Кодирование от алкоголизма — Щёлково
/uslugi/kodirovanie/moskovskaya-oblast/serpuhov/,city,Кодирование,Кодирование от алкоголизма — Серпухов
/uslugi/kodirovanie/moskovskaya-oblast/ramenskoe/,city,Кодирование,Кодирование от алкоголизма — Раменское
/uslugi/kodirovanie/moskovskaya-oblast/dolgoprudnyj/,city,Кодирование,Кодирование от алкоголизма — Долгопрудный
/uslugi/kodirovanie/moskovskaya-oblast/pushkino/,city,Кодирование,Кодирование от алкоголизма — Пушкино
/uslugi/kodirovanie/moskovskaya-oblast/reutov/,city,Кодирование,Кодирование от алкоголизма — Реутов
/uslugi/kodirovanie/moskovskaya-oblast/zhukovskij/,city,Кодирование,Кодирование от алкоголизма — Жуковский
/uslugi/kodirovanie/moskovskaya-oblast/noginsk/,city,Кодирование,Кодирование от алкоголизма — Ногинск
/uslugi/kodirovanie/moskovskaya-oblast/sergiev-posad/,city,Кодирование,Кодирование от алкоголизма — Сергиев Посад
/uslugi/kodirovanie/moskovskaya-oblast/voskresensk/,city,Кодирование,Кодирование от алкоголизма — Воскресенск
/uslugi/kodirovanie/moskovskaya-oblast/orehovo-zuevo/,city,Кодирование,Кодирование от алкоголизма — Орехово-Зуево
/uslugi/kodirovanie/moskovskaya-oblast/pavlovskij-posad/,city,Кодирование,Кодирование от алкоголизма — Павловский Посад
/uslugi/kodirovanie/moskovskaya-oblast/lobnya/,city,Кодирование,Кодирование от алкоголизма — Лобня
/uslugi/kodirovanie/moskovskaya-oblast/ivanteevka/,city,Кодирование,Кодирование от алкоголизма — Ивантеевка
/uslugi/kodirovanie/moskovskaya-oblast/klin/,city,Кодирование,Кодирование от алкоголизма — Клин
/uslugi/kodirovanie/moskovskaya-oblast/egorevsk/,city,Кодирование,Кодирование от алкоголизма — Егорьевск
/uslugi/kodirovanie/moskovskaya-oblast/dmitrov/,city,Кодирование,Кодирование от алкоголизма — Дмитров
/uslugi/kodirovanie/moskovskaya-oblast/chehov/,city,Кодирование,Кодирование от алкоголизма — Чехов
/uslugi/kodirovanie/moskovskaya-oblast/naro-fominsk/,city,Кодирование,Кодирование от алкоголизма — Наро-Фоминск
/uslugi/kodirovanie/moskovskaya-oblast/stupino/,city,Кодирование,Кодирование от алкоголизма — Ступино
/uslugi/kodirovanie/moskovskaya-oblast/vidnoe/,city,Кодирование,Кодирование от алкоголизма — Видное
/uslugi/kodirovanie/moskovskaya-oblast/fryazino/,city,Кодирование,Кодирование от алкоголизма — Фрязино
/uslugi/kodirovanie/moskovskaya-oblast/lytkarino/,city,Кодирование,Кодирование от алкоголизма — Лыткарино
/uslugi/kodirovanie/moskovskaya-oblast/dzerzhinskij/,city,Кодирование,Кодирование от алкоголизма — Дзержинский
/uslugi/kodirovanie/moskovskaya-oblast/kotelniki/,city,Кодирование,Кодирование от алкоголизма — Котельники
/uslugi/kodirovanie/moskovskaya-oblast/istra/,city,Кодирование,Кодирование от алкоголизма — Истра
/uslugi/kodirovanie/moskovskaya-oblast/dedovsk/,city,Кодирование,Кодирование от алкоголизма — Дедовск
/uslugi/kodirovanie/moskovskaya-oblast/solnechnogorsk/,city,Кодирование,Кодирование от алкоголизма — Солнечногорск
/uslugi/kodirovanie/moskovskaya-oblast/aprelevka/,city,Кодирование,Кодирование от алкоголизма — Апрелевка
/uslugi/kodirovanie/moskovskaya-oblast/kubinka/,city,Кодирование,Кодирование от алкоголизма — Кубинка
/uslugi/kodirovanie/moskovskaya-oblast/ruza/,city,Кодирование,Кодирование от алкоголизма — Руза
/uslugi/kodirovanie/moskovskaya-oblast/zvenigorod/,city,Кодирование,Кодирование от алкоголизма — Звенигород
/uslugi/kodirovanie/moskovskaya-oblast/mozhajsk/,city,Кодирование,Кодирование от алкоголизма — Можайск
/uslugi/kodirovanie/moskovskaya-oblast/luhovicy/,city,Кодирование,Кодирование от алкоголизма — Луховицы
/uslugi/kodirovanie/moskovskaya-oblast/kashira/,city,Кодирование,Кодирование от алкоголизма — Кашира
/uslugi/kodirovanie/moskovskaya-oblast/protvino/,city,Кодирование,Кодирование от алкоголизма — Протвино
/uslugi/kodirovanie/moskovskaya-oblast/dubna/,city,Кодирование,Кодирование от алкоголизма — Дубна
/uslugi/kodirovanie/moskovskaya-oblast/chernogolovka/,city,Кодирование,Кодирование от алкоголизма — Черноголовка
/uslugi/kodirovanie/moskovskaya-oblast/volokolamsk/,city,Кодирование,Кодирование от алкоголизма — Волоколамск
/uslugi/psihiatriya/psihiatr-na-dom/moskva/cao/,okrug,Психиатрия,Психиатр на дом — ЦАО
/uslugi/psihiatriya/psihiatr-na-dom/moskva/sao/,okrug,Психиатрия,Психиатр на дом — САО
/uslugi/psihiatriya/psihiatr-na-dom/moskva/svao/,okrug,Психиатрия,Психиатр на дом — СВАО
/uslugi/psihiatriya/psihiatr-na-dom/moskva/vao/,okrug,Психиатрия,Психиатр на дом — ВАО
/uslugi/psihiatriya/psihiatr-na-dom/moskva/yuvao/,okrug,Психиатрия,Психиатр на дом — ЮВАО
/uslugi/psihiatriya/psihiatr-na-dom/moskva/yuao/,okrug,Психиатрия,Психиатр на дом — ЮАО
/uslugi/psihiatriya/psihiatr-na-dom/moskva/yuzao/,okrug,Психиатрия,Психиатр на дом — ЮЗАО
/uslugi/psihiatriya/psihiatr-na-dom/moskva/zao/,okrug,Психиатрия,Психиатр на дом — ЗАО
/uslugi/psihiatriya/psihiatr-na-dom/moskva/szao/,okrug,Психиатрия,Психиатр на дом — СЗАО
/uslugi/psihiatriya/psihiatr-na-dom/moskva/zelao/,okrug,Психиатрия,Психиатр на дом — ЗелАО
/uslugi/psihiatriya/psihiatr-na-dom/moskva/nao/,okrug,Психиатрия,Психиатр на дом — НАО
/uslugi/psihiatriya/psihiatr-na-dom/moskva/tao/,okrug,Психиатрия,Психиатр на дом — ТАО
/uslugi/psihiatriya/psihiatr-na-dom/moskovskaya-oblast/balashiha/,city,Психиатрия,Психиатр на дом — Балашиха
/uslugi/psihiatriya/psihiatr-na-dom/moskovskaya-oblast/podolsk/,city,Психиатрия,Психиатр на дом — Подольск
/uslugi/psihiatriya/psihiatr-na-dom/moskovskaya-oblast/himki/,city,Психиатрия,Психиатр на дом — Химки
/uslugi/psihiatriya/psihiatr-na-dom/moskovskaya-oblast/mytishchi/,city,Психиатрия,Психиатр на дом — Мытищи
/uslugi/psihiatriya/psihiatr-na-dom/moskovskaya-oblast/korolev/,city,Психиатрия,Психиатр на дом — Королёв
/uslugi/psihiatriya/psihiatr-na-dom/moskovskaya-oblast/lyubertsy/,city,Психиатрия,Психиатр на дом — Люберцы
/uslugi/psihiatriya/psihiatr-na-dom/moskovskaya-oblast/krasnogorsk/,city,Психиатрия,Психиатр на дом — Красногорск
/uslugi/psihiatriya/psihiatr-na-dom/moskovskaya-oblast/elektrostal/,city,Психиатрия,Психиатр на дом — Электросталь
/uslugi/psihiatriya/psihiatr-na-dom/moskovskaya-oblast/kolomna/,city,Психиатрия,Психиатр на дом — Коломна
/uslugi/psihiatriya/psihiatr-na-dom/moskovskaya-oblast/odincovo/,city,Психиатрия,Психиатр на дом — Одинцово
/uslugi/psihiatriya/psihiatr-na-dom/moskovskaya-oblast/domodedovo/,city,Психиатрия,Психиатр на дом — Домодедово
/uslugi/psihiatriya/psihiatr-na-dom/moskovskaya-oblast/shchelkovo/,city,Психиатрия,Психиатр на дом — Щёлково
/uslugi/psihiatriya/psihiatr-na-dom/moskovskaya-oblast/serpuhov/,city,Психиатрия,Психиатр на дом — Серпухов
/uslugi/psihiatriya/psihiatr-na-dom/moskovskaya-oblast/ramenskoe/,city,Психиатрия,Психиатр на дом — Раменское
/uslugi/psihiatriya/psihiatr-na-dom/moskovskaya-oblast/dolgoprudnyj/,city,Психиатрия,Психиатр на дом — Долгопрудный
/uslugi/psihiatriya/psihiatr-na-dom/moskovskaya-oblast/pushkino/,city,Психиатрия,Психиатр на дом — Пушкино
/uslugi/psihiatriya/psihiatr-na-dom/moskovskaya-oblast/reutov/,city,Психиатрия,Психиатр на дом — Реутов
/uslugi/psihiatriya/psihiatr-na-dom/moskovskaya-oblast/zhukovskij/,city,Психиатрия,Психиатр на дом — Жуковский
/uslugi/psihiatriya/psihiatr-na-dom/moskovskaya-oblast/noginsk/,city,Психиатрия,Психиатр на дом — Ногинск
/uslugi/psihiatriya/psihiatr-na-dom/moskovskaya-oblast/sergiev-posad/,city,Психиатрия,Психиатр на дом — Сергиев Посад
/uslugi/psihiatriya/psihiatr-na-dom/moskovskaya-oblast/voskresensk/,city,Психиатрия,Психиатр на дом — Воскресенск
/uslugi/psihiatriya/psihiatr-na-dom/moskovskaya-oblast/orehovo-zuevo/,city,Психиатрия,Психиатр на дом — Орехово-Зуево
/uslugi/psihiatriya/psihiatr-na-dom/moskovskaya-oblast/pavlovskij-posad/,city,Психиатрия,Психиатр на дом — Павловский Посад
/uslugi/psihiatriya/psihiatr-na-dom/moskovskaya-oblast/lobnya/,city,Психиатрия,Психиатр на дом — Лобня
/uslugi/psihiatriya/psihiatr-na-dom/moskovskaya-oblast/ivanteevka/,city,Психиатрия,Психиатр на дом — Ивантеевка
/uslugi/psihiatriya/psihiatr-na-dom/moskovskaya-oblast/klin/,city,Психиатрия,Психиатр на дом — Клин
/uslugi/psihiatriya/psihiatr-na-dom/moskovskaya-oblast/egorevsk/,city,Психиатрия,Психиатр на дом — Егорьевск
/uslugi/psihiatriya/psihiatr-na-dom/moskovskaya-oblast/dmitrov/,city,Психиатрия,Психиатр на дом — Дмитров
/uslugi/psihiatriya/psihiatr-na-dom/moskovskaya-oblast/chehov/,city,Психиатрия,Психиатр на дом — Чехов
/uslugi/psihiatriya/psihiatr-na-dom/moskovskaya-oblast/naro-fominsk/,city,Психиатрия,Психиатр на дом — Наро-Фоминск
/uslugi/psihiatriya/psihiatr-na-dom/moskovskaya-oblast/stupino/,city,Психиатрия,Психиатр на дом — Ступино
/uslugi/psihiatriya/psihiatr-na-dom/moskovskaya-oblast/vidnoe/,city,Психиатрия,Психиатр на дом — Видное
/uslugi/psihiatriya/psihiatr-na-dom/moskovskaya-oblast/fryazino/,city,Психиатрия,Психиатр на дом — Фрязино
/uslugi/psihiatriya/psihiatr-na-dom/moskovskaya-oblast/lytkarino/,city,Психиатрия,Психиатр на дом — Лыткарино
/uslugi/psihiatriya/psihiatr-na-dom/moskovskaya-oblast/dzerzhinskij/,city,Психиатрия,Психиатр на дом — Дзержинский
/uslugi/psihiatriya/psihiatr-na-dom/moskovskaya-oblast/kotelniki/,city,Психиатрия,Психиатр на дом — Котельники
/uslugi/psihiatriya/psihiatr-na-dom/moskovskaya-oblast/istra/,city,Психиатрия,Психиатр на дом — Истра
/uslugi/psihiatriya/psihiatr-na-dom/moskovskaya-oblast/dedovsk/,city,Психиатрия,Психиатр на дом — Дедовск
/uslugi/psihiatriya/psihiatr-na-dom/moskovskaya-oblast/solnechnogorsk/,city,Психиатрия,Психиатр на дом — Солнечногорск
/uslugi/psihiatriya/psihiatr-na-dom/moskovskaya-oblast/aprelevka/,city,Психиатрия,Психиатр на дом — Апрелевка
/uslugi/psihiatriya/psihiatr-na-dom/moskovskaya-oblast/kubinka/,city,Психиатрия,Психиатр на дом — Кубинка
/uslugi/psihiatriya/psihiatr-na-dom/moskovskaya-oblast/ruza/,city,Психиатрия,Психиатр на дом — Руза
/uslugi/psihiatriya/psihiatr-na-dom/moskovskaya-oblast/zvenigorod/,city,Психиатрия,Психиатр на дом — Звенигород
/uslugi/psihiatriya/psihiatr-na-dom/moskovskaya-oblast/mozhajsk/,city,Психиатрия,Психиатр на дом — Можайск
/uslugi/psihiatriya/psihiatr-na-dom/moskovskaya-oblast/luhovicy/,city,Психиатрия,Психиатр на дом — Луховицы
/uslugi/psihiatriya/psihiatr-na-dom/moskovskaya-oblast/kashira/,city,Психиатрия,Психиатр на дом — Кашира
/uslugi/psihiatriya/psihiatr-na-dom/moskovskaya-oblast/protvino/,city,Психиатрия,Психиатр на дом — Протвино
/uslugi/psihiatriya/psihiatr-na-dom/moskovskaya-oblast/dubna/,city,Психиатрия,Психиатр на дом — Дубна
/uslugi/psihiatriya/psihiatr-na-dom/moskovskaya-oblast/chernogolovka/,city,Психиатрия,Психиатр на дом — Черноголовка
/uslugi/psihiatriya/psihiatr-na-dom/moskovskaya-oblast/volokolamsk/,city,Психиатрия,Психиатр на дом — Волоколамск
/uslugi/lechenie-alkogolizma/na-domu/moskovskaya-oblast/balashiha/,city,Лечение алкоголизма,Лечение алкоголизма на дому — Балашиха
/uslugi/lechenie-alkogolizma/na-domu/moskovskaya-oblast/podolsk/,city,Лечение алкоголизма,Лечение алкоголизма на дому — Подольск
/uslugi/lechenie-alkogolizma/na-domu/moskovskaya-oblast/himki/,city,Лечение алкоголизма,Лечение алкоголизма на дому — Химки
/uslugi/lechenie-alkogolizma/na-domu/moskovskaya-oblast/mytishchi/,city,Лечение алкоголизма,Лечение алкоголизма на дому — Мытищи
/uslugi/lechenie-alkogolizma/na-domu/moskovskaya-oblast/korolev/,city,Лечение алкоголизма,Лечение алкоголизма на дому — Королёв
/uslugi/lechenie-alkogolizma/na-domu/moskovskaya-oblast/lyubertsy/,city,Лечение алкоголизма,Лечение алкоголизма на дому — Люберцы
/uslugi/lechenie-alkogolizma/na-domu/moskovskaya-oblast/krasnogorsk/,city,Лечение алкоголизма,Лечение алкоголизма на дому — Красногорск
/uslugi/lechenie-alkogolizma/na-domu/moskovskaya-oblast/elektrostal/,city,Лечение алкоголизма,Лечение алкоголизма на дому — Электросталь
/uslugi/lechenie-alkogolizma/na-domu/moskovskaya-oblast/kolomna/,city,Лечение алкоголизма,Лечение алкоголизма на дому — Коломна
/uslugi/lechenie-alkogolizma/na-domu/moskovskaya-oblast/odincovo/,city,Лечение алкоголизма,Лечение алкоголизма на дому — Одинцово
/uslugi/lechenie-alkogolizma/na-domu/moskovskaya-oblast/domodedovo/,city,Лечение алкоголизма,Лечение алкоголизма на дому — Домодедово
/uslugi/lechenie-alkogolizma/na-domu/moskovskaya-oblast/shchelkovo/,city,Лечение алкоголизма,Лечение алкоголизма на дому — Щёлково
/uslugi/lechenie-alkogolizma/na-domu/moskovskaya-oblast/serpuhov/,city,Лечение алкоголизма,Лечение алкоголизма на дому — Серпухов
/uslugi/lechenie-alkogolizma/na-domu/moskovskaya-oblast/ramenskoe/,city,Лечение алкоголизма,Лечение алкоголизма на дому — Раменское
/uslugi/lechenie-alkogolizma/na-domu/moskovskaya-oblast/dolgoprudnyj/,city,Лечение алкоголизма,Лечение алкоголизма на дому — Долгопрудный
/uslugi/lechenie-alkogolizma/na-domu/moskovskaya-oblast/pushkino/,city,Лечение алкоголизма,Лечение алкоголизма на дому — Пушкино
/uslugi/lechenie-alkogolizma/na-domu/moskovskaya-oblast/reutov/,city,Лечение алкоголизма,Лечение алкоголизма на дому — Реутов
/uslugi/lechenie-alkogolizma/na-domu/moskovskaya-oblast/zhukovskij/,city,Лечение алкоголизма,Лечение алкоголизма на дому — Жуковский
/uslugi/lechenie-alkogolizma/na-domu/moskovskaya-oblast/noginsk/,city,Лечение алкоголизма,Лечение алкоголизма на дому — Ногинск
/uslugi/lechenie-alkogolizma/na-domu/moskovskaya-oblast/sergiev-posad/,city,Лечение алкоголизма,Лечение алкоголизма на дому — Сергиев Посад
/uslugi/lechenie-alkogolizma/na-domu/moskovskaya-oblast/voskresensk/,city,Лечение алкоголизма,Лечение алкоголизма на дому — Воскресенск
/uslugi/lechenie-alkogolizma/na-domu/moskovskaya-oblast/orehovo-zuevo/,city,Лечение алкоголизма,Лечение алкоголизма на дому — Орехово-Зуево
/uslugi/lechenie-alkogolizma/na-domu/moskovskaya-oblast/pavlovskij-posad/,city,Лечение алкоголизма,Лечение алкоголизма на дому — Павловский Посад
/uslugi/lechenie-alkogolizma/na-domu/moskovskaya-oblast/lobnya/,city,Лечение алкоголизма,Лечение алкоголизма на дому — Лобня
/uslugi/lechenie-alkogolizma/na-domu/moskovskaya-oblast/ivanteevka/,city,Лечение алкоголизма,Лечение алкоголизма на дому — Ивантеевка
/uslugi/lechenie-alkogolizma/na-domu/moskovskaya-oblast/klin/,city,Лечение алкоголизма,Лечение алкоголизма на дому — Клин
/uslugi/lechenie-alkogolizma/na-domu/moskovskaya-oblast/egorevsk/,city,Лечение алкоголизма,Лечение алкоголизма на дому — Егорьевск
/uslugi/lechenie-alkogolizma/na-domu/moskovskaya-oblast/dmitrov/,city,Лечение алкоголизма,Лечение алкоголизма на дому — Дмитров
/uslugi/lechenie-alkogolizma/na-domu/moskovskaya-oblast/chehov/,city,Лечение алкоголизма,Лечение алкоголизма на дому — Чехов
/uslugi/lechenie-alkogolizma/na-domu/moskovskaya-oblast/naro-fominsk/,city,Лечение алкоголизма,Лечение алкоголизма на дому — Наро-Фоминск
/uslugi/lechenie-narkomanii/moskovskaya-oblast/balashiha/,city,Лечение наркомании,Лечение наркомании — Балашиха
/uslugi/lechenie-narkomanii/moskovskaya-oblast/podolsk/,city,Лечение наркомании,Лечение наркомании — Подольск
/uslugi/lechenie-narkomanii/moskovskaya-oblast/himki/,city,Лечение наркомании,Лечение наркомании — Химки
/uslugi/lechenie-narkomanii/moskovskaya-oblast/mytishchi/,city,Лечение наркомании,Лечение наркомании — Мытищи
/uslugi/lechenie-narkomanii/moskovskaya-oblast/korolev/,city,Лечение наркомании,Лечение наркомании — Королёв
/uslugi/lechenie-narkomanii/moskovskaya-oblast/lyubertsy/,city,Лечение наркомании,Лечение наркомании — Люберцы
/uslugi/lechenie-narkomanii/moskovskaya-oblast/krasnogorsk/,city,Лечение наркомании,Лечение наркомании — Красногорск
/uslugi/lechenie-narkomanii/moskovskaya-oblast/elektrostal/,city,Лечение наркомании,Лечение наркомании — Электросталь
/uslugi/lechenie-narkomanii/moskovskaya-oblast/kolomna/,city,Лечение наркомании,Лечение наркомании — Коломна
/uslugi/lechenie-narkomanii/moskovskaya-oblast/odincovo/,city,Лечение наркомании,Лечение наркомании — Одинцово
/uslugi/lechenie-narkomanii/moskovskaya-oblast/domodedovo/,city,Лечение наркомании,Лечение наркомании — Домодедово
/uslugi/lechenie-narkomanii/moskovskaya-oblast/shchelkovo/,city,Лечение наркомании,Лечение наркомании — Щёлково
/uslugi/lechenie-narkomanii/moskovskaya-oblast/serpuhov/,city,Лечение наркомании,Лечение наркомании — Серпухов
/uslugi/lechenie-narkomanii/moskovskaya-oblast/ramenskoe/,city,Лечение наркомании,Лечение наркомании — Раменское
/uslugi/lechenie-narkomanii/moskovskaya-oblast/dolgoprudnyj/,city,Лечение наркомании,Лечение наркомании — Долгопрудный
/uslugi/lechenie-narkomanii/moskovskaya-oblast/pushkino/,city,Лечение наркомании,Лечение наркомании — Пушкино
/uslugi/lechenie-narkomanii/moskovskaya-oblast/reutov/,city,Лечение наркомании,Лечение наркомании — Реутов
/uslugi/lechenie-narkomanii/moskovskaya-oblast/zhukovskij/,city,Лечение наркомании,Лечение наркомании — Жуковский
/uslugi/lechenie-narkomanii/moskovskaya-oblast/noginsk/,city,Лечение наркомании,Лечение наркомании — Ногинск
/uslugi/lechenie-narkomanii/moskovskaya-oblast/sergiev-posad/,city,Лечение наркомании,Лечение наркомании — Сергиев Посад
/uslugi/lechenie-narkomanii/moskovskaya-oblast/voskresensk/,city,Лечение наркомании,Лечение наркомании — Воскресенск
/uslugi/lechenie-narkomanii/moskovskaya-oblast/orehovo-zuevo/,city,Лечение наркомании,Лечение наркомании — Орехово-Зуево
/uslugi/lechenie-narkomanii/moskovskaya-oblast/pavlovskij-posad/,city,Лечение наркомании,Лечение наркомании — Павловский Посад
/uslugi/lechenie-narkomanii/moskovskaya-oblast/lobnya/,city,Лечение наркомании,Лечение наркомании — Лобня
/uslugi/lechenie-narkomanii/moskovskaya-oblast/ivanteevka/,city,Лечение наркомании,Лечение наркомании — Ивантеевка
/uslugi/lechenie-narkomanii/moskovskaya-oblast/klin/,city,Лечение наркомании,Лечение наркомании — Клин
/uslugi/lechenie-narkomanii/moskovskaya-oblast/egorevsk/,city,Лечение наркомании,Лечение наркомании — Егорьевск
/uslugi/lechenie-narkomanii/moskovskaya-oblast/dmitrov/,city,Лечение наркомании,Лечение наркомании — Дмитров
/uslugi/lechenie-narkomanii/moskovskaya-oblast/chehov/,city,Лечение наркомании,Лечение наркомании — Чехов
/uslugi/lechenie-narkomanii/moskovskaya-oblast/naro-fominsk/,city,Лечение наркомании,Лечение наркомании — Наро-Фоминск
/uslugi/reabilitaciya/moskovskaya-oblast/balashiha/,city,Реабилитация,Реабилитация зависимых — Балашиха
/uslugi/reabilitaciya/moskovskaya-oblast/podolsk/,city,Реабилитация,Реабилитация зависимых — Подольск
/uslugi/reabilitaciya/moskovskaya-oblast/himki/,city,Реабилитация,Реабилитация зависимых — Химки
/uslugi/reabilitaciya/moskovskaya-oblast/mytishchi/,city,Реабилитация,Реабилитация зависимых — Мытищи
/uslugi/reabilitaciya/moskovskaya-oblast/korolev/,city,Реабилитация,Реабилитация зависимых — Королёв
/uslugi/reabilitaciya/moskovskaya-oblast/lyubertsy/,city,Реабилитация,Реабилитация зависимых — Люберцы
/uslugi/reabilitaciya/moskovskaya-oblast/krasnogorsk/,city,Реабилитация,Реабилитация зависимых — Красногорск
/uslugi/reabilitaciya/moskovskaya-oblast/elektrostal/,city,Реабилитация,Реабилитация зависимых — Электросталь
/uslugi/reabilitaciya/moskovskaya-oblast/kolomna/,city,Реабилитация,Реабилитация зависимых — Коломна
/uslugi/reabilitaciya/moskovskaya-oblast/odincovo/,city,Реабилитация,Реабилитация зависимых — Одинцово
/uslugi/reabilitaciya/moskovskaya-oblast/domodedovo/,city,Реабилитация,Реабилитация зависимых — Домодедово
/uslugi/reabilitaciya/moskovskaya-oblast/shchelkovo/,city,Реабилитация,Реабилитация зависимых — Щёлково
/uslugi/reabilitaciya/moskovskaya-oblast/serpuhov/,city,Реабилитация,Реабилитация зависимых — Серпухов
/uslugi/reabilitaciya/moskovskaya-oblast/ramenskoe/,city,Реабилитация,Реабилитация зависимых — Раменское
/uslugi/reabilitaciya/moskovskaya-oblast/dolgoprudnyj/,city,Реабилитация,Реабилитация зависимых — Долгопрудный
/uslugi/reabilitaciya/moskovskaya-oblast/pushkino/,city,Реабилитация,Реабилитация зависимых — Пушкино
/uslugi/reabilitaciya/moskovskaya-oblast/reutov/,city,Реабилитация,Реабилитация зависимых — Реутов
/uslugi/reabilitaciya/moskovskaya-oblast/zhukovskij/,city,Реабилитация,Реабилитация зависимых — Жуковский
/uslugi/reabilitaciya/moskovskaya-oblast/noginsk/,city,Реабилитация,Реабилитация зависимых — Ногинск
/uslugi/reabilitaciya/moskovskaya-oblast/sergiev-posad/,city,Реабилитация,Реабилитация зависимых — Сергиев Посад
/uslugi/reabilitaciya/moskovskaya-oblast/voskresensk/,city,Реабилитация,Реабилитация зависимых — Воскресенск
/uslugi/reabilitaciya/moskovskaya-oblast/orehovo-zuevo/,city,Реабилитация,Реабилитация зависимых — Орехово-Зуево
/uslugi/reabilitaciya/moskovskaya-oblast/pavlovskij-posad/,city,Реабилитация,Реабилитация зависимых — Павловский Посад
/uslugi/reabilitaciya/moskovskaya-oblast/lobnya/,city,Реабилитация,Реабилитация зависимых — Лобня
/uslugi/reabilitaciya/moskovskaya-oblast/ivanteevka/,city,Реабилитация,Реабилитация зависимых — Ивантеевка
/uslugi/reabilitaciya/moskovskaya-oblast/klin/,city,Реабилитация,Реабилитация зависимых — Клин
/uslugi/reabilitaciya/moskovskaya-oblast/egorevsk/,city,Реабилитация,Реабилитация зависимых — Егорьевск
/uslugi/reabilitaciya/moskovskaya-oblast/dmitrov/,city,Реабилитация,Реабилитация зависимых — Дмитров
/uslugi/reabilitaciya/moskovskaya-oblast/chehov/,city,Реабилитация,Реабилитация зависимых — Чехов
/uslugi/reabilitaciya/moskovskaya-oblast/naro-fominsk/,city,Реабилитация,Реабилитация зависимых — Наро-Фоминск
