service_id,service_name,query_base,geo_type,geo_name,geo_slug,tier,query
narkolog-na-dom,Нарколог на дом,нарколог,metro,Аэропорт,aeroport,core-215,нарколог аэропорт
narkolog-na-dom,Нарколог на дом,нарколог,metro,Аэропорт,aeroport,core-215,нарколог метро аэропорт
narkolog-na-dom,Нарколог на дом,нарколог,metro,Александровский сад,aleksandrovskij-sad,core-215,нарколог александровский сад
narkolog-na-dom,Нарколог на дом,нарколог,metro,Александровский сад,aleksandrovskij-sad,core-215,нарколог метро александровский сад
narkolog-na-dom,Нарколог на дом,нарколог,metro,Алексеевская,alekseevskaya,core-215,нарколог алексеевская
narkolog-na-dom,Нарколог на дом,нарколог,metro,Алексеевская,alekseevskaya,core-215,нарколог метро алексеевская
narkolog-na-dom,Нарколог на дом,нарколог,metro,Алма-Атинская,alma-atinskaya,core-215,нарколог алма-атинская
narkolog-na-dom,Нарколог на дом,нарколог,metro,Алма-Атинская,alma-atinskaya,core-215,нарколог метро алма-атинская
narkolog-na-dom,Нарколог на дом,нарколог,metro,Алтуфьево,altufevo,core-215,нарколог алтуфьево
narkolog-na-dom,Нарколог на дом,нарколог,metro,Алтуфьево,altufevo,core-215,нарколог метро алтуфьево
narkolog-na-dom,Нарколог на дом,нарколог,metro,Андроновка,andronovka,core-215,нарколог андроновка
narkolog-na-dom,Нарколог на дом,нарколог,metro,Андроновка,andronovka,core-215,нарколог метро андроновка
narkolog-na-dom,Нарколог на дом,нарколог,metro,Аннино,annino,core-215,нарколог аннино
narkolog-na-dom,Нарколог на дом,нарколог,metro,Аннино,annino,core-215,нарколог метро аннино
narkolog-na-dom,Нарколог на дом,нарколог,metro,Арбатская,arbatskaya,core-215,нарколог арбатская
narkolog-na-dom,Нарколог на дом,нарколог,metro,Арбатская,arbatskaya,core-215,нарколог метро арбатская
narkolog-na-dom,Нарколог на дом,нарколог,metro,Авиамоторная,aviamotornaya,core-215,нарколог авиамоторная
narkolog-na-dom,Нарколог на дом,нарколог,metro,Авиамоторная,aviamotornaya,core-215,нарколог метро авиамоторная
narkolog-na-dom,Нарколог на дом,нарколог,metro,Автозаводская,avtozavodskaya,core-215,нарколог автозаводская
narkolog-na-dom,Нарколог на дом,нарколог,metro,Автозаводская,avtozavodskaya,core-215,нарколог метро автозаводская
narkolog-na-dom,Нарколог на дом,нарколог,metro,Бабушкинская,babushkinskaya,core-215,нарколог бабушкинская
narkolog-na-dom,Нарколог на дом,нарколог,metro,Бабушкинская,babushkinskaya,core-215,нарколог метро бабушкинская
narkolog-na-dom,Нарколог на дом,нарколог,metro,Багратионовская,bagrationovskaya,core-215,нарколог багратионовская
narkolog-na-dom,Нарколог на дом,нарколог,metro,Багратионовская,bagrationovskaya,core-215,нарколог метро багратионовская
narkolog-na-dom,Нарколог на дом,нарколог,metro,Балтийская,baltijskaya,core-215,нарколог балтийская
narkolog-na-dom,Нарколог на дом,нарколог,metro,Балтийская,baltijskaya,core-215,нарколог метро балтийская
narkolog-na-dom,Нарколог на дом,нарколог,metro,Баррикадная,barrikadnaya,core-215,нарколог баррикадная
narkolog-na-dom,Нарколог на дом,нарколог,metro,Баррикадная,barrikadnaya,core-215,нарколог метро баррикадная
narkolog-na-dom,Нарколог на дом,нарколог,metro,Бауманская,baumanskaya,core-215,нарколог бауманская
narkolog-na-dom,Нарколог на дом,нарколог,metro,Бауманская,baumanskaya,core-215,нарколог метро бауманская
narkolog-na-dom,Нарколог на дом,нарколог,metro,Беговая,begovaya,core-215,нарколог беговая
narkolog-na-dom,Нарколог на дом,нарколог,metro,Беговая,begovaya,core-215,нарколог метро беговая
narkolog-na-dom,Нарколог на дом,нарколог,metro,Белокаменная,belokamennaya,core-215,нарколог белокаменная
narkolog-na-dom,Нарколог на дом,нарколог,metro,Белокаменная,belokamennaya,core-215,нарколог метро белокаменная
narkolog-na-dom,Нарколог на дом,нарколог,metro,Белорусская,belorusskaya,core-215,нарколог белорусская
narkolog-na-dom,Нарколог на дом,нарколог,metro,Белорусская,belorusskaya,core-215,нарколог метро белорусская
narkolog-na-dom,Нарколог на дом,нарколог,metro,Беляево,belyaevo,core-215,нарколог беляево
narkolog-na-dom,Нарколог на дом,нарколог,metro,Беляево,belyaevo,core-215,нарколог метро беляево
narkolog-na-dom,Нарколог на дом,нарколог,metro,Бибирево,bibirevo,core-215,нарколог бибирево
narkolog-na-dom,Нарколог на дом,нарколог,metro,Бибирево,bibirevo,core-215,нарколог метро бибирево
narkolog-na-dom,Нарколог на дом,нарколог,metro,Библиотека имени Ленина,biblioteka-imeni-lenina,core-215,нарколог библиотека имени ленина
narkolog-na-dom,Нарколог на дом,нарколог,metro,Библиотека имени Ленина,biblioteka-imeni-lenina,core-215,нарколог метро библиотека имени ленина
narkolog-na-dom,Нарколог на дом,нарколог,metro,Битцевский парк,bitcevskij-park,core-215,нарколог битцевский парк
narkolog-na-dom,Нарколог на дом,нарколог,metro,Битцевский парк,bitcevskij-park,core-215,нарколог метро битцевский парк
narkolog-na-dom,Нарколог на дом,нарколог,metro,Борисово,borisovo,core-215,нарколог борисово
narkolog-na-dom,Нарколог на дом,нарколог,metro,Борисово,borisovo,core-215,нарколог метро борисово
narkolog-na-dom,Нарколог на дом,нарколог,metro,Боровицкая,borovickaya,core-215,нарколог боровицкая
narkolog-na-dom,Нарколог на дом,нарколог,metro,Боровицкая,borovickaya,core-215,нарколог метро боровицкая
narkolog-na-dom,Нарколог на дом,нарколог,metro,Ботанический сад,botanicheskij-sad,core-215,нарколог ботанический сад
narkolog-na-dom,Нарколог на дом,нарколог,metro,Ботанический сад,botanicheskij-sad,core-215,нарколог метро ботанический сад
narkolog-na-dom,Нарколог на дом,нарколог,metro,Братиславская,bratislavskaya,core-215,нарколог братиславская
narkolog-na-dom,Нарколог на дом,нарколог,metro,Братиславская,bratislavskaya,core-215,нарколог метро братиславская
narkolog-na-dom,Нарколог на дом,нарколог,metro,Бульвар Адмирала Ушакова,bulvar-admirala-ushakova,core-215,нарколог бульвар адмирала ушакова
narkolog-na-dom,Нарколог на дом,нарколог,metro,Бульвар Адмирала Ушакова,bulvar-admirala-ushakova,core-215,нарколог метро бульвар адмирала ушакова
narkolog-na-dom,Нарколог на дом,нарколог,metro,Бульвар Рокоссовского,bulvar-rokossovskogo,core-215,нарколог бульвар рокоссовского
narkolog-na-dom,Нарколог на дом,нарколог,metro,Бульвар Рокоссовского,bulvar-rokossovskogo,core-215,нарколог метро бульвар рокоссовского
narkolog-na-dom,Нарколог на дом,нарколог,metro,Бунинская аллея,buninskaya-alleya,core-215,нарколог бунинская аллея
narkolog-na-dom,Нарколог на дом,нарколог,metro,Бунинская аллея,buninskaya-alleya,core-215,нарколог метро бунинская аллея
narkolog-na-dom,Нарколог на дом,нарколог,metro,Бутырская,butyrskaya,core-215,нарколог бутырская
narkolog-na-dom,Нарколог на дом,нарколог,metro,Бутырская,butyrskaya,core-215,нарколог метро бутырская
narkolog-na-dom,Нарколог на дом,нарколог,metro,Чеховская,chehovskaya,core-215,нарколог чеховская
narkolog-na-dom,Нарколог на дом,нарколог,metro,Чеховская,chehovskaya,core-215,нарколог метро чеховская
narkolog-na-dom,Нарколог на дом,нарколог,metro,Черкизовская,cherkizovskaya,core-215,нарколог черкизовская
narkolog-na-dom,Нарколог на дом,нарколог,metro,Черкизовская,cherkizovskaya,core-215,нарколог метро черкизовская
narkolog-na-dom,Нарколог на дом,нарколог,metro,Чертановская,chertanovskaya,core-215,нарколог чертановская
narkolog-na-dom,Нарколог на дом,нарколог,metro,Чертановская,chertanovskaya,core-215,нарколог метро чертановская
narkolog-na-dom,Нарколог на дом,нарколог,metro,Чистые пруды,chistye-prudy,core-215,нарколог чистые пруды
narkolog-na-dom,Нарколог на дом,нарколог,metro,Чистые пруды,chistye-prudy,core-215,нарколог метро чистые пруды
narkolog-na-dom,Нарколог на дом,нарколог,metro,Чкаловская,chkalovskaya,core-215,нарколог чкаловская
narkolog-na-dom,Нарколог на дом,нарколог,metro,Чкаловская,chkalovskaya,core-215,нарколог метро чкаловская
narkolog-na-dom,Нарколог на дом,нарколог,metro,Царицыно,caricyno,core-215,нарколог царицыно
narkolog-na-dom,Нарколог на дом,нарколог,metro,Царицыно,caricyno,core-215,нарколог метро царицыно
narkolog-na-dom,Нарколог на дом,нарколог,metro,ЦСКА,cska,core-215,нарколог цска
narkolog-na-dom,Нарколог на дом,нарколог,metro,ЦСКА,cska,core-215,нарколог метро цска
narkolog-na-dom,Нарколог на дом,нарколог,metro,Цветной бульвар,cvetnoj-bulvar,core-215,нарколог цветной бульвар
narkolog-na-dom,Нарколог на дом,нарколог,metro,Цветной бульвар,cvetnoj-bulvar,core-215,нарколог метро цветной бульвар
narkolog-na-dom,Нарколог на дом,нарколог,metro,Деловой центр,delovoj-centr,core-215,нарколог деловой центр
narkolog-na-dom,Нарколог на дом,нарколог,metro,Деловой центр,delovoj-centr,core-215,нарколог метро деловой центр
narkolog-na-dom,Нарколог на дом,нарколог,metro,Динамо,dinamo,core-215,нарколог динамо
narkolog-na-dom,Нарколог на дом,нарколог,metro,Динамо,dinamo,core-215,нарколог метро динамо
narkolog-na-dom,Нарколог на дом,нарколог,metro,Дмитровская,dmitrovskaya,core-215,нарколог дмитровская
narkolog-na-dom,Нарколог на дом,нарколог,metro,Дмитровская,dmitrovskaya,core-215,нарколог метро дмитровская
narkolog-na-dom,Нарколог на дом,нарколог,metro,Добрынинская,dobryninskaya,core-215,нарколог добрынинская
narkolog-na-dom,Нарколог на дом,нарколог,metro,Добрынинская,dobryninskaya,core-215,нарколог метро добрынинская
narkolog-na-dom,Нарколог на дом,нарколог,metro,Домодедовская,domodedovskaya,core-215,нарколог домодедовская
narkolog-na-dom,Нарколог на дом,нарколог,metro,Домодедовская,domodedovskaya,core-215,нарколог метро домодедовская
narkolog-na-dom,Нарколог на дом,нарколог,metro,Достоевская,dostoevskaya,core-215,нарколог достоевская
narkolog-na-dom,Нарколог на дом,нарколог,metro,Достоевская,dostoevskaya,core-215,нарколог метро достоевская
narkolog-na-dom,Нарколог на дом,нарколог,metro,Электрозаводская,elektrozavodskaya,core-215,нарколог электрозаводская
narkolog-na-dom,Нарколог на дом,нарколог,metro,Электрозаводская,elektrozavodskaya,core-215,нарколог метро электрозаводская
narkolog-na-dom,Нарколог на дом,нарколог,metro,Филёвский парк,filevskij-park,core-215,нарколог филёвский парк
narkolog-na-dom,Нарколог на дом,нарколог,metro,Филёвский парк,filevskij-park,core-215,нарколог метро филёвский парк
narkolog-na-dom,Нарколог на дом,нарколог,metro,Фили,fili,core-215,нарколог фили
narkolog-na-dom,Нарколог на дом,нарколог,metro,Фили,fili,core-215,нарколог метро фили
narkolog-na-dom,Нарколог на дом,нарколог,metro,Фонвизинская,fonvizinskaya,core-215,нарколог фонвизинская
narkolog-na-dom,Нарколог на дом,нарколог,metro,Фонвизинская,fonvizinskaya,core-215,нарколог метро фонвизинская
narkolog-na-dom,Нарколог на дом,нарколог,metro,Фрунзенская,frunzenskaya,core-215,нарколог фрунзенская
narkolog-na-dom,Нарколог на дом,нарколог,metro,Фрунзенская,frunzenskaya,core-215,нарколог метро фрунзенская
narkolog-na-dom,Нарколог на дом,нарколог,metro,Хорошёвская,horoshevskaya,core-215,нарколог хорошёвская
narkolog-na-dom,Нарколог на дом,нарколог,metro,Хорошёвская,horoshevskaya,core-215,нарколог метро хорошёвская
narkolog-na-dom,Нарколог на дом,нарколог,metro,Ховрино,hovrino,core-215,нарколог ховрино
narkolog-na-dom,Нарколог на дом,нарколог,metro,Ховрино,hovrino,core-215,нарколог метро ховрино
narkolog-na-dom,Нарколог на дом,нарколог,metro,Измайловская,izmajlovskaya,core-215,нарколог измайловская
narkolog-na-dom,Нарколог на дом,нарколог,metro,Измайловская,izmajlovskaya,core-215,нарколог метро измайловская
narkolog-na-dom,Нарколог на дом,нарколог,metro,Каховская,kahovskaya,core-215,нарколог каховская
narkolog-na-dom,Нарколог на дом,нарколог,metro,Каховская,kahovskaya,core-215,нарколог метро каховская
narkolog-na-dom,Нарколог на дом,нарколог,metro,Калужская,kaluzhskaya,core-215,нарколог калужская
narkolog-na-dom,Нарколог на дом,нарколог,metro,Калужская,kaluzhskaya,core-215,нарколог метро калужская
narkolog-na-dom,Нарколог на дом,нарколог,metro,Кантемировская,kantemirovskaya,core-215,нарколог кантемировская
narkolog-na-dom,Нарколог на дом,нарколог,metro,Кантемировская,kantemirovskaya,core-215,нарколог метро кантемировская
narkolog-na-dom,Нарколог на дом,нарколог,metro,Каширская,kashirskaya,core-215,нарколог каширская
narkolog-na-dom,Нарколог на дом,нарколог,metro,Каширская,kashirskaya,core-215,нарколог метро каширская
narkolog-na-dom,Нарколог на дом,нарколог,metro,Киевская,kievskaya,core-215,нарколог киевская
narkolog-na-dom,Нарколог на дом,нарколог,metro,Киевская,kievskaya,core-215,нарколог метро киевская
narkolog-na-dom,Нарколог на дом,нарколог,metro,Китай-город,kitaj-gorod,core-215,нарколог китай-город
narkolog-na-dom,Нарколог на дом,нарколог,metro,Китай-город,kitaj-gorod,core-215,нарколог метро китай-город
narkolog-na-dom,Нарколог на дом,нарколог,metro,Коломенская,kolomenskaya,core-215,нарколог коломенская
narkolog-na-dom,Нарколог на дом,нарколог,metro,Коломенская,kolomenskaya,core-215,нарколог метро коломенская
narkolog-na-dom,Нарколог на дом,нарколог,metro,Комсомольская,komsomolskaya,core-215,нарколог комсомольская
narkolog-na-dom,Нарколог на дом,нарколог,metro,Комсомольская,komsomolskaya,core-215,нарколог метро комсомольская
narkolog-na-dom,Нарколог на дом,нарколог,metro,Коньково,konkovo,core-215,нарколог коньково
narkolog-na-dom,Нарколог на дом,нарколог,metro,Коньково,konkovo,core-215,нарколог метро коньково
narkolog-na-dom,Нарколог на дом,нарколог,metro,Коптево,koptevo,core-215,нарколог коптево
narkolog-na-dom,Нарколог на дом,нарколог,metro,Коптево,koptevo,core-215,нарколог метро коптево
narkolog-na-dom,Нарколог на дом,нарколог,metro,Котельники,kotelniki,core-215,нарколог котельники
narkolog-na-dom,Нарколог на дом,нарколог,metro,Котельники,kotelniki,core-215,нарколог метро котельники
narkolog-na-dom,Нарколог на дом,нарколог,metro,Кожуховская,kozhuhovskaya,core-215,нарколог кожуховская
narkolog-na-dom,Нарколог на дом,нарколог,metro,Кожуховская,kozhuhovskaya,core-215,нарколог метро кожуховская
narkolog-na-dom,Нарколог на дом,нарколог,metro,Красногвардейская,krasnogvardejskaya,core-215,нарколог красногвардейская
narkolog-na-dom,Нарколог на дом,нарколог,metro,Красногвардейская,krasnogvardejskaya,core-215,нарколог метро красногвардейская
narkolog-na-dom,Нарколог на дом,нарколог,metro,Краснопресненская,krasnopresnenskaya,core-215,нарколог краснопресненская
narkolog-na-dom,Нарколог на дом,нарколог,metro,Краснопресненская,krasnopresnenskaya,core-215,нарколог метро краснопресненская
narkolog-na-dom,Нарколог на дом,нарколог,metro,Красносельская,krasnoselskaya,core-215,нарколог красносельская
narkolog-na-dom,Нарколог на дом,нарколог,metro,Красносельская,krasnoselskaya,core-215,нарколог метро красносельская
narkolog-na-dom,Нарколог на дом,нарколог,metro,Красные ворота,krasnye-vorota,core-215,нарколог красные ворота
narkolog-na-dom,Нарколог на дом,нарколог,metro,Красные ворота,krasnye-vorota,core-215,нарколог метро красные ворота
narkolog-na-dom,Нарколог на дом,нарколог,metro,Крестьянская застава,krestyanskaya-zastava,core-215,нарколог крестьянская застава
narkolog-na-dom,Нарколог на дом,нарколог,metro,Крестьянская застава,krestyanskaya-zastava,core-215,нарколог метро крестьянская застава
narkolog-na-dom,Нарколог на дом,нарколог,metro,Кропоткинская,kropotkinskaya,core-215,нарколог кропоткинская
narkolog-na-dom,Нарколог на дом,нарколог,metro,Кропоткинская,kropotkinskaya,core-215,нарколог метро кропоткинская
narkolog-na-dom,Нарколог на дом,нарколог,metro,Крылатское,krylatskoe,core-215,нарколог крылатское
narkolog-na-dom,Нарколог на дом,нарколог,metro,Крылатское,krylatskoe,core-215,нарколог метро крылатское
narkolog-na-dom,Нарколог на дом,нарколог,metro,Крымская,krymskaya,core-215,нарколог крымская
narkolog-na-dom,Нарколог на дом,нарколог,metro,Крымская,krymskaya,core-215,нарколог метро крымская
narkolog-na-dom,Нарколог на дом,нарколог,metro,Кунцевская,kuncevskaya,core-215,нарколог кунцевская
narkolog-na-dom,Нарколог на дом,нарколог,metro,Кунцевская,kuncevskaya,core-215,нарколог метро кунцевская
narkolog-na-dom,Нарколог на дом,нарколог,metro,Курская,kurskaya,core-215,нарколог курская
narkolog-na-dom,Нарколог на дом,нарколог,metro,Курская,kurskaya,core-215,нарколог метро курская
narkolog-na-dom,Нарколог на дом,нарколог,metro,Кутузовская,kutuzovskaya,core-215,нарколог кутузовская
narkolog-na-dom,Нарколог на дом,нарколог,metro,Кутузовская,kutuzovskaya,core-215,нарколог метро кутузовская
narkolog-na-dom,Нарколог на дом,нарколог,metro,Кузьминки,kuzminki,core-215,нарколог кузьминки
narkolog-na-dom,Нарколог на дом,нарколог,metro,Кузьминки,kuzminki,core-215,нарколог метро кузьминки
narkolog-na-dom,Нарколог на дом,нарколог,metro,Кузнецкий мост,kuzneckij-most,core-215,нарколог кузнецкий мост
narkolog-na-dom,Нарколог на дом,нарколог,metro,Кузнецкий мост,kuzneckij-most,core-215,нарколог метро кузнецкий мост
narkolog-na-dom,Нарколог на дом,нарколог,metro,Ленинский проспект,leninskij-prospekt,core-215,нарколог ленинский проспект
narkolog-na-dom,Нарколог на дом,нарколог,metro,Ленинский проспект,leninskij-prospekt,core-215,нарколог метро ленинский проспект
narkolog-na-dom,Нарколог на дом,нарколог,metro,Лермонтовский проспект,lermontovskij-prospekt,core-215,нарколог лермонтовский проспект
narkolog-na-dom,Нарколог на дом,нарколог,metro,Лермонтовский проспект,lermontovskij-prospekt,core-215,нарколог метро лермонтовский проспект
narkolog-na-dom,Нарколог на дом,нарколог,metro,Лесопарковая,lesoparkovaya,core-215,нарколог лесопарковая
narkolog-na-dom,Нарколог на дом,нарколог,metro,Лесопарковая,lesoparkovaya,core-215,нарколог метро лесопарковая
narkolog-na-dom,Нарколог на дом,нарколог,metro,Лихоборы,lihobory,core-215,нарколог лихоборы
narkolog-na-dom,Нарколог на дом,нарколог,metro,Лихоборы,lihobory,core-215,нарколог метро лихоборы
narkolog-na-dom,Нарколог на дом,нарколог,metro,Локомотив,lokomotiv,core-215,нарколог локомотив
narkolog-na-dom,Нарколог на дом,нарколог,metro,Локомотив,lokomotiv,core-215,нарколог метро локомотив
narkolog-na-dom,Нарколог на дом,нарколог,metro,Ломоносовский проспект,lomonosovskij-prospekt,core-215,нарколог ломоносовский проспект
narkolog-na-dom,Нарколог на дом,нарколог,metro,Ломоносовский проспект,lomonosovskij-prospekt,core-215,нарколог метро ломоносовский проспект
narkolog-na-dom,Нарколог на дом,нарколог,metro,Лубянка,lubyanka,core-215,нарколог лубянка
narkolog-na-dom,Нарколог на дом,нарколог,metro,Лубянка,lubyanka,core-215,нарколог метро лубянка
narkolog-na-dom,Нарколог на дом,нарколог,metro,Лужники,luzhniki,core-215,нарколог лужники
narkolog-na-dom,Нарколог на дом,нарколог,metro,Лужники,luzhniki,core-215,нарколог метро лужники
narkolog-na-dom,Нарколог на дом,нарколог,metro,Люблино,lyublino,core-215,нарколог люблино
narkolog-na-dom,Нарколог на дом,нарколог,metro,Люблино,lyublino,core-215,нарколог метро люблино
narkolog-na-dom,Нарколог на дом,нарколог,metro,Марьино,marino,core-215,нарколог марьино
narkolog-na-dom,Нарколог на дом,нарколог,metro,Марьино,marino,core-215,нарколог метро марьино
narkolog-na-dom,Нарколог на дом,нарколог,metro,Марьина Роща,marina-roshcha,core-215,нарколог марьина роща
narkolog-na-dom,Нарколог на дом,нарколог,metro,Марьина Роща,marina-roshcha,core-215,нарколог метро марьина роща
narkolog-na-dom,Нарколог на дом,нарколог,metro,Марксистская,marksistskaya,core-215,нарколог марксистская
narkolog-na-dom,Нарколог на дом,нарколог,metro,Марксистская,marksistskaya,core-215,нарколог метро марксистская
narkolog-na-dom,Нарколог на дом,нарколог,metro,Маяковская,mayakovskaya,core-215,нарколог маяковская
narkolog-na-dom,Нарколог на дом,нарколог,metro,Маяковская,mayakovskaya,core-215,нарколог метро маяковская
narkolog-na-dom,Нарколог на дом,нарколог,metro,Медведково,medvedkovo,core-215,нарколог медведково
narkolog-na-dom,Нарколог на дом,нарколог,metro,Медведково,medvedkovo,core-215,нарколог метро медведково
narkolog-na-dom,Нарколог на дом,нарколог,metro,Менделеевская,mendeleevskaya,core-215,нарколог менделеевская
narkolog-na-dom,Нарколог на дом,нарколог,metro,Менделеевская,mendeleevskaya,core-215,нарколог метро менделеевская
narkolog-na-dom,Нарколог на дом,нарколог,metro,Международная,mezhdunarodnaya,core-215,нарколог международная
narkolog-na-dom,Нарколог на дом,нарколог,metro,Международная,mezhdunarodnaya,core-215,нарколог метро международная
narkolog-na-dom,Нарколог на дом,нарколог,metro,Минская,minskaya,core-215,нарколог минская
narkolog-na-dom,Нарколог на дом,нарколог,metro,Минская,minskaya,core-215,нарколог метро минская
narkolog-na-dom,Нарколог на дом,нарколог,metro,Молодёжная,molodezhnaya,core-215,нарколог молодёжная
narkolog-na-dom,Нарколог на дом,нарколог,metro,Молодёжная,molodezhnaya,core-215,нарколог метро молодёжная
narkolog-na-dom,Нарколог на дом,нарколог,metro,Мякинино,myakinino,core-215,нарколог мякинино
narkolog-na-dom,Нарколог на дом,нарколог,metro,Мякинино,myakinino,core-215,нарколог метро мякинино
narkolog-na-dom,Нарколог на дом,нарколог,metro,Нагатинская,nagatinskaya,core-215,нарколог нагатинская
narkolog-na-dom,Нарколог на дом,нарколог,metro,Нагатинская,nagatinskaya,core-215,нарколог метро нагатинская
narkolog-na-dom,Нарколог на дом,нарколог,metro,Нагорная,nagornaya,core-215,нарколог нагорная
narkolog-na-dom,Нарколог на дом,нарколог,metro,Нагорная,nagornaya,core-215,нарколог метро нагорная
narkolog-na-dom,Нарколог на дом,нарколог,metro,Нахимовский проспект,nahimovskij-prospekt,core-215,нарколог нахимовский проспект
narkolog-na-dom,Нарколог на дом,нарколог,metro,Нахимовский проспект,nahimovskij-prospekt,core-215,нарколог метро нахимовский проспект
narkolog-na-dom,Нарколог на дом,нарколог,metro,Нижегородская,nizhegorodskaya,core-215,нарколог нижегородская
narkolog-na-dom,Нарколог на дом,нарколог,metro,Нижегородская,nizhegorodskaya,core-215,нарколог метро нижегородская
narkolog-na-dom,Нарколог на дом,нарколог,metro,Новогиреево,novogireevo,core-215,нарколог новогиреево
narkolog-na-dom,Нарколог на дом,нарколог,metro,Новогиреево,novogireevo,core-215,нарколог метро новогиреево
narkolog-na-dom,Нарколог на дом,нарколог,metro,Новохохловская,novohohlovskaya,core-215,нарколог новохохловская
narkolog-na-dom,Нарколог на дом,нарколог,metro,Новохохловская,novohohlovskaya,core-215,нарколог метро новохохловская
narkolog-na-dom,Нарколог на дом,нарколог,metro,Новокосино,novokosino,core-215,нарколог новокосино
narkolog-na-dom,Нарколог на дом,нарколог,metro,Новокосино,novokosino,core-215,нарколог метро новокосино
narkolog-na-dom,Нарколог на дом,нарколог,metro,Новокузнецкая,novokuzneckaya,core-215,нарколог новокузнецкая
narkolog-na-dom,Нарколог на дом,нарколог,metro,Новокузнецкая,novokuzneckaya,core-215,нарколог метро новокузнецкая
narkolog-na-dom,Нарколог на дом,нарколог,metro,Новослободская,novoslobodskaya,core-215,нарколог новослободская
narkolog-na-dom,Нарколог на дом,нарколог,metro,Новослободская,novoslobodskaya,core-215,нарколог метро новослободская
narkolog-na-dom,Нарколог на дом,нарколог,metro,Новоясеневская,novoyasenevskaya,core-215,нарколог новоясеневская
narkolog-na-dom,Нарколог на дом,нарколог,metro,Новоясеневская,novoyasenevskaya,core-215,нарколог метро новоясеневская
narkolog-na-dom,Нарколог на дом,нарколог,metro,Новые Черёмушки,novye-cheremushki,core-215,нарколог новые черёмушки
narkolog-na-dom,Нарколог на дом,нарколог,metro,Новые Черёмушки,novye-cheremushki,core-215,нарколог метро новые черёмушки
narkolog-na-dom,Нарколог на дом,нарколог,metro,Охотный Ряд,ohotnyj-ryad,core-215,нарколог охотный ряд
narkolog-na-dom,Нарколог на дом,нарколог,metro,Охотный Ряд,ohotnyj-ryad,core-215,нарколог метро охотный ряд
narkolog-na-dom,Нарколог на дом,нарколог,metro,Окружная,okruzhnaya,core-215,нарколог окружная
narkolog-na-dom,Нарколог на дом,нарколог,metro,Окружная,okruzhnaya,core-215,нарколог метро окружная
narkolog-na-dom,Нарколог на дом,нарколог,metro,Октябрьское Поле,oktyabrskoe-pole,core-215,нарколог октябрьское поле
narkolog-na-dom,Нарколог на дом,нарколог,metro,Октябрьское Поле,oktyabrskoe-pole,core-215,нарколог метро октябрьское поле
narkolog-na-dom,Нарколог на дом,нарколог,metro,Октябрьская,oktyabrskaya,core-215,нарколог октябрьская
narkolog-na-dom,Нарколог на дом,нарколог,metro,Октябрьская,oktyabrskaya,core-215,нарколог метро октябрьская
narkolog-na-dom,Нарколог на дом,нарколог,metro,Орехово,orehovo,core-215,нарколог орехово
narkolog-na-dom,Нарколог на дом,нарколог,metro,Орехово,orehovo,core-215,нарколог метро орехово
narkolog-na-dom,Нарколог на дом,нарколог,metro,Отрадное,otradnoe,core-215,нарколог отрадное
narkolog-na-dom,Нарколог на дом,нарколог,metro,Отрадное,otradnoe,core-215,нарколог метро отрадное
narkolog-na-dom,Нарколог на дом,нарколог,metro,Панфиловская,panfilovskaya,core-215,нарколог панфиловская
narkolog-na-dom,Нарколог на дом,нарколог,metro,Панфиловская,panfilovskaya,core-215,нарколог метро панфиловская
narkolog-na-dom,Нарколог на дом,нарколог,metro,Парк культуры,park-kultury,core-215,нарколог парк культуры
narkolog-na-dom,Нарколог на дом,нарколог,metro,Парк культуры,park-kultury,core-215,нарколог метро парк культуры
narkolog-na-dom,Нарколог на дом,нарколог,metro,Парк Победы,park-pobedy,core-215,нарколог парк победы
narkolog-na-dom,Нарколог на дом,нарколог,metro,Парк Победы,park-pobedy,core-215,нарколог метро парк победы
narkolog-na-dom,Нарколог на дом,нарколог,metro,Партизанская,partizanskaya,core-215,нарколог партизанская
narkolog-na-dom,Нарколог на дом,нарколог,metro,Партизанская,partizanskaya,core-215,нарколог метро партизанская
narkolog-na-dom,Нарколог на дом,нарколог,metro,Павелецкая,paveleckaya,core-215,нарколог павелецкая
narkolog-na-dom,Нарколог на дом,нарколог,metro,Павелецкая,paveleckaya,core-215,нарколог метро павелецкая
narkolog-na-dom,Нарколог на дом,нарколог,metro,Печатники,pechatniki,core-215,нарколог печатники
narkolog-na-dom,Нарколог на дом,нарколог,metro,Печатники,pechatniki,core-215,нарколог метро печатники
narkolog-na-dom,Нарколог на дом,нарколог,metro,Перово,perovo,core-215,нарколог перово
narkolog-na-dom,Нарколог на дом,нарколог,metro,Перово,perovo,core-215,нарколог метро перово
narkolog-na-dom,Нарколог на дом,нарколог,metro,Первомайская,pervomajskaya,core-215,нарколог первомайская
narkolog-na-dom,Нарколог на дом,нарколог,metro,Первомайская,pervomajskaya,core-215,нарколог метро первомайская
narkolog-na-dom,Нарколог на дом,нарколог,metro,Петровский парк,petrovskij-park,core-215,нарколог петровский парк
narkolog-na-dom,Нарколог на дом,нарколог,metro,Петровский парк,petrovskij-park,core-215,нарколог метро петровский парк
narkolog-na-dom,Нарколог на дом,нарколог,metro,Петровско-Разумовская,petrovsko-razumovskaya,core-215,нарколог петровско-разумовская
narkolog-na-dom,Нарколог на дом,нарколог,metro,Петровско-Разумовская,petrovsko-razumovskaya,core-215,нарколог метро петровско-разумовская
narkolog-na-dom,Нарколог на дом,нарколог,metro,Пионерская,pionerskaya,core-215,нарколог пионерская
narkolog-na-dom,Нарколог на дом,нарколог,metro,Пионерская,pionerskaya,core-215,нарколог метро пионерская
narkolog-na-dom,Нарколог на дом,нарколог,metro,Планерная,planernaya,core-215,нарколог планерная
narkolog-na-dom,Нарколог на дом,нарколог,metro,Планерная,planernaya,core-215,нарколог метро планерная
narkolog-na-dom,Нарколог на дом,нарколог,metro,Площадь Гагарина,ploshchad-gagarina,core-215,нарколог площадь гагарина
narkolog-na-dom,Нарколог на дом,нарколог,metro,Площадь Гагарина,ploshchad-gagarina,core-215,нарколог метро площадь гагарина
narkolog-na-dom,Нарколог на дом,нарколог,metro,Площадь Ильича,ploshchad-ilicha,core-215,нарколог площадь ильича
narkolog-na-dom,Нарколог на дом,нарколог,metro,Площадь Ильича,ploshchad-ilicha,core-215,нарколог метро площадь ильича
narkolog-na-dom,Нарколог на дом,нарколог,metro,Площадь Революции,ploshchad-revolyucii,core-215,нарколог площадь революции
narkolog-na-dom,Нарколог на дом,нарколог,metro,Площадь Революции,ploshchad-revolyucii,core-215,нарколог метро площадь революции
narkolog-na-dom,Нарколог на дом,нарколог,metro,Полежаевская,polezhaevskaya,core-215,нарколог полежаевская
narkolog-na-dom,Нарколог на дом,нарколог,metro,Полежаевская,polezhaevskaya,core-215,нарколог метро полежаевская
narkolog-na-dom,Нарколог на дом,нарколог,metro,Полянка,polyanka,core-215,нарколог полянка
narkolog-na-dom,Нарколог на дом,нарколог,metro,Полянка,polyanka,core-215,нарколог метро полянка
narkolog-na-dom,Нарколог на дом,нарколог,metro,Пражская,prazhskaya,core-215,нарколог пражская
narkolog-na-dom,Нарколог на дом,нарколог,metro,Пражская,prazhskaya,core-215,нарколог метро пражская
narkolog-na-dom,Нарколог на дом,нарколог,metro,Преображенская площадь,preobrazhenskaya-ploshchad,core-215,нарколог преображенская площадь
narkolog-na-dom,Нарколог на дом,нарколог,metro,Преображенская площадь,preobrazhenskaya-ploshchad,core-215,нарколог метро преображенская площадь
narkolog-na-dom,Нарколог на дом,нарколог,metro,Профсоюзная,profsoyuznaya,core-215,нарколог профсоюзная
narkolog-na-dom,Нарколог на дом,нарколог,metro,Профсоюзная,profsoyuznaya,core-215,нарколог метро профсоюзная
narkolog-na-dom,Нарколог на дом,нарколог,metro,Пролетарская,proletarskaya,core-215,нарколог пролетарская
narkolog-na-dom,Нарколог на дом,нарколог,metro,Пролетарская,proletarskaya,core-215,нарколог метро пролетарская
narkolog-na-dom,Нарколог на дом,нарколог,metro,Проспект Мира,prospekt-mira,core-215,нарколог проспект мира
narkolog-na-dom,Нарколог на дом,нарколог,metro,Проспект Мира,prospekt-mira,core-215,нарколог метро проспект мира
narkolog-na-dom,Нарколог на дом,нарколог,metro,Проспект Вернадского,prospekt-vernadskogo,core-215,нарколог проспект вернадского
narkolog-na-dom,Нарколог на дом,нарколог,metro,Проспект Вернадского,prospekt-vernadskogo,core-215,нарколог метро проспект вернадского
narkolog-na-dom,Нарколог на дом,нарколог,metro,Пушкинская,pushkinskaya,core-215,нарколог пушкинская
narkolog-na-dom,Нарколог на дом,нарколог,metro,Пушкинская,pushkinskaya,core-215,нарколог метро пушкинская
narkolog-na-dom,Нарколог на дом,нарколог,metro,Пятницкое шоссе,pyatnickoe-shosse,core-215,нарколог пятницкое шоссе
narkolog-na-dom,Нарколог на дом,нарколог,metro,Пятницкое шоссе,pyatnickoe-shosse,core-215,нарколог метро пятницкое шоссе
narkolog-na-dom,Нарколог на дом,нарколог,metro,Раменки,ramenki,core-215,нарколог раменки
narkolog-na-dom,Нарколог на дом,нарколог,metro,Раменки,ramenki,core-215,нарколог метро раменки
narkolog-na-dom,Нарколог на дом,нарколог,metro,Речной вокзал,rechnoj-vokzal,core-215,нарколог речной вокзал
narkolog-na-dom,Нарколог на дом,нарколог,metro,Речной вокзал,rechnoj-vokzal,core-215,нарколог метро речной вокзал
narkolog-na-dom,Нарколог на дом,нарколог,metro,Римская,rimskaya,core-215,нарколог римская
narkolog-na-dom,Нарколог на дом,нарколог,metro,Римская,rimskaya,core-215,нарколог метро римская
narkolog-na-dom,Нарколог на дом,нарколог,metro,Рижская,rizhskaya,core-215,нарколог рижская
narkolog-na-dom,Нарколог на дом,нарколог,metro,Рижская,rizhskaya,core-215,нарколог метро рижская
narkolog-na-dom,Нарколог на дом,нарколог,metro,Ростокино,rostokino,core-215,нарколог ростокино
narkolog-na-dom,Нарколог на дом,нарколог,metro,Ростокино,rostokino,core-215,нарколог метро ростокино
narkolog-na-dom,Нарколог на дом,нарколог,metro,Румянцево,rumyancevo,core-215,нарколог румянцево
narkolog-na-dom,Нарколог на дом,нарколог,metro,Румянцево,rumyancevo,core-215,нарколог метро румянцево
narkolog-na-dom,Нарколог на дом,нарколог,metro,Рязанский проспект,ryazanskij-prospekt,core-215,нарколог рязанский проспект
narkolog-na-dom,Нарколог на дом,нарколог,metro,Рязанский проспект,ryazanskij-prospekt,core-215,нарколог метро рязанский проспект
narkolog-na-dom,Нарколог на дом,нарколог,metro,Саларьево,salarevo,core-215,нарколог саларьево
narkolog-na-dom,Нарколог на дом,нарколог,metro,Саларьево,salarevo,core-215,нарколог метро саларьево
narkolog-na-dom,Нарколог на дом,нарколог,metro,Савёловская,savelovskaya,core-215,нарколог савёловская
narkolog-na-dom,Нарколог на дом,нарколог,metro,Савёловская,savelovskaya,core-215,нарколог метро савёловская
narkolog-na-dom,Нарколог на дом,нарколог,metro,Селигерская,seligerskaya,core-215,нарколог селигерская
narkolog-na-dom,Нарколог на дом,нарколог,metro,Селигерская,seligerskaya,core-215,нарколог метро селигерская
narkolog-na-dom,Нарколог на дом,нарколог,metro,Семёновская,semenovskaya,core-215,нарколог семёновская
narkolog-na-dom,Нарколог на дом,нарколог,metro,Семёновская,semenovskaya,core-215,нарколог метро семёновская
narkolog-na-dom,Нарколог на дом,нарколог,metro,Серпуховская,serpuhovskaya,core-215,нарколог серпуховская
narkolog-na-dom,Нарколог на дом,нарколог,metro,Серпуховская,serpuhovskaya,core-215,нарколог метро серпуховская
narkolog-na-dom,Нарколог на дом,нарколог,metro,Севастопольская,sevastopolskaya,core-215,нарколог севастопольская
narkolog-na-dom,Нарколог на дом,нарколог,metro,Севастопольская,sevastopolskaya,core-215,нарколог метро севастопольская
narkolog-na-dom,Нарколог на дом,нарколог,metro,Шаболовская,shabolovskaya,core-215,нарколог шаболовская
narkolog-na-dom,Нарколог на дом,нарколог,metro,Шаболовская,shabolovskaya,core-215,нарколог метро шаболовская
narkolog-na-dom,Нарколог на дом,нарколог,metro,Шелепиха,shelepiha,core-215,нарколог шелепиха
narkolog-na-dom,Нарколог на дом,нарколог,metro,Шелепиха,shelepiha,core-215,нарколог метро шелепиха
narkolog-na-dom,Нарколог на дом,нарколог,metro,Щукинская,shchukinskaya,core-215,нарколог щукинская
narkolog-na-dom,Нарколог на дом,нарколог,metro,Щукинская,shchukinskaya,core-215,нарколог метро щукинская
narkolog-na-dom,Нарколог на дом,нарколог,metro,Щёлковская,shchelkovskaya,core-215,нарколог щёлковская
narkolog-na-dom,Нарколог на дом,нарколог,metro,Щёлковская,shchelkovskaya,core-215,нарколог метро щёлковская
narkolog-na-dom,Нарколог на дом,нарколог,metro,Шипиловская,shipilovskaya,core-215,нарколог шипиловская
narkolog-na-dom,Нарколог на дом,нарколог,metro,Шипиловская,shipilovskaya,core-215,нарколог метро шипиловская
narkolog-na-dom,Нарколог на дом,нарколог,metro,Сходненская,shodnenskaya,core-215,нарколог сходненская
narkolog-na-dom,Нарколог на дом,нарколог,metro,Сходненская,shodnenskaya,core-215,нарколог метро сходненская
narkolog-na-dom,Нарколог на дом,нарколог,metro,Шоссе Энтузиастов,shosse-entuziastov,core-215,нарколог шоссе энтузиастов
narkolog-na-dom,Нарколог на дом,нарколог,metro,Шоссе Энтузиастов,shosse-entuziastov,core-215,нарколог метро шоссе энтузиастов
narkolog-na-dom,Нарколог на дом,нарколог,metro,Улица Скобелевская,ulica-skobelevskaya,core-215,нарколог улица скобелевская
narkolog-na-dom,Нарколог на дом,нарколог,metro,Улица Скобелевская,ulica-skobelevskaya,core-215,нарколог метро улица скобелевская
narkolog-na-dom,Нарколог на дом,нарколог,metro,Славянский бульвар,slavyanskij-bulvar,core-215,нарколог славянский бульвар
narkolog-na-dom,Нарколог на дом,нарколог,metro,Славянский бульвар,slavyanskij-bulvar,core-215,нарколог метро славянский бульвар
narkolog-na-dom,Нарколог на дом,нарколог,metro,Смоленская,smolenskaya,core-215,нарколог смоленская
narkolog-na-dom,Нарколог на дом,нарколог,metro,Смоленская,smolenskaya,core-215,нарколог метро смоленская
narkolog-na-dom,Нарколог на дом,нарколог,metro,Сокол,sokol,core-215,нарколог сокол
narkolog-na-dom,Нарколог на дом,нарколог,metro,Сокол,sokol,core-215,нарколог метро сокол
narkolog-na-dom,Нарколог на дом,нарколог,metro,Соколиная гора,sokolinaya-gora,core-215,нарколог соколиная гора
narkolog-na-dom,Нарколог на дом,нарколог,metro,Соколиная гора,sokolinaya-gora,core-215,нарколог метро соколиная гора
narkolog-na-dom,Нарколог на дом,нарколог,metro,Спартак,spartak,core-215,нарколог спартак
narkolog-na-dom,Нарколог на дом,нарколог,metro,Спартак,spartak,core-215,нарколог метро спартак
narkolog-na-dom,Нарколог на дом,нарколог,metro,Спортивная,sportivnaya,core-215,нарколог спортивная
narkolog-na-dom,Нарколог на дом,нарколог,metro,Спортивная,sportivnaya,core-215,нарколог метро спортивная
narkolog-na-dom,Нарколог на дом,нарколог,metro,Сретенский бульвар,sretenskij-bulvar,core-215,нарколог сретенский бульвар
narkolog-na-dom,Нарколог на дом,нарколог,metro,Сретенский бульвар,sretenskij-bulvar,core-215,нарколог метро сретенский бульвар
narkolog-na-dom,Нарколог на дом,нарколог,metro,Стрешнево,streshnevo,core-215,нарколог стрешнево
narkolog-na-dom,Нарколог на дом,нарколог,metro,Стрешнево,streshnevo,core-215,нарколог метро стрешнево
narkolog-na-dom,Нарколог на дом,нарколог,metro,Строгино,strogino,core-215,нарколог строгино
narkolog-na-dom,Нарколог на дом,нарколог,metro,Строгино,strogino,core-215,нарколог метро строгино
narkolog-na-dom,Нарколог на дом,нарколог,metro,Студенческая,studencheskaya,core-215,нарколог студенческая
narkolog-na-dom,Нарколог на дом,нарколог,metro,Студенческая,studencheskaya,core-215,нарколог метро студенческая
narkolog-na-dom,Нарколог на дом,нарколог,metro,Сухаревская,suharevskaya,core-215,нарколог сухаревская
narkolog-na-dom,Нарколог на дом,нарколог,metro,Сухаревская,suharevskaya,core-215,нарколог метро сухаревская
narkolog-na-dom,Нарколог на дом,нарколог,metro,Свиблово,sviblovo,core-215,нарколог свиблово
narkolog-na-dom,Нарколог на дом,нарколог,metro,Свиблово,sviblovo,core-215,нарколог метро свиблово
narkolog-na-dom,Нарколог на дом,нарколог,metro,Таганская,taganskaya,core-215,нарколог таганская
narkolog-na-dom,Нарколог на дом,нарколог,metro,Таганская,taganskaya,core-215,нарколог метро таганская
narkolog-na-dom,Нарколог на дом,нарколог,metro,Театральная,teatralnaya,core-215,нарколог театральная
narkolog-na-dom,Нарколог на дом,нарколог,metro,Театральная,teatralnaya,core-215,нарколог метро театральная
narkolog-na-dom,Нарколог на дом,нарколог,metro,Технопарк,tehnopark,core-215,нарколог технопарк
narkolog-na-dom,Нарколог на дом,нарколог,metro,Технопарк,tehnopark,core-215,нарколог метро технопарк
narkolog-na-dom,Нарколог на дом,нарколог,metro,Текстильщики,tekstilshchiki,core-215,нарколог текстильщики
narkolog-na-dom,Нарколог на дом,нарколог,metro,Текстильщики,tekstilshchiki,core-215,нарколог метро текстильщики
narkolog-na-dom,Нарколог на дом,нарколог,metro,Телецентр,telecentr,core-215,нарколог телецентр
narkolog-na-dom,Нарколог на дом,нарколог,metro,Телецентр,telecentr,core-215,нарколог метро телецентр
narkolog-na-dom,Нарколог на дом,нарколог,metro,Тёплый Стан,teplyj-stan,core-215,нарколог тёплый стан
narkolog-na-dom,Нарколог на дом,нарколог,metro,Тёплый Стан,teplyj-stan,core-215,нарколог метро тёплый стан
narkolog-na-dom,Нарколог на дом,нарколог,metro,Тимирязевская,timiryazevskaya,core-215,нарколог тимирязевская
narkolog-na-dom,Нарколог на дом,нарколог,metro,Тимирязевская,timiryazevskaya,core-215,нарколог метро тимирязевская
narkolog-na-dom,Нарколог на дом,нарколог,metro,Третьяковская,tretyakovskaya,core-215,нарколог третьяковская
narkolog-na-dom,Нарколог на дом,нарколог,metro,Третьяковская,tretyakovskaya,core-215,нарколог метро третьяковская
narkolog-na-dom,Нарколог на дом,нарколог,metro,Тропарёво,troparevo,core-215,нарколог тропарёво
narkolog-na-dom,Нарколог на дом,нарколог,metro,Тропарёво,troparevo,core-215,нарколог метро тропарёво
narkolog-na-dom,Нарколог на дом,нарколог,metro,Трубная,trubnaya,core-215,нарколог трубная
narkolog-na-dom,Нарколог на дом,нарколог,metro,Трубная,trubnaya,core-215,нарколог метро трубная
narkolog-na-dom,Нарколог на дом,нарколог,metro,Тульская,tulskaya,core-215,нарколог тульская
narkolog-na-dom,Нарколог на дом,нарколог,metro,Тульская,tulskaya,core-215,нарколог метро тульская
narkolog-na-dom,Нарколог на дом,нарколог,metro,Тургеневская,turgenevskaya,core-215,нарколог тургеневская
narkolog-na-dom,Нарколог на дом,нарколог,metro,Тургеневская,turgenevskaya,core-215,нарколог метро тургеневская
narkolog-na-dom,Нарколог на дом,нарколог,metro,Тушинская,tushinskaya,core-215,нарколог тушинская
narkolog-na-dom,Нарколог на дом,нарколог,metro,Тушинская,tushinskaya,core-215,нарколог метро тушинская
narkolog-na-dom,Нарколог на дом,нарколог,metro,Тверская,tverskaya,core-215,нарколог тверская
narkolog-na-dom,Нарколог на дом,нарколог,metro,Тверская,tverskaya,core-215,нарколог метро тверская
narkolog-na-dom,Нарколог на дом,нарколог,metro,Угрешская,ugreshskaya,core-215,нарколог угрешская
narkolog-na-dom,Нарколог на дом,нарколог,metro,Угрешская,ugreshskaya,core-215,нарколог метро угрешская
narkolog-na-dom,Нарколог на дом,нарколог,metro,Улица 1905 года,ulica-1905-goda,core-215,нарколог улица 1905 года
narkolog-na-dom,Нарколог на дом,нарколог,metro,Улица 1905 года,ulica-1905-goda,core-215,нарколог метро улица 1905 года
narkolog-na-dom,Нарколог на дом,нарколог,metro,Улица Академика Королёва,ulica-akademika-koroleva,core-215,нарколог улица академика королёва
narkolog-na-dom,Нарколог на дом,нарколог,metro,Улица Академика Королёва,ulica-akademika-koroleva,core-215,нарколог метро улица академика королёва
narkolog-na-dom,Нарколог на дом,нарколог,metro,Улица Академика Янгеля,ulica-akademika-yangelya,core-215,нарколог улица академика янгеля
narkolog-na-dom,Нарколог на дом,нарколог,metro,Улица Академика Янгеля,ulica-akademika-yangelya,core-215,нарколог метро улица академика янгеля
narkolog-na-dom,Нарколог на дом,нарколог,metro,Улица Горчакова,ulica-gorchakova,core-215,нарколог улица горчакова
narkolog-na-dom,Нарколог на дом,нарколог,metro,Улица Горчакова,ulica-gorchakova,core-215,нарколог метро улица горчакова
narkolog-na-dom,Нарколог на дом,нарколог,metro,Улица Милашенкова,ulica-milashenkova,core-215,нарколог улица милашенкова
narkolog-na-dom,Нарколог на дом,нарколог,metro,Улица Милашенкова,ulica-milashenkova,core-215,нарколог метро улица милашенкова
narkolog-na-dom,Нарколог на дом,нарколог,metro,Улица Сергея Эйзенштейна,ulica-sergeya-ejzenshtejna,core-215,нарколог улица сергея эйзенштейна
narkolog-na-dom,Нарколог на дом,нарколог,metro,Улица Сергея Эйзенштейна,ulica-sergeya-ejzenshtejna,core-215,нарколог метро улица сергея эйзенштейна
narkolog-na-dom,Нарколог на дом,нарколог,metro,Улица Старокачаловская,ulica-starokachalovskaya,core-215,нарколог улица старокачаловская
narkolog-na-dom,Нарколог на дом,нарколог,metro,Улица Старокачаловская,ulica-starokachalovskaya,core-215,нарколог метро улица старокачаловская
narkolog-na-dom,Нарколог на дом,нарколог,metro,Университет,universitet,core-215,нарколог университет
narkolog-na-dom,Нарколог на дом,нарколог,metro,Университет,universitet,core-215,нарколог метро университет
narkolog-na-dom,Нарколог на дом,нарколог,metro,Варшавская,varshavskaya,core-215,нарколог варшавская
narkolog-na-dom,Нарколог на дом,нарколог,metro,Варшавская,varshavskaya,core-215,нарколог метро варшавская
narkolog-na-dom,Нарколог на дом,нарколог,metro,ВДНХ,vdnh,core-215,нарколог вднх
narkolog-na-dom,Нарколог на дом,нарколог,metro,ВДНХ,vdnh,core-215,нарколог метро вднх
narkolog-na-dom,Нарколог на дом,нарколог,metro,Верхние Котлы,verhnie-kotly,core-215,нарколог верхние котлы
narkolog-na-dom,Нарколог на дом,нарколог,metro,Верхние Котлы,verhnie-kotly,core-215,нарколог метро верхние котлы
narkolog-na-dom,Нарколог на дом,нарколог,metro,Верхние Лихоборы,verhnie-lihobory,core-215,нарколог верхние лихоборы
narkolog-na-dom,Нарколог на дом,нарколог,metro,Верхние Лихоборы,verhnie-lihobory,core-215,нарколог метро верхние лихоборы
narkolog-na-dom,Нарколог на дом,нарколог,metro,Владыкино,vladykino,core-215,нарколог владыкино
narkolog-na-dom,Нарколог на дом,нарколог,metro,Владыкино,vladykino,core-215,нарколог метро владыкино
narkolog-na-dom,Нарколог на дом,нарколог,metro,Водный стадион,vodnyj-stadion,core-215,нарколог водный стадион
narkolog-na-dom,Нарколог на дом,нарколог,metro,Водный стадион,vodnyj-stadion,core-215,нарколог метро водный стадион
narkolog-na-dom,Нарколог на дом,нарколог,metro,Войковская,vojkovskaya,core-215,нарколог войковская
narkolog-na-dom,Нарколог на дом,нарколог,metro,Войковская,vojkovskaya,core-215,нарколог метро войковская
narkolog-na-dom,Нарколог на дом,нарколог,metro,Волгоградский проспект,volgogradskij-prospekt,core-215,нарколог волгоградский проспект
narkolog-na-dom,Нарколог на дом,нарколог,metro,Волгоградский проспект,volgogradskij-prospekt,core-215,нарколог метро волгоградский проспект
narkolog-na-dom,Нарколог на дом,нарколог,metro,Волоколамская,volokolamskaya,core-215,нарколог волоколамская
narkolog-na-dom,Нарколог на дом,нарколог,metro,Волоколамская,volokolamskaya,core-215,нарколог метро волоколамская
narkolog-na-dom,Нарколог на дом,нарколог,metro,Волжская,volzhskaya,core-215,нарколог волжская
narkolog-na-dom,Нарколог на дом,нарколог,metro,Волжская,volzhskaya,core-215,нарколог метро волжская
narkolog-na-dom,Нарколог на дом,нарколог,metro,Воробьёвы горы,vorobevy-gory,core-215,нарколог воробьёвы горы
narkolog-na-dom,Нарколог на дом,нарколог,metro,Воробьёвы горы,vorobevy-gory,core-215,нарколог метро воробьёвы горы
narkolog-na-dom,Нарколог на дом,нарколог,metro,Выхино,vyhino,core-215,нарколог выхино
narkolog-na-dom,Нарколог на дом,нарколог,metro,Выхино,vyhino,core-215,нарколог метро выхино
narkolog-na-dom,Нарколог на дом,нарколог,metro,Выставочная,vystavochnaya,core-215,нарколог выставочная
narkolog-na-dom,Нарколог на дом,нарколог,metro,Выставочная,vystavochnaya,core-215,нарколог метро выставочная
narkolog-na-dom,Нарколог на дом,нарколог,metro,Выставочный центр,vystavochnyj-centr,core-215,нарколог выставочный центр
narkolog-na-dom,Нарколог на дом,нарколог,metro,Выставочный центр,vystavochnyj-centr,core-215,нарколог метро выставочный центр
narkolog-na-dom,Нарколог на дом,нарколог,metro,Ясенево,yasenevo,core-215,нарколог ясенево
narkolog-na-dom,Нарколог на дом,нарколог,metro,Ясенево,yasenevo,core-215,нарколог метро ясенево
narkolog-na-dom,Нарколог на дом,нарколог,metro,Юго-Западная,yugo-zapadnaya,core-215,нарколог юго-западная
narkolog-na-dom,Нарколог на дом,нарколог,metro,Юго-Западная,yugo-zapadnaya,core-215,нарколог метро юго-западная
narkolog-na-dom,Нарколог на дом,нарколог,metro,Южная,yuzhnaya,core-215,нарколог южная
narkolog-na-dom,Нарколог на дом,нарколог,metro,Южная,yuzhnaya,core-215,нарколог метро южная
narkolog-na-dom,Нарколог на дом,нарколог,metro,Жулебино,zhulebino,core-215,нарколог жулебино
narkolog-na-dom,Нарколог на дом,нарколог,metro,Жулебино,zhulebino,core-215,нарколог метро жулебино
narkolog-na-dom,Нарколог на дом,нарколог,metro,ЗИЛ,zil,core-215,нарколог зил
narkolog-na-dom,Нарколог на дом,нарколог,metro,ЗИЛ,zil,core-215,нарколог метро зил
narkolog-na-dom,Нарколог на дом,нарколог,metro,Зорге,zorge,core-215,нарколог зорге
narkolog-na-dom,Нарколог на дом,нарколог,metro,Зорге,zorge,core-215,нарколог метро зорге
narkolog-na-dom,Нарколог на дом,нарколог,metro,Зябликово,zyablikovo,core-215,нарколог зябликово
narkolog-na-dom,Нарколог на дом,нарколог,metro,Зябликово,zyablikovo,core-215,нарколог метро зябликово
narkolog-na-dom,Нарколог на дом,нарколог,okrug,ЦАО,cao,core-12,нарколог цао
narkolog-na-dom,Нарколог на дом,нарколог,okrug,САО,sao,core-12,нарколог сао
narkolog-na-dom,Нарколог на дом,нарколог,okrug,СВАО,svao,core-12,нарколог свао
narkolog-na-dom,Нарколог на дом,нарколог,okrug,ВАО,vao,core-12,нарколог вао
narkolog-na-dom,Нарколог на дом,нарколог,okrug,ЮВАО,yuvao,core-12,нарколог ювао
narkolog-na-dom,Нарколог на дом,нарколог,okrug,ЮАО,yuao,core-12,нарколог юао
narkolog-na-dom,Нарколог на дом,нарколог,okrug,ЮЗАО,yuzao,core-12,нарколог юзао
narkolog-na-dom,Нарколог на дом,нарколог,okrug,ЗАО,zao,core-12,нарколог зао
narkolog-na-dom,Нарколог на дом,нарколог,okrug,СЗАО,szao,core-12,нарколог сзао
narkolog-na-dom,Нарколог на дом,нарколог,okrug,ЗелАО,zelao,core-12,нарколог зелао
narkolog-na-dom,Нарколог на дом,нарколог,okrug,НАО,nao,core-12,нарколог нао
narkolog-na-dom,Нарколог на дом,нарколог,okrug,ТАО,tao,core-12,нарколог тао
narkolog-na-dom,Нарколог на дом,нарколог,mo,Балашиха,balashiha,tier-1,нарколог балашиха
narkolog-na-dom,Нарколог на дом,нарколог,mo,Подольск,podolsk,tier-1,нарколог подольск
narkolog-na-dom,Нарколог на дом,нарколог,mo,Химки,himki,tier-1,нарколог химки
narkolog-na-dom,Нарколог на дом,нарколог,mo,Мытищи,mytishchi,tier-1,нарколог мытищи
narkolog-na-dom,Нарколог на дом,нарколог,mo,Королёв,korolev,tier-1,нарколог королёв
narkolog-na-dom,Нарколог на дом,нарколог,mo,Люберцы,lyubertsy,tier-1,нарколог люберцы
narkolog-na-dom,Нарколог на дом,нарколог,mo,Красногорск,krasnogorsk,tier-1,нарколог красногорск
narkolog-na-dom,Нарколог на дом,нарколог,mo,Электросталь,elektrostal,tier-1,нарколог электросталь
narkolog-na-dom,Нарколог на дом,нарколог,mo,Коломна,kolomna,tier-1,нарколог коломна
narkolog-na-dom,Нарколог на дом,нарколог,mo,Одинцово,odincovo,tier-1,нарколог одинцово
narkolog-na-dom,Нарколог на дом,нарколог,mo,Домодедово,domodedovo,tier-1,нарколог домодедово
narkolog-na-dom,Нарколог на дом,нарколог,mo,Щёлково,shchelkovo,tier-1,нарколог щёлково
narkolog-na-dom,Нарколог на дом,нарколог,mo,Серпухов,serpuhov,tier-1,нарколог серпухов
narkolog-na-dom,Нарколог на дом,нарколог,mo,Раменское,ramenskoe,tier-1,нарколог раменское
narkolog-na-dom,Нарколог на дом,нарколог,mo,Долгопрудный,dolgoprudnyj,tier-1,нарколог долгопрудный
narkolog-na-dom,Нарколог на дом,нарколог,mo,Пушкино,pushkino,tier-1,нарколог пушкино
narkolog-na-dom,Нарколог на дом,нарколог,mo,Реутов,reutov,tier-1,нарколог реутов
narkolog-na-dom,Нарколог на дом,нарколог,mo,Жуковский,zhukovskij,tier-1,нарколог жуковский
narkolog-na-dom,Нарколог на дом,нарколог,mo,Ногинск,noginsk,tier-1,нарколог ногинск
narkolog-na-dom,Нарколог на дом,нарколог,mo,Сергиев Посад,sergiev-posad,tier-1,нарколог сергиев посад
narkolog-na-dom,Нарколог на дом,нарколог,mo,Воскресенск,voskresensk,tier-1,нарколог воскресенск
narkolog-na-dom,Нарколог на дом,нарколог,mo,Орехово-Зуево,orehovo-zuevo,tier-1,нарколог орехово-зуево
narkolog-na-dom,Нарколог на дом,нарколог,mo,Павловский Посад,pavlovskij-posad,tier-1,нарколог павловский посад
narkolog-na-dom,Нарколог на дом,нарколог,mo,Лобня,lobnya,tier-1,нарколог лобня
narkolog-na-dom,Нарколог на дом,нарколог,mo,Ивантеевка,ivanteevka,tier-1,нарколог ивантеевка
narkolog-na-dom,Нарколог на дом,нарколог,mo,Клин,klin,tier-1,нарколог клин
narkolog-na-dom,Нарколог на дом,нарколог,mo,Егорьевск,egorevsk,tier-1,нарколог егорьевск
narkolog-na-dom,Нарколог на дом,нарколог,mo,Дмитров,dmitrov,tier-1,нарколог дмитров
narkolog-na-dom,Нарколог на дом,нарколог,mo,Чехов,chehov,tier-1,нарколог чехов
narkolog-na-dom,Нарколог на дом,нарколог,mo,Наро-Фоминск,naro-fominsk,tier-1,нарколог наро-фоминск
narkolog-na-dom,Нарколог на дом,нарколог,mo,Ступино,stupino,tier-2,нарколог ступино
narkolog-na-dom,Нарколог на дом,нарколог,mo,Видное,vidnoe,tier-2,нарколог видное
narkolog-na-dom,Нарколог на дом,нарколог,mo,Фрязино,fryazino,tier-2,нарколог фрязино
narkolog-na-dom,Нарколог на дом,нарколог,mo,Лыткарино,lytkarino,tier-2,нарколог лыткарино
narkolog-na-dom,Нарколог на дом,нарколог,mo,Дзержинский,dzerzhinskij,tier-2,нарколог дзержинский
narkolog-na-dom,Нарколог на дом,нарколог,mo,Котельники,kotelniki,tier-2,нарколог котельники
narkolog-na-dom,Нарколог на дом,нарколог,mo,Истра,istra,tier-2,нарколог истра
narkolog-na-dom,Нарколог на дом,нарколог,mo,Дедовск,dedovsk,tier-2,нарколог дедовск
narkolog-na-dom,Нарколог на дом,нарколог,mo,Солнечногорск,solnechnogorsk,tier-2,нарколог солнечногорск
narkolog-na-dom,Нарколог на дом,нарколог,mo,Апрелевка,aprelevka,tier-2,нарколог апрелевка
narkolog-na-dom,Нарколог на дом,нарколог,mo,Кубинка,kubinka,tier-2,нарколог кубинка
narkolog-na-dom,Нарколог на дом,нарколог,mo,Руза,ruza,tier-2,нарколог руза
narkolog-na-dom,Нарколог на дом,нарколог,mo,Звенигород,zvenigorod,tier-2,нарколог звенигород
narkolog-na-dom,Нарколог на дом,нарколог,mo,Можайск,mozhajsk,tier-2,нарколог можайск
narkolog-na-dom,Нарколог на дом,нарколог,mo,Луховицы,luhovicy,tier-2,нарколог луховицы
narkolog-na-dom,Нарколог на дом,нарколог,mo,Кашира,kashira,tier-2,нарколог кашира
narkolog-na-dom,Нарколог на дом,нарколог,mo,Протвино,protvino,tier-2,нарколог протвино
narkolog-na-dom,Нарколог на дом,нарколог,mo,Дубна,dubna,tier-2,нарколог дубна
narkolog-na-dom,Нарколог на дом,нарколог,mo,Черноголовка,chernogolovka,tier-2,нарколог черноголовка
narkolog-na-dom,Нарколог на дом,нарколог,mo,Волоколамск,volokolamsk,tier-2,нарколог волоколамск
vyvod-iz-zapoya,Вывод из запоя,вывод из запоя,metro,Аэропорт,aeroport,core-215,вывод из запоя аэропорт
vyvod-iz-zapoya,Вывод из запоя,вывод из запоя,metro,Аэропорт,aeroport,core-215,вывод из запоя метро аэропорт
vyvod-iz-zapoya,Вывод из запоя,вывод из запоя,metro,Александровский сад,aleksandrovskij-sad,core-215,вывод из запоя александровский сад
vyvod-iz-zapoya,Вывод из запоя,вывод из запоя,metro,Александровский сад,aleksandrovskij-sad,core-215,вывод из запоя метро александровский сад
vyvod-iz-zapoya,Вывод из запоя,вывод из запоя,metro,Алексеевская,alekseevskaya,core-215,вывод из запоя алексеевская
vyvod-iz-zapoya,Вывод из запоя,вывод из запоя,metro,Алексеевская,alekseevskaya,core-215,вывод из запоя метро алексеевская
vyvod-iz-zapoya,Вывод из запоя,вывод из запоя,metro,Алма-Атинская,alma-atinskaya,core-215,вывод из запоя алма-атинская
vyvod-iz-zapoya,Вывод из запоя,вывод из запоя,metro,Алма-Атинская,alma-atinskaya,core-215,вывод из запоя метро алма-атинская
vyvod-iz-zapoya,Вывод из запоя,вывод из запоя,metro,Алтуфьево,altufevo,core-215,вывод из запоя алтуфьево
vyvod-iz-zapoya,Вывод из запоя,вывод из запоя,metro,Алтуфьево,altufevo,core-215,вывод из запоя метро алтуфьево
vyvod-iz-zapoya,Вывод из запоя,вывод из запоя,metro,Андроновка,andronovka,core-215,вывод из запоя андроновка
vyvod-iz-zapoya,Вывод из запоя,вывод из запоя,metro,Андроновка,andronovka,core-215,вывод из запоя метро андроновка
vyvod-iz-zapoya,Вывод из запоя,вывод из запоя,metro,Аннино,annino,core-215,вывод из запоя аннино
vyvod-iz-zapoya,Вывод из запоя,вывод из запоя,metro,Аннино,annino,core-215,вывод из запоя метро аннино
vyvod-iz-zapoya,Вывод из запоя,вывод из запоя,metro,Арбатская,arbatskaya,core-215,вывод из запоя арбатская
vyvod-iz-zapoya,Вывод из запоя,вывод из запоя,metro,Арбатская,arbatskaya,core-215,вывод из запоя метро арбатская
vyvod-iz-zapoya,Вывод из запоя,вывод из запоя,metro,Авиамоторная,aviamotornaya,core-215,вывод из запоя авиамоторная
vyvod-iz-zapoya,Вывод из запоя,вывод из запоя,metro,Авиамоторная,aviamotornaya,core-215,вывод из запоя метро авиамоторная
vyvod-iz-zapoya,Вывод из запоя,вывод из запоя,metro,Автозаводская,avtozavodskaya,core-215,вывод из запоя автозаводская
vyvod-iz-zapoya,Вывод из запоя,вывод из запоя,metro,Автозаводская,avtozavodskaya,core-215,вывод из запоя метро автозаводская
vyvod-iz-zapoya,Вывод из запоя,вывод из запоя,metro,Бабушкинская,babushkinskaya,core-215,вывод из запоя бабушкинская
vyvod-iz-zapoya,Вывод из запоя,вывод из запоя,metro,Бабушкинская,babushkinskaya,core-215,вывод из запоя метро бабушкинская
vyvod-iz-zapoya,Вывод из запоя,вывод из запоя,metro,Багратионовская,bagrationovskaya,core-215,вывод из запоя багратионовская
vyvod-iz-zapoya,Вывод из запоя,вывод из запоя,metro,Багратионовская,bagrationovskaya,core-215,вывод из запоя метро багратионовская
vyvod-iz-zapoya,Вывод из запоя,вывод из запоя,metro,Балтийская,baltijskaya,core-215,вывод из запоя балтийская
vyvod-iz-zapoya,Вывод из запоя,вывод из запоя,metro,Балтийская,baltijskaya,core-215,вывод из запоя метро балтийская
vyvod-iz-zapoya,Вывод из запоя,вывод из запоя,metro,Баррикадная,barrikadnaya,core-215,вывод из запоя баррикадная
vyvod-iz-zapoya,Вывод из запоя,вывод из запоя,metro,Баррикадная,barrikadnaya,core-215,вывод из запоя метро баррикадная
vyvod-iz-zapoya,Вывод из запоя,вывод из запоя,metro,Бауманская,baumanskaya,core-215,вывод из запоя бауманская
vyvod-iz-zapoya,Вывод из запоя,вывод из запоя,metro,Бауманская,baumanskaya,core-215,вывод из запоя метро бауманская
vyvod-iz-zapoya,Вывод из запоя,вывод из запоя,metro,Беговая,begovaya,core-215,вывод из запоя беговая
vyvod-iz-zapoya,Вывод из запоя,вывод из запоя,metro,Беговая,begovaya,core-215,вывод из запоя метро беговая
vyvod-iz-zapoya,Вывод из запоя,вывод из запоя,metro,Белокаменная,belokamennaya,core-215,вывод из запоя белокаменная
vyvod-iz-zapoya,Вывод из запоя,вывод из запоя,metro,Белокаменная,belokamennaya,core-215,вывод из запоя метро белокаменная
vyvod-iz-zapoya,Вывод из запоя,вывод из запоя,metro,Белорусская,belorusskaya,core-215,вывод из запоя белорусская
vyvod-iz-zapoya,Вывод из запоя,вывод из запоя,metro,Белорусская,belorusskaya,core-215,вывод из запоя метро белорусская
vyvod-iz-zapoya,Вывод из запоя,вывод из запоя,metro,Беляево,belyaevo,core-215,вывод из запоя беляево
vyvod-iz-zapoya,Вывод из запоя,вывод из запоя,metro,Беляево,belyaevo,core-215,вывод из запоя метро беляево
vyvod-iz-zapoya,Вывод из запоя,вывод из запоя,metro,Бибирево,bibirevo,core-215,вывод из запоя бибирево
vyvod-iz-zapoya,Вывод из запоя,вывод из запоя,metro,Бибирево,bibirevo,core-215,вывод из запоя метро бибирево
vyvod-iz-zapoya,Вывод из запоя,вывод из запоя,metro,Библиотека имени Ленина,biblioteka-imeni-lenina,core-215,вывод из запоя библиотека имени ленина
vyvod-iz-zapoya,Вывод из запоя,вывод из запоя,metro,Библиотека имени Ленина,biblioteka-imeni-lenina,core-215,вывод из запоя метро библиотека имени ленина
vyvod-iz-zapoya,Вывод из запоя,вывод из запоя,metro,Битцевский парк,bitcevskij-park,core-215,вывод из запоя битцевский парк
vyvod-iz-zapoya,Вывод из запоя,вывод из запоя,metro,Битцевский парк,bitcevskij-park,core-215,вывод из запоя метро битцевский парк
vyvod-iz-zapoya,Вывод из запоя,вывод из запоя,metro,Борисово,borisovo,core-215,вывод из запоя борисово
vyvod-iz-zapoya,Вывод из запоя,вывод из запоя,metro,Борисово,borisovo,core-215,вывод из запоя метро борисово
vyvod-iz-zapoya,Вывод из запоя,вывод из запоя,metro,Боровицкая,borovickaya,core-215,вывод из запоя боровицкая
vyvod-iz-zapoya,Вывод из запоя,вывод из запоя,metro,Боровицкая,borovickaya,core-215,вывод из запоя метро боровицкая
vyvod-iz-zapoya,Вывод из запоя,вывод из запоя,metro,Ботанический сад,botanicheskij-sad,core-215,вывод из запоя ботанический сад
vyvod-iz-zapoya,Вывод из запоя,вывод из запоя,metro,Ботанический сад,botanicheskij-sad,core-215,вывод из запоя метро ботанический сад
vyvod-iz-zapoya,Вывод из запоя,вывод из запоя,metro,Братиславская,bratislavskaya,core-215,вывод из запоя братиславская
vyvod-iz-zapoya,Вывод из запоя,вывод из запоя,metro,Братиславская,bratislavskaya,core-215,вывод из запоя метро братиславская
vyvod-iz-zapoya,Вывод из запоя,вывод из запоя,metro,Бульвар Адмирала Ушакова,bulvar-admirala-ushakova,core-215,вывод из запоя бульвар адмирала ушакова
vyvod-iz-zapoya,Вывод из запоя,вывод из запоя,metro,Бульвар Адмирала Ушакова,bulvar-admirala-ushakova,core-215,вывод из запоя метро бульвар адмирала ушакова
vyvod-iz-zapoya,Вывод из запоя,вывод из запоя,metro,Бульвар Рокоссовского,bulvar-rokossovskogo,core-215,вывод из запоя бульвар рокоссовского
vyvod-iz-zapoya,Вывод из запоя,вывод из запоя,metro,Бульвар Рокоссовского,bulvar-rokossovskogo,core-215,вывод из запоя метро бульвар рокоссовского
vyvod-iz-zapoya,Вывод из запоя,вывод из запоя,metro,Бунинская аллея,buninskaya-alleya,core-215,вывод из запоя бунинская аллея
vyvod-iz-zapoya,Вывод из запоя,вывод из запоя,metro,Бунинская аллея,buninskaya-alleya,core-215,вывод из запоя метро бунинская аллея
vyvod-iz-zapoya,Вывод из запоя,вывод из запоя,metro,Бутырская,butyrskaya,core-215,вывод из запоя бутырская
vyvod-iz-zapoya,Вывод из запоя,вывод из запоя,metro,Бутырская,butyrskaya,core-215,вывод из запоя метро бутырская
vyvod-iz-zapoya,Вывод из запоя,вывод из запоя,metro,Чеховская,chehovskaya,core-215,вывод из запоя чеховская
vyvod-iz-zapoya,Вывод из запоя,вывод из запоя,metro,Чеховская,chehovskaya,core-215,вывод из запоя метро чеховская
vyvod-iz-zapoya,Вывод из запоя,вывод из запоя,metro,Черкизовская,cherkizovskaya,core-215,вывод из запоя черкизовская
vyvod-iz-zapoya,Вывод из запоя,вывод из запоя,metro,Черкизовская,cherkizovskaya,core-215,вывод из запоя метро черкизовская
vyvod-iz-zapoya,Вывод из запоя,вывод из запоя,metro,Чертановская,chertanovskaya,core-215,вывод из запоя чертановская
vyvod-iz-zapoya,Вывод из запоя,вывод из запоя,metro,Чертановская,chertanovskaya,core-215,вывод из запоя метро чертановская
vyvod-iz-zapoya,Вывод из запоя,вывод из запоя,metro,Чистые пруды,chistye-prudy,core-215,вывод из запоя чистые пруды
vyvod-iz-zapoya,Вывод из запоя,вывод из запоя,metro,Чистые пруды,chistye-prudy,core-215,вывод из запоя метро чистые пруды
vyvod-iz-zapoya,Вывод из запоя,вывод из запоя,metro,Чкаловская,chkalovskaya,core-215,вывод из запоя чкаловская
vyvod-iz-zapoya,Вывод из запоя,вывод из запоя,metro,Чкаловская,chkalovskaya,core-215,вывод из запоя метро чкаловская
vyvod-iz-zapoya,Вывод из запоя,вывод из запоя,metro,Царицыно,caricyno,core-215,вывод из запоя царицыно
vyvod-iz-zapoya,Вывод из запоя,вывод из запоя,metro,Царицыно,caricyno,core-215,вывод из запоя метро царицыно
vyvod-iz-zapoya,Вывод из запоя,вывод из запоя,metro,ЦСКА,cska,core-215,вывод из запоя цска
vyvod-iz-zapoya,Вывод из запоя,вывод из запоя,metro,ЦСКА,cska,core-215,вывод из запоя метро цска
vyvod-iz-zapoya,Вывод из запоя,вывод из запоя,metro,Цветной бульвар,cvetnoj-bulvar,core-215,вывод из запоя цветной бульвар
vyvod-iz-zapoya,Вывод из запоя,вывод из запоя,metro,Цветной бульвар,cvetnoj-bulvar,core-215,вывод из запоя метро цветной бульвар
vyvod-iz-zapoya,Вывод из запоя,вывод из запоя,metro,Деловой центр,delovoj-centr,core-215,вывод из запоя деловой центр
vyvod-iz-zapoya,Вывод из запоя,вывод из запоя,metro,Деловой центр,delovoj-centr,core-215,вывод из запоя метро деловой центр
vyvod-iz-zapoya,Вывод из запоя,вывод из запоя,metro,Динамо,dinamo,core-215,вывод из запоя динамо
vyvod-iz-zapoya,Вывод из запоя,вывод из запоя,metro,Динамо,dinamo,core-215,вывод из запоя метро динамо
vyvod-iz-zapoya,Вывод из запоя,вывод из запоя,metro,Дмитровская,dmitrovskaya,core-215,вывод из запоя дмитровская
vyvod-iz-zapoya,Вывод из запоя,вывод из запоя,metro,Дмитровская,dmitrovskaya,core-215,вывод из запоя метро дмитровская
vyvod-iz-zapoya,Вывод из запоя,вывод из запоя,metro,Добрынинская,dobryninskaya,core-215,вывод из запоя добрынинская
vyvod-iz-zapoya,Вывод из запоя,вывод из запоя,metro,Добрынинская,dobryninskaya,core-215,вывод из запоя метро добрынинская
vyvod-iz-zapoya,Вывод из запоя,вывод из запоя,metro,Домодедовская,domodedovskaya,core-215,вывод из запоя домодедовская
vyvod-iz-zapoya,Вывод из запоя,вывод из запоя,metro,Домодедовская,domodedovskaya,core-215,вывод из запоя метро домодедовская
vyvod-iz-zapoya,Вывод из запоя,вывод из запоя,metro,Достоевская,dostoevskaya,core-215,вывод из запоя достоевская
vyvod-iz-zapoya,Вывод из запоя,вывод из запоя,metro,Достоевская,dostoevskaya,core-215,вывод из запоя метро достоевская
vyvod-iz-zapoya,Вывод из запоя,вывод из запоя,metro,Электрозаводская,elektrozavodskaya,core-215,вывод из запоя электрозаводская
vyvod-iz-zapoya,Вывод из запоя,вывод из запоя,metro,Электрозаводская,elektrozavodskaya,core-215,вывод из запоя метро электрозаводская
vyvod-iz-zapoya,Вывод из запоя,вывод из запоя,metro,Филёвский парк,filevskij-park,core-215,вывод из запоя филёвский парк
vyvod-iz-zapoya,Вывод из запоя,вывод из запоя,metro,Филёвский парк,filevskij-park,core-215,вывод из запоя метро филёвский парк
vyvod-iz-zapoya,Вывод из запоя,вывод из запоя,metro,Фили,fili,core-215,вывод из запоя фили
vyvod-iz-zapoya,Вывод из запоя,вывод из запоя,metro,Фили,fili,core-215,вывод из запоя метро фили
vyvod-iz-zapoya,Вывод из запоя,вывод из запоя,metro,Фонвизинская,fonvizinskaya,core-215,вывод из запоя фонвизинская
vyvod-iz-zapoya,Вывод из запоя,вывод из запоя,metro,Фонвизинская,fonvizinskaya,core-215,вывод из запоя метро фонвизинская
vyvod-iz-zapoya,Вывод из запоя,вывод из запоя,metro,Фрунзенская,frunzenskaya,core-215,вывод из запоя фрунзенская
vyvod-iz-zapoya,Вывод из запоя,вывод из запоя,metro,Фрунзенская,frunzenskaya,core-215,вывод из запоя метро фрунзенская
vyvod-iz-zapoya,Вывод из запоя,вывод из запоя,metro,Хорошёвская,horoshevskaya,core-215,вывод из запоя хорошёвская
vyvod-iz-zapoya,Вывод из запоя,вывод из запоя,metro,Хорошёвская,horoshevskaya,core-215,вывод из запоя метро хорошёвская
vyvod-iz-zapoya,Вывод из запоя,вывод из запоя,metro,Ховрино,hovrino,core-215,вывод из запоя ховрино
vyvod-iz-zapoya,Вывод из запоя,вывод из запоя,metro,Ховрино,hovrino,core-215,вывод из запоя метро ховрино
vyvod-iz-zapoya,Вывод из запоя,вывод из запоя,metro,Измайловская,izmajlovskaya,core-215,вывод из запоя измайловская
vyvod-iz-zapoya,Вывод из запоя,вывод из запоя,metro,Измайловская,izmajlovskaya,core-215,вывод из запоя метро измайловская
vyvod-iz-zapoya,Вывод из запоя,вывод из запоя,metro,Каховская,kahovskaya,core-215,вывод из запоя каховская
vyvod-iz-zapoya,Вывод из запоя,вывод из запоя,metro,Каховская,kahovskaya,core-215,вывод из запоя метро каховская
vyvod-iz-zapoya,Вывод из запоя,вывод из запоя,metro,Калужская,kaluzhskaya,core-215,вывод из запоя калужская
vyvod-iz-zapoya,Вывод из запоя,вывод из запоя,metro,Калужская,kaluzhskaya,core-215,вывод из запоя метро калужская
vyvod-iz-zapoya,Вывод из запоя,вывод из запоя,metro,Кантемировская,kantemirovskaya,core-215,вывод из запоя кантемировская
vyvod-iz-zapoya,Вывод из запоя,вывод из запоя,metro,Кантемировская,kantemirovskaya,core-215,вывод из запоя метро кантемировская
vyvod-iz-zapoya,Вывод из запоя,вывод из запоя,metro,Каширская,kashirskaya,core-215,вывод из запоя каширская
vyvod-iz-zapoya,Вывод из запоя,вывод из запоя,metro,Каширская,kashirskaya,core-215,вывод из запоя метро каширская
vyvod-iz-zapoya,Вывод из запоя,вывод из запоя,metro,Киевская,kievskaya,core-215,вывод из запоя киевская
vyvod-iz-zapoya,Вывод из запоя,вывод из запоя,metro,Киевская,kievskaya,core-215,вывод из запоя метро киевская
vyvod-iz-zapoya,Вывод из запоя,вывод из запоя,metro,Китай-город,kitaj-gorod,core-215,вывод из запоя китай-город
vyvod-iz-zapoya,Вывод из запоя,вывод из запоя,metro,Китай-город,kitaj-gorod,core-215,вывод из запоя метро китай-город
vyvod-iz-zapoya,Вывод из запоя,вывод из запоя,metro,Коломенская,kolomenskaya,core-215,вывод из запоя коломенская
vyvod-iz-zapoya,Вывод из запоя,вывод из запоя,metro,Коломенская,kolomenskaya,core-215,вывод из запоя метро коломенская
vyvod-iz-zapoya,Вывод из запоя,вывод из запоя,metro,Комсомольская,komsomolskaya,core-215,вывод из запоя комсомольская
vyvod-iz-zapoya,Вывод из запоя,вывод из запоя,metro,Комсомольская,komsomolskaya,core-215,вывод из запоя метро комсомольская
vyvod-iz-zapoya,Вывод из запоя,вывод из запоя,metro,Коньково,konkovo,core-215,вывод из запоя коньково
vyvod-iz-zapoya,Вывод из запоя,вывод из запоя,metro,Коньково,konkovo,core-215,вывод из запоя метро коньково
vyvod-iz-zapoya,Вывод из запоя,вывод из запоя,metro,Коптево,koptevo,core-215,вывод из запоя коптево
vyvod-iz-zapoya,Вывод из запоя,вывод из запоя,metro,Коптево,koptevo,core-215,вывод из запоя метро коптево
vyvod-iz-zapoya,Вывод из запоя,вывод из запоя,metro,Котельники,kotelniki,core-215,вывод из запоя котельники
vyvod-iz-zapoya,Вывод из запоя,вывод из запоя,metro,Котельники,kotelniki,core-215,вывод из запоя метро котельники
vyvod-iz-zapoya,Вывод из запоя,вывод из запоя,metro,Кожуховская,kozhuhovskaya,core-215,вывод из запоя кожуховская
vyvod-iz-zapoya,Вывод из запоя,вывод из запоя,metro,Кожуховская,kozhuhovskaya,core-215,вывод из запоя метро кожуховская
vyvod-iz-zapoya,Вывод из запоя,вывод из запоя,metro,Красногвардейская,krasnogvardejskaya,core-215,вывод из запоя красногвардейская
vyvod-iz-zapoya,Вывод из запоя,вывод из запоя,metro,Красногвардейская,krasnogvardejskaya,core-215,вывод из запоя метро красногвардейская
vyvod-iz-zapoya,Вывод из запоя,вывод из запоя,metro,Краснопресненская,krasnopresnenskaya,core-215,вывод из запоя краснопресненская
vyvod-iz-zapoya,Вывод из запоя,вывод из запоя,metro,Краснопресненская,krasnopresnenskaya,core-215,вывод из запоя метро краснопресненская
vyvod-iz-zapoya,Вывод из запоя,вывод из запоя,metro,Красносельская,krasnoselskaya,core-215,вывод из запоя красносельская
vyvod-iz-zapoya,Вывод из запоя,вывод из запоя,metro,Красносельская,krasnoselskaya,core-215,вывод из запоя метро красносельская
vyvod-iz-zapoya,Вывод из запоя,вывод из запоя,metro,Красные ворота,krasnye-vorota,core-215,вывод из запоя красные ворота
vyvod-iz-zapoya,Вывод из запоя,вывод из запоя,metro,Красные ворота,krasnye-vorota,core-215,вывод из запоя метро красные ворота
vyvod-iz-zapoya,Вывод из запоя,вывод из запоя,metro,Крестьянская застава,krestyanskaya-zastava,core-215,вывод из запоя крестьянская застава
vyvod-iz-zapoya,Вывод из запоя,вывод из запоя,metro,Крестьянская застава,krestyanskaya-zastava,core-215,вывод из запоя метро крестьянская застава
vyvod-iz-zapoya,Вывод из запоя,вывод из запоя,metro,Кропоткинская,kropotkinskaya,core-215,вывод из запоя кропоткинская
vyvod-iz-zapoya,Вывод из запоя,вывод из запоя,metro,Кропоткинская,kropotkinskaya,core-215,вывод из запоя метро кропоткинская
vyvod-iz-zapoya,Вывод из запоя,вывод из запоя,metro,Крылатское,krylatskoe,core-215,вывод из запоя крылатское
vyvod-iz-zapoya,Вывод из запоя,вывод из запоя,metro,Крылатское,krylatskoe,core-215,вывод из запоя метро крылатское
vyvod-iz-zapoya,Вывод из запоя,вывод из запоя,metro,Крымская,krymskaya,core-215,вывод из запоя крымская
vyvod-iz-zapoya,Вывод из запоя,вывод из запоя,metro,Крымская,krymskaya,core-215,вывод из запоя метро крымская
vyvod-iz-zapoya,Вывод из запоя,вывод из запоя,metro,Кунцевская,kuncevskaya,core-215,вывод из запоя кунцевская
vyvod-iz-zapoya,Вывод из запоя,вывод из запоя,metro,Кунцевская,kuncevskaya,core-215,вывод из запоя метро кунцевская
vyvod-iz-zapoya,Вывод из запоя,вывод из запоя,metro,Курская,kurskaya,core-215,вывод из запоя курская
vyvod-iz-zapoya,Вывод из запоя,вывод из запоя,metro,Курская,kurskaya,core-215,вывод из запоя метро курская
vyvod-iz-zapoya,Вывод из запоя,вывод из запоя,metro,Кутузовская,kutuzovskaya,core-215,вывод из запоя кутузовская
vyvod-iz-zapoya,Вывод из запоя,вывод из запоя,metro,Кутузовская,kutuzovskaya,core-215,вывод из запоя метро кутузовская
vyvod-iz-zapoya,Вывод из запоя,вывод из запоя,metro,Кузьминки,kuzminki,core-215,вывод из запоя кузьминки
vyvod-iz-zapoya,Вывод из запоя,вывод из запоя,metro,Кузьминки,kuzminki,core-215,вывод из запоя метро кузьминки
vyvod-iz-zapoya,Вывод из запоя,вывод из запоя,metro,Кузнецкий мост,kuzneckij-most,core-215,вывод из запоя кузнецкий мост
vyvod-iz-zapoya,Вывод из запоя,вывод из запоя,metro,Кузнецкий мост,kuzneckij-most,core-215,вывод из запоя метро кузнецкий мост
vyvod-iz-zapoya,Вывод из запоя,вывод из запоя,metro,Ленинский проспект,leninskij-prospekt,core-215,вывод из запоя ленинский проспект
vyvod-iz-zapoya,Вывод из запоя,вывод из запоя,metro,Ленинский проспект,leninskij-prospekt,core-215,вывод из запоя метро ленинский проспект
vyvod-iz-zapoya,Вывод из запоя,вывод из запоя,metro,Лермонтовский проспект,lermontovskij-prospekt,core-215,вывод из запоя лермонтовский проспект
vyvod-iz-zapoya,Вывод из запоя,вывод из запоя,metro,Лермонтовский проспект,lermontovskij-prospekt,core-215,вывод из запоя метро лермонтовский проспект
vyvod-iz-zapoya,Вывод из запоя,вывод из запоя,metro,Лесопарковая,lesoparkovaya,core-215,вывод из запоя лесопарковая
vyvod-iz-zapoya,Вывод из запоя,вывод из запоя,metro,Лесопарковая,lesoparkovaya,core-215,вывод из запоя метро лесопарковая
vyvod-iz-zapoya,Вывод из запоя,вывод из запоя,metro,Лихоборы,lihobory,core-215,вывод из запоя лихоборы
vyvod-iz-zapoya,Вывод из запоя,вывод из запоя,metro,Лихоборы,lihobory,core-215,вывод из запоя метро лихоборы
vyvod-iz-zapoya,Вывод из запоя,вывод из запоя,metro,Локомотив,lokomotiv,core-215,вывод из запоя локомотив
vyvod-iz-zapoya,Вывод из запоя,вывод из запоя,metro,Локомотив,lokomotiv,core-215,вывод из запоя метро локомотив
vyvod-iz-zapoya,Вывод из запоя,вывод из запоя,metro,Ломоносовский проспект,lomonosovskij-prospekt,core-215,вывод из запоя ломоносовский проспект
vyvod-iz-zapoya,Вывод из запоя,вывод из запоя,metro,Ломоносовский проспект,lomonosovskij-prospekt,core-215,вывод из запоя метро ломоносовский проспект
vyvod-iz-zapoya,Вывод из запоя,вывод из запоя,metro,Лубянка,lubyanka,core-215,вывод из запоя лубянка
vyvod-iz-zapoya,Вывод из запоя,вывод из запоя,metro,Лубянка,lubyanka,core-215,вывод из запоя метро лубянка
vyvod-iz-zapoya,Вывод из запоя,вывод из запоя,metro,Лужники,luzhniki,core-215,вывод из запоя лужники
vyvod-iz-zapoya,Вывод из запоя,вывод из запоя,metro,Лужники,luzhniki,core-215,вывод из запоя метро лужники
vyvod-iz-zapoya,Вывод из запоя,вывод из запоя,metro,Люблино,lyublino,core-215,вывод из запоя люблино
vyvod-iz-zapoya,Вывод из запоя,вывод из запоя,metro,Люблино,lyublino,core-215,вывод из запоя метро люблино
vyvod-iz-zapoya,Вывод из запоя,вывод из запоя,metro,Марьино,marino,core-215,вывод из запоя марьино
vyvod-iz-zapoya,Вывод из запоя,вывод из запоя,metro,Марьино,marino,core-215,вывод из запоя метро марьино
vyvod-iz-zapoya,Вывод из запоя,вывод из запоя,metro,Марьина Роща,marina-roshcha,core-215,вывод из запоя марьина роща
vyvod-iz-zapoya,Вывод из запоя,вывод из запоя,metro,Марьина Роща,marina-roshcha,core-215,вывод из запоя метро марьина роща
vyvod-iz-zapoya,Вывод из запоя,вывод из запоя,metro,Марксистская,marksistskaya,core-215,вывод из запоя марксистская
vyvod-iz-zapoya,Вывод из запоя,вывод из запоя,metro,Марксистская,marksistskaya,core-215,вывод из запоя метро марксистская
vyvod-iz-zapoya,Вывод из запоя,вывод из запоя,metro,Маяковская,mayakovskaya,core-215,вывод из запоя маяковская
vyvod-iz-zapoya,Вывод из запоя,вывод из запоя,metro,Маяковская,mayakovskaya,core-215,вывод из запоя метро маяковская
vyvod-iz-zapoya,Вывод из запоя,вывод из запоя,metro,Медведково,medvedkovo,core-215,вывод из запоя медведково
vyvod-iz-zapoya,Вывод из запоя,вывод из запоя,metro,Медведково,medvedkovo,core-215,вывод из запоя метро медведково
vyvod-iz-zapoya,Вывод из запоя,вывод из запоя,metro,Менделеевская,mendeleevskaya,core-215,вывод из запоя менделеевская
vyvod-iz-zapoya,Вывод из запоя,вывод из запоя,metro,Менделеевская,mendeleevskaya,core-215,вывод из запоя метро менделеевская
vyvod-iz-zapoya,Вывод из запоя,вывод из запоя,metro,Международная,mezhdunarodnaya,core-215,вывод из запоя международная
vyvod-iz-zapoya,Вывод из запоя,вывод из запоя,metro,Международная,mezhdunarodnaya,core-215,вывод из запоя метро международная
vyvod-iz-zapoya,Вывод из запоя,вывод из запоя,metro,Минская,minskaya,core-215,вывод из запоя минская
vyvod-iz-zapoya,Вывод из запоя,вывод из запоя,metro,Минская,minskaya,core-215,вывод из запоя метро минская
vyvod-iz-zapoya,Вывод из запоя,вывод из запоя,metro,Молодёжная,molodezhnaya,core-215,вывод из запоя молодёжная
vyvod-iz-zapoya,Вывод из запоя,вывод из запоя,metro,Молодёжная,molodezhnaya,core-215,вывод из запоя метро молодёжная
vyvod-iz-zapoya,Вывод из запоя,вывод из запоя,metro,Мякинино,myakinino,core-215,вывод из запоя мякинино
vyvod-iz-zapoya,Вывод из запоя,вывод из запоя,metro,Мякинино,myakinino,core-215,вывод из запоя метро мякинино
vyvod-iz-zapoya,Вывод из запоя,вывод из запоя,metro,Нагатинская,nagatinskaya,core-215,вывод из запоя нагатинская
vyvod-iz-zapoya,Вывод из запоя,вывод из запоя,metro,Нагатинская,nagatinskaya,core-215,вывод из запоя метро нагатинская
vyvod-iz-zapoya,Вывод из запоя,вывод из запоя,metro,Нагорная,nagornaya,core-215,вывод из запоя нагорная
vyvod-iz-zapoya,Вывод из запоя,вывод из запоя,metro,Нагорная,nagornaya,core-215,вывод из запоя метро нагорная
vyvod-iz-zapoya,Вывод из запоя,вывод из запоя,metro,Нахимовский проспект,nahimovskij-prospekt,core-215,вывод из запоя нахимовский проспект
vyvod-iz-zapoya,Вывод из запоя,вывод из запоя,metro,Нахимовский проспект,nahimovskij-prospekt,core-215,вывод из запоя метро нахимовский проспект
vyvod-iz-zapoya,Вывод из запоя,вывод из запоя,metro,Нижегородская,nizhegorodskaya,core-215,вывод из запоя нижегородская
vyvod-iz-zapoya,Вывод из запоя,вывод из запоя,metro,Нижегородская,nizhegorodskaya,core-215,вывод из запоя метро нижегородская
vyvod-iz-zapoya,Вывод из запоя,вывод из запоя,metro,Новогиреево,novogireevo,core-215,вывод из запоя новогиреево
vyvod-iz-zapoya,Вывод из запоя,вывод из запоя,metro,Новогиреево,novogireevo,core-215,вывод из запоя метро новогиреево
vyvod-iz-zapoya,Вывод из запоя,вывод из запоя,metro,Новохохловская,novohohlovskaya,core-215,вывод из запоя новохохловская
vyvod-iz-zapoya,Вывод из запоя,вывод из запоя,metro,Новохохловская,novohohlovskaya,core-215,вывод из запоя метро новохохловская
vyvod-iz-zapoya,Вывод из запоя,вывод из запоя,metro,Новокосино,novokosino,core-215,вывод из запоя новокосино
vyvod-iz-zapoya,Вывод из запоя,вывод из запоя,metro,Новокосино,novokosino,core-215,вывод из запоя метро новокосино
vyvod-iz-zapoya,Вывод из запоя,вывод из запоя,metro,Новокузнецкая,novokuzneckaya,core-215,вывод из запоя новокузнецкая
vyvod-iz-zapoya,Вывод из запоя,вывод из запоя,metro,Новокузнецкая,novokuzneckaya,core-215,вывод из запоя метро новокузнецкая
vyvod-iz-zapoya,Вывод из запоя,вывод из запоя,metro,Новослободская,novoslobodskaya,core-215,вывод из запоя новослободская
vyvod-iz-zapoya,Вывод из запоя,вывод из запоя,metro,Новослободская,novoslobodskaya,core-215,вывод из запоя метро новослободская
vyvod-iz-zapoya,Вывод из запоя,вывод из запоя,metro,Новоясеневская,novoyasenevskaya,core-215,вывод из запоя новоясеневская
vyvod-iz-zapoya,Вывод из запоя,вывод из запоя,metro,Новоясеневская,novoyasenevskaya,core-215,вывод из запоя метро новоясеневская
vyvod-iz-zapoya,Вывод из запоя,вывод из запоя,metro,Новые Черёмушки,novye-cheremushki,core-215,вывод из запоя новые черёмушки
vyvod-iz-zapoya,Вывод из запоя,вывод из запоя,metro,Новые Черёмушки,novye-cheremushki,core-215,вывод из запоя метро новые черёмушки
vyvod-iz-zapoya,Вывод из запоя,вывод из запоя,metro,Охотный Ряд,ohotnyj-ryad,core-215,вывод из запоя охотный ряд
vyvod-iz-zapoya,Вывод из запоя,вывод из запоя,metro,Охотный Ряд,ohotnyj-ryad,core-215,вывод из запоя метро охотный ряд
vyvod-iz-zapoya,Вывод из запоя,вывод из запоя,metro,Окружная,okruzhnaya,core-215,вывод из запоя окружная
vyvod-iz-zapoya,Вывод из запоя,вывод из запоя,metro,Окружная,okruzhnaya,core-215,вывод из запоя метро окружная
vyvod-iz-zapoya,Вывод из запоя,вывод из запоя,metro,Октябрьское Поле,oktyabrskoe-pole,core-215,вывод из запоя октябрьское поле
vyvod-iz-zapoya,Вывод из запоя,вывод из запоя,metro,Октябрьское Поле,oktyabrskoe-pole,core-215,вывод из запоя метро октябрьское поле
vyvod-iz-zapoya,Вывод из запоя,вывод из запоя,metro,Октябрьская,oktyabrskaya,core-215,вывод из запоя октябрьская
vyvod-iz-zapoya,Вывод из запоя,вывод из запоя,metro,Октябрьская,oktyabrskaya,core-215,вывод из запоя метро октябрьская
vyvod-iz-zapoya,Вывод из запоя,вывод из запоя,metro,Орехово,orehovo,core-215,вывод из запоя орехово
vyvod-iz-zapoya,Вывод из запоя,вывод из запоя,metro,Орехово,orehovo,core-215,вывод из запоя метро орехово
vyvod-iz-zapoya,Вывод из запоя,вывод из запоя,metro,Отрадное,otradnoe,core-215,вывод из запоя отрадное
vyvod-iz-zapoya,Вывод из запоя,вывод из запоя,metro,Отрадное,otradnoe,core-215,вывод из запоя метро отрадное
vyvod-iz-zapoya,Вывод из запоя,вывод из запоя,metro,Панфиловская,panfilovskaya,core-215,вывод из запоя панфиловская
vyvod-iz-zapoya,Вывод из запоя,вывод из запоя,metro,Панфиловская,panfilovskaya,core-215,вывод из запоя метро панфиловская
vyvod-iz-zapoya,Вывод из запоя,вывод из запоя,metro,Парк культуры,park-kultury,core-215,вывод из запоя парк культуры
vyvod-iz-zapoya,Вывод из запоя,вывод из запоя,metro,Парк культуры,park-kultury,core-215,вывод из запоя метро парк культуры
vyvod-iz-zapoya,Вывод из запоя,вывод из запоя,metro,Парк Победы,park-pobedy,core-215,вывод из запоя парк победы
vyvod-iz-zapoya,Вывод из запоя,вывод из запоя,metro,Парк Победы,park-pobedy,core-215,вывод из запоя метро парк победы
vyvod-iz-zapoya,Вывод из запоя,вывод из запоя,metro,Партизанская,partizanskaya,core-215,вывод из запоя партизанская
vyvod-iz-zapoya,Вывод из запоя,вывод из запоя,metro,Партизанская,partizanskaya,core-215,вывод из запоя метро партизанская
vyvod-iz-zapoya,Вывод из запоя,вывод из запоя,metro,Павелецкая,paveleckaya,core-215,вывод из запоя павелецкая
vyvod-iz-zapoya,Вывод из запоя,вывод из запоя,metro,Павелецкая,paveleckaya,core-215,вывод из запоя метро павелецкая
vyvod-iz-zapoya,Вывод из запоя,вывод из запоя,metro,Печатники,pechatniki,core-215,вывод из запоя печатники
vyvod-iz-zapoya,Вывод из запоя,вывод из запоя,metro,Печатники,pechatniki,core-215,вывод из запоя метро печатники
vyvod-iz-zapoya,Вывод из запоя,вывод из запоя,metro,Перово,perovo,core-215,вывод из запоя перово
vyvod-iz-zapoya,Вывод из запоя,вывод из запоя,metro,Перово,perovo,core-215,вывод из запоя метро перово
vyvod-iz-zapoya,Вывод из запоя,вывод из запоя,metro,Первомайская,pervomajskaya,core-215,вывод из запоя первомайская
vyvod-iz-zapoya,Вывод из запоя,вывод из запоя,metro,Первомайская,pervomajskaya,core-215,вывод из запоя метро первомайская
vyvod-iz-zapoya,Вывод из запоя,вывод из запоя,metro,Петровский парк,petrovskij-park,core-215,вывод из запоя петровский парк
vyvod-iz-zapoya,Вывод из запоя,вывод из запоя,metro,Петровский парк,petrovskij-park,core-215,вывод из запоя метро петровский парк
vyvod-iz-zapoya,Вывод из запоя,вывод из запоя,metro,Петровско-Разумовская,petrovsko-razumovskaya,core-215,вывод из запоя петровско-разумовская
vyvod-iz-zapoya,Вывод из запоя,вывод из запоя,metro,Петровско-Разумовская,petrovsko-razumovskaya,core-215,вывод из запоя метро петровско-разумовская
vyvod-iz-zapoya,Вывод из запоя,вывод из запоя,metro,Пионерская,pionerskaya,core-215,вывод из запоя пионерская
vyvod-iz-zapoya,Вывод из запоя,вывод из запоя,metro,Пионерская,pionerskaya,core-215,вывод из запоя метро пионерская
vyvod-iz-zapoya,Вывод из запоя,вывод из запоя,metro,Планерная,planernaya,core-215,вывод из запоя планерная
vyvod-iz-zapoya,Вывод из запоя,вывод из запоя,metro,Планерная,planernaya,core-215,вывод из запоя метро планерная
vyvod-iz-zapoya,Вывод из запоя,вывод из запоя,metro,Площадь Гагарина,ploshchad-gagarina,core-215,вывод из запоя площадь гагарина
vyvod-iz-zapoya,Вывод из запоя,вывод из запоя,metro,Площадь Гагарина,ploshchad-gagarina,core-215,вывод из запоя метро площадь гагарина
vyvod-iz-zapoya,Вывод из запоя,вывод из запоя,metro,Площадь Ильича,ploshchad-ilicha,core-215,вывод из запоя площадь ильича
vyvod-iz-zapoya,Вывод из запоя,вывод из запоя,metro,Площадь Ильича,ploshchad-ilicha,core-215,вывод из запоя метро площадь ильича
vyvod-iz-zapoya,Вывод из запоя,вывод из запоя,metro,Площадь Революции,ploshchad-revolyucii,core-215,вывод из запоя площадь революции
vyvod-iz-zapoya,Вывод из запоя,вывод из запоя,metro,Площадь Революции,ploshchad-revolyucii,core-215,вывод из запоя метро площадь революции
vyvod-iz-zapoya,Вывод из запоя,вывод из запоя,metro,Полежаевская,polezhaevskaya,core-215,вывод из запоя полежаевская
vyvod-iz-zapoya,Вывод из запоя,вывод из запоя,metro,Полежаевская,polezhaevskaya,core-215,вывод из запоя метро полежаевская
vyvod-iz-zapoya,Вывод из запоя,вывод из запоя,metro,Полянка,polyanka,core-215,вывод из запоя полянка
vyvod-iz-zapoya,Вывод из запоя,вывод из запоя,metro,Полянка,polyanka,core-215,вывод из запоя метро полянка
vyvod-iz-zapoya,Вывод из запоя,вывод из запоя,metro,Пражская,prazhskaya,core-215,вывод из запоя пражская
vyvod-iz-zapoya,Вывод из запоя,вывод из запоя,metro,Пражская,prazhskaya,core-215,вывод из запоя метро пражская
vyvod-iz-zapoya,Вывод из запоя,вывод из запоя,metro,Преображенская площадь,preobrazhenskaya-ploshchad,core-215,вывод из запоя преображенская площадь
vyvod-iz-zapoya,Вывод из запоя,вывод из запоя,metro,Преображенская площадь,preobrazhenskaya-ploshchad,core-215,вывод из запоя метро преображенская площадь
vyvod-iz-zapoya,Вывод из запоя,вывод из запоя,metro,Профсоюзная,profsoyuznaya,core-215,вывод из запоя профсоюзная
vyvod-iz-zapoya,Вывод из запоя,вывод из запоя,metro,Профсоюзная,profsoyuznaya,core-215,вывод из запоя метро профсоюзная
vyvod-iz-zapoya,Вывод из запоя,вывод из запоя,metro,Пролетарская,proletarskaya,core-215,вывод из запоя пролетарская
vyvod-iz-zapoya,Вывод из запоя,вывод из запоя,metro,Пролетарская,proletarskaya,core-215,вывод из запоя метро пролетарская
vyvod-iz-zapoya,Вывод из запоя,вывод из запоя,metro,Проспект Мира,prospekt-mira,core-215,вывод из запоя проспект мира
vyvod-iz-zapoya,Вывод из запоя,вывод из запоя,metro,Проспект Мира,prospekt-mira,core-215,вывод из запоя метро проспект мира
vyvod-iz-zapoya,Вывод из запоя,вывод из запоя,metro,Проспект Вернадского,prospekt-vernadskogo,core-215,вывод из запоя проспект вернадского
vyvod-iz-zapoya,Вывод из запоя,вывод из запоя,metro,Проспект Вернадского,prospekt-vernadskogo,core-215,вывод из запоя метро проспект вернадского
vyvod-iz-zapoya,Вывод из запоя,вывод из запоя,metro,Пушкинская,pushkinskaya,core-215,вывод из запоя пушкинская
vyvod-iz-zapoya,Вывод из запоя,вывод из запоя,metro,Пушкинская,pushkinskaya,core-215,вывод из запоя метро пушкинская
vyvod-iz-zapoya,Вывод из запоя,вывод из запоя,metro,Пятницкое шоссе,pyatnickoe-shosse,core-215,вывод из запоя пятницкое шоссе
vyvod-iz-zapoya,Вывод из запоя,вывод из запоя,metro,Пятницкое шоссе,pyatnickoe-shosse,core-215,вывод из запоя метро пятницкое шоссе
vyvod-iz-zapoya,Вывод из запоя,вывод из запоя,metro,Раменки,ramenki,core-215,вывод из запоя раменки
vyvod-iz-zapoya,Вывод из запоя,вывод из запоя,metro,Раменки,ramenki,core-215,вывод из запоя метро раменки
vyvod-iz-zapoya,Вывод из запоя,вывод из запоя,metro,Речной вокзал,rechnoj-vokzal,core-215,вывод из запоя речной вокзал
vyvod-iz-zapoya,Вывод из запоя,вывод из запоя,metro,Речной вокзал,rechnoj-vokzal,core-215,вывод из запоя метро речной вокзал
vyvod-iz-zapoya,Вывод из запоя,вывод из запоя,metro,Римская,rimskaya,core-215,вывод из запоя римская
vyvod-iz-zapoya,Вывод из запоя,вывод из запоя,metro,Римская,rimskaya,core-215,вывод из запоя метро римская
vyvod-iz-zapoya,Вывод из запоя,вывод из запоя,metro,Рижская,rizhskaya,core-215,вывод из запоя рижская
vyvod-iz-zapoya,Вывод из запоя,вывод из запоя,metro,Рижская,rizhskaya,core-215,вывод из запоя метро рижская
vyvod-iz-zapoya,Вывод из запоя,вывод из запоя,metro,Ростокино,rostokino,core-215,вывод из запоя ростокино
vyvod-iz-zapoya,Вывод из запоя,вывод из запоя,metro,Ростокино,rostokino,core-215,вывод из запоя метро ростокино
vyvod-iz-zapoya,Вывод из запоя,вывод из запоя,metro,Румянцево,rumyancevo,core-215,вывод из запоя румянцево
vyvod-iz-zapoya,Вывод из запоя,вывод из запоя,metro,Румянцево,rumyancevo,core-215,вывод из запоя метро румянцево
vyvod-iz-zapoya,Вывод из запоя,вывод из запоя,metro,Рязанский проспект,ryazanskij-prospekt,core-215,вывод из запоя рязанский проспект
vyvod-iz-zapoya,Вывод из запоя,вывод из запоя,metro,Рязанский проспект,ryazanskij-prospekt,core-215,вывод из запоя метро рязанский проспект
vyvod-iz-zapoya,Вывод из запоя,вывод из запоя,metro,Саларьево,salarevo,core-215,вывод из запоя саларьево
vyvod-iz-zapoya,Вывод из запоя,вывод из запоя,metro,Саларьево,salarevo,core-215,вывод из запоя метро саларьево
vyvod-iz-zapoya,Вывод из запоя,вывод из запоя,metro,Савёловская,savelovskaya,core-215,вывод из запоя савёловская
vyvod-iz-zapoya,Вывод из запоя,вывод из запоя,metro,Савёловская,savelovskaya,core-215,вывод из запоя метро савёловская
vyvod-iz-zapoya,Вывод из запоя,вывод из запоя,metro,Селигерская,seligerskaya,core-215,вывод из запоя селигерская
vyvod-iz-zapoya,Вывод из запоя,вывод из запоя,metro,Селигерская,seligerskaya,core-215,вывод из запоя метро селигерская
vyvod-iz-zapoya,Вывод из запоя,вывод из запоя,metro,Семёновская,semenovskaya,core-215,вывод из запоя семёновская
vyvod-iz-zapoya,Вывод из запоя,вывод из запоя,metro,Семёновская,semenovskaya,core-215,вывод из запоя метро семёновская
vyvod-iz-zapoya,Вывод из запоя,вывод из запоя,metro,Серпуховская,serpuhovskaya,core-215,вывод из запоя серпуховская
vyvod-iz-zapoya,Вывод из запоя,вывод из запоя,metro,Серпуховская,serpuhovskaya,core-215,вывод из запоя метро серпуховская
vyvod-iz-zapoya,Вывод из запоя,вывод из запоя,metro,Севастопольская,sevastopolskaya,core-215,вывод из запоя севастопольская
vyvod-iz-zapoya,Вывод из запоя,вывод из запоя,metro,Севастопольская,sevastopolskaya,core-215,вывод из запоя метро севастопольская
vyvod-iz-zapoya,Вывод из запоя,вывод из запоя,metro,Шаболовская,shabolovskaya,core-215,вывод из запоя шаболовская
vyvod-iz-zapoya,Вывод из запоя,вывод из запоя,metro,Шаболовская,shabolovskaya,core-215,вывод из запоя метро шаболовская
vyvod-iz-zapoya,Вывод из запоя,вывод из запоя,metro,Шелепиха,shelepiha,core-215,вывод из запоя шелепиха
vyvod-iz-zapoya,Вывод из запоя,вывод из запоя,metro,Шелепиха,shelepiha,core-215,вывод из запоя метро шелепиха
vyvod-iz-zapoya,Вывод из запоя,вывод из запоя,metro,Щукинская,shchukinskaya,core-215,вывод из запоя щукинская
vyvod-iz-zapoya,Вывод из запоя,вывод из запоя,metro,Щукинская,shchukinskaya,core-215,вывод из запоя метро щукинская
vyvod-iz-zapoya,Вывод из запоя,вывод из запоя,metro,Щёлковская,shchelkovskaya,core-215,вывод из запоя щёлковская
vyvod-iz-zapoya,Вывод из запоя,вывод из запоя,metro,Щёлковская,shchelkovskaya,core-215,вывод из запоя метро щёлковская
vyvod-iz-zapoya,Вывод из запоя,вывод из запоя,metro,Шипиловская,shipilovskaya,core-215,вывод из запоя шипиловская
vyvod-iz-zapoya,Вывод из запоя,вывод из запоя,metro,Шипиловская,shipilovskaya,core-215,вывод из запоя метро шипиловская
vyvod-iz-zapoya,Вывод из запоя,вывод из запоя,metro,Сходненская,shodnenskaya,core-215,вывод из запоя сходненская
vyvod-iz-zapoya,Вывод из запоя,вывод из запоя,metro,Сходненская,shodnenskaya,core-215,вывод из запоя метро сходненская
vyvod-iz-zapoya,Вывод из запоя,вывод из запоя,metro,Шоссе Энтузиастов,shosse-entuziastov,core-215,вывод из запоя шоссе энтузиастов
vyvod-iz-zapoya,Вывод из запоя,вывод из запоя,metro,Шоссе Энтузиастов,shosse-entuziastov,core-215,вывод из запоя метро шоссе энтузиастов
vyvod-iz-zapoya,Вывод из запоя,вывод из запоя,metro,Улица Скобелевская,ulica-skobelevskaya,core-215,вывод из запоя улица скобелевская
vyvod-iz-zapoya,Вывод из запоя,вывод из запоя,metro,Улица Скобелевская,ulica-skobelevskaya,core-215,вывод из запоя метро улица скобелевская
vyvod-iz-zapoya,Вывод из запоя,вывод из запоя,metro,Славянский бульвар,slavyanskij-bulvar,core-215,вывод из запоя славянский бульвар
vyvod-iz-zapoya,Вывод из запоя,вывод из запоя,metro,Славянский бульвар,slavyanskij-bulvar,core-215,вывод из запоя метро славянский бульвар
vyvod-iz-zapoya,Вывод из запоя,вывод из запоя,metro,Смоленская,smolenskaya,core-215,вывод из запоя смоленская
vyvod-iz-zapoya,Вывод из запоя,вывод из запоя,metro,Смоленская,smolenskaya,core-215,вывод из запоя метро смоленская
vyvod-iz-zapoya,Вывод из запоя,вывод из запоя,metro,Сокол,sokol,core-215,вывод из запоя сокол
vyvod-iz-zapoya,Вывод из запоя,вывод из запоя,metro,Сокол,sokol,core-215,вывод из запоя метро сокол
vyvod-iz-zapoya,Вывод из запоя,вывод из запоя,metro,Соколиная гора,sokolinaya-gora,core-215,вывод из запоя соколиная гора
vyvod-iz-zapoya,Вывод из запоя,вывод из запоя,metro,Соколиная гора,sokolinaya-gora,core-215,вывод из запоя метро соколиная гора
vyvod-iz-zapoya,Вывод из запоя,вывод из запоя,metro,Спартак,spartak,core-215,вывод из запоя спартак
vyvod-iz-zapoya,Вывод из запоя,вывод из запоя,metro,Спартак,spartak,core-215,вывод из запоя метро спартак
vyvod-iz-zapoya,Вывод из запоя,вывод из запоя,metro,Спортивная,sportivnaya,core-215,вывод из запоя спортивная
vyvod-iz-zapoya,Вывод из запоя,вывод из запоя,metro,Спортивная,sportivnaya,core-215,вывод из запоя метро спортивная
vyvod-iz-zapoya,Вывод из запоя,вывод из запоя,metro,Сретенский бульвар,sretenskij-bulvar,core-215,вывод из запоя сретенский бульвар
vyvod-iz-zapoya,Вывод из запоя,вывод из запоя,metro,Сретенский бульвар,sretenskij-bulvar,core-215,вывод из запоя метро сретенский бульвар
vyvod-iz-zapoya,Вывод из запоя,вывод из запоя,metro,Стрешнево,streshnevo,core-215,вывод из запоя стрешнево
vyvod-iz-zapoya,Вывод из запоя,вывод из запоя,metro,Стрешнево,streshnevo,core-215,вывод из запоя метро стрешнево
vyvod-iz-zapoya,Вывод из запоя,вывод из запоя,metro,Строгино,strogino,core-215,вывод из запоя строгино
vyvod-iz-zapoya,Вывод из запоя,вывод из запоя,metro,Строгино,strogino,core-215,вывод из запоя метро строгино
vyvod-iz-zapoya,Вывод из запоя,вывод из запоя,metro,Студенческая,studencheskaya,core-215,вывод из запоя студенческая
vyvod-iz-zapoya,Вывод из запоя,вывод из запоя,metro,Студенческая,studencheskaya,core-215,вывод из запоя метро студенческая
vyvod-iz-zapoya,Вывод из запоя,вывод из запоя,metro,Сухаревская,suharevskaya,core-215,вывод из запоя сухаревская
vyvod-iz-zapoya,Вывод из запоя,вывод из запоя,metro,Сухаревская,suharevskaya,core-215,вывод из запоя метро сухаревская
vyvod-iz-zapoya,Вывод из запоя,вывод из запоя,metro,Свиблово,sviblovo,core-215,вывод из запоя свиблово
vyvod-iz-zapoya,Вывод из запоя,вывод из запоя,metro,Свиблово,sviblovo,core-215,вывод из запоя метро свиблово
vyvod-iz-zapoya,Вывод из запоя,вывод из запоя,metro,Таганская,taganskaya,core-215,вывод из запоя таганская
vyvod-iz-zapoya,Вывод из запоя,вывод из запоя,metro,Таганская,taganskaya,core-215,вывод из запоя метро таганская
vyvod-iz-zapoya,Вывод из запоя,вывод из запоя,metro,Театральная,teatralnaya,core-215,вывод из запоя театральная
vyvod-iz-zapoya,Вывод из запоя,вывод из запоя,metro,Театральная,teatralnaya,core-215,вывод из запоя метро театральная
vyvod-iz-zapoya,Вывод из запоя,вывод из запоя,metro,Технопарк,tehnopark,core-215,вывод из запоя технопарк
vyvod-iz-zapoya,Вывод из запоя,вывод из запоя,metro,Технопарк,tehnopark,core-215,вывод из запоя метро технопарк
vyvod-iz-zapoya,Вывод из запоя,вывод из запоя,metro,Текстильщики,tekstilshchiki,core-215,вывод из запоя текстильщики
vyvod-iz-zapoya,Вывод из запоя,вывод из запоя,metro,Текстильщики,tekstilshchiki,core-215,вывод из запоя метро текстильщики
vyvod-iz-zapoya,Вывод из запоя,вывод из запоя,metro,Телецентр,telecentr,core-215,вывод из запоя телецентр
vyvod-iz-zapoya,Вывод из запоя,вывод из запоя,metro,Телецентр,telecentr,core-215,вывод из запоя метро телецентр
vyvod-iz-zapoya,Вывод из запоя,вывод из запоя,metro,Тёплый Стан,teplyj-stan,core-215,вывод из запоя тёплый стан
vyvod-iz-zapoya,Вывод из запоя,вывод из запоя,metro,Тёплый Стан,teplyj-stan,core-215,вывод из запоя метро тёплый стан
vyvod-iz-zapoya,Вывод из запоя,вывод из запоя,metro,Тимирязевская,timiryazevskaya,core-215,вывод из запоя тимирязевская
vyvod-iz-zapoya,Вывод из запоя,вывод из запоя,metro,Тимирязевская,timiryazevskaya,core-215,вывод из запоя метро тимирязевская
vyvod-iz-zapoya,Вывод из запоя,вывод из запоя,metro,Третьяковская,tretyakovskaya,core-215,вывод из запоя третьяковская
vyvod-iz-zapoya,Вывод из запоя,вывод из запоя,metro,Третьяковская,tretyakovskaya,core-215,вывод из запоя метро третьяковская
vyvod-iz-zapoya,Вывод из запоя,вывод из запоя,metro,Тропарёво,troparevo,core-215,вывод из запоя тропарёво
vyvod-iz-zapoya,Вывод из запоя,вывод из запоя,metro,Тропарёво,troparevo,core-215,вывод из запоя метро тропарёво
vyvod-iz-zapoya,Вывод из запоя,вывод из запоя,metro,Трубная,trubnaya,core-215,вывод из запоя трубная
vyvod-iz-zapoya,Вывод из запоя,вывод из запоя,metro,Трубная,trubnaya,core-215,вывод из запоя метро трубная
vyvod-iz-zapoya,Вывод из запоя,вывод из запоя,metro,Тульская,tulskaya,core-215,вывод из запоя тульская
vyvod-iz-zapoya,Вывод из запоя,вывод из запоя,metro,Тульская,tulskaya,core-215,вывод из запоя метро тульская
vyvod-iz-zapoya,Вывод из запоя,вывод из запоя,metro,Тургеневская,turgenevskaya,core-215,вывод из запоя тургеневская
vyvod-iz-zapoya,Вывод из запоя,вывод из запоя,metro,Тургеневская,turgenevskaya,core-215,вывод из запоя метро тургеневская
vyvod-iz-zapoya,Вывод из запоя,вывод из запоя,metro,Тушинская,tushinskaya,core-215,вывод из запоя тушинская
vyvod-iz-zapoya,Вывод из запоя,вывод из запоя,metro,Тушинская,tushinskaya,core-215,вывод из запоя метро тушинская
vyvod-iz-zapoya,Вывод из запоя,вывод из запоя,metro,Тверская,tverskaya,core-215,вывод из запоя тверская
vyvod-iz-zapoya,Вывод из запоя,вывод из запоя,metro,Тверская,tverskaya,core-215,вывод из запоя метро тверская
vyvod-iz-zapoya,Вывод из запоя,вывод из запоя,metro,Угрешская,ugreshskaya,core-215,вывод из запоя угрешская
vyvod-iz-zapoya,Вывод из запоя,вывод из запоя,metro,Угрешская,ugreshskaya,core-215,вывод из запоя метро угрешская
vyvod-iz-zapoya,Вывод из запоя,вывод из запоя,metro,Улица 1905 года,ulica-1905-goda,core-215,вывод из запоя улица 1905 года
vyvod-iz-zapoya,Вывод из запоя,вывод из запоя,metro,Улица 1905 года,ulica-1905-goda,core-215,вывод из запоя метро улица 1905 года
vyvod-iz-zapoya,Вывод из запоя,вывод из запоя,metro,Улица Академика Королёва,ulica-akademika-koroleva,core-215,вывод из запоя улица академика королёва
vyvod-iz-zapoya,Вывод из запоя,вывод из запоя,metro,Улица Академика Королёва,ulica-akademika-koroleva,core-215,вывод из запоя метро улица академика королёва
vyvod-iz-zapoya,Вывод из запоя,вывод из запоя,metro,Улица Академика Янгеля,ulica-akademika-yangelya,core-215,вывод из запоя улица академика янгеля
vyvod-iz-zapoya,Вывод из запоя,вывод из запоя,metro,Улица Академика Янгеля,ulica-akademika-yangelya,core-215,вывод из запоя метро улица академика янгеля
vyvod-iz-zapoya,Вывод из запоя,вывод из запоя,metro,Улица Горчакова,ulica-gorchakova,core-215,вывод из запоя улица горчакова
vyvod-iz-zapoya,Вывод из запоя,вывод из запоя,metro,Улица Горчакова,ulica-gorchakova,core-215,вывод из запоя метро улица горчакова
vyvod-iz-zapoya,Вывод из запоя,вывод из запоя,metro,Улица Милашенкова,ulica-milashenkova,core-215,вывод из запоя улица милашенкова
vyvod-iz-zapoya,Вывод из запоя,вывод из запоя,metro,Улица Милашенкова,ulica-milashenkova,core-215,вывод из запоя метро улица милашенкова
vyvod-iz-zapoya,Вывод из запоя,вывод из запоя,metro,Улица Сергея Эйзенштейна,ulica-sergeya-ejzenshtejna,core-215,вывод из запоя улица сергея эйзенштейна
vyvod-iz-zapoya,Вывод из запоя,вывод из запоя,metro,Улица Сергея Эйзенштейна,ulica-sergeya-ejzenshtejna,core-215,вывод из запоя метро улица сергея эйзенштейна
vyvod-iz-zapoya,Вывод из запоя,вывод из запоя,metro,Улица Старокачаловская,ulica-starokachalovskaya,core-215,вывод из запоя улица старокачаловская
vyvod-iz-zapoya,Вывод из запоя,вывод из запоя,metro,Улица Старокачаловская,ulica-starokachalovskaya,core-215,вывод из запоя метро улица старокачаловская
vyvod-iz-zapoya,Вывод из запоя,вывод из запоя,metro,Университет,universitet,core-215,вывод из запоя университет
vyvod-iz-zapoya,Вывод из запоя,вывод из запоя,metro,Университет,universitet,core-215,вывод из запоя метро университет
vyvod-iz-zapoya,Вывод из запоя,вывод из запоя,metro,Варшавская,varshavskaya,core-215,вывод из запоя варшавская
vyvod-iz-zapoya,Вывод из запоя,вывод из запоя,metro,Варшавская,varshavskaya,core-215,вывод из запоя метро варшавская
vyvod-iz-zapoya,Вывод из запоя,вывод из запоя,metro,ВДНХ,vdnh,core-215,вывод из запоя вднх
vyvod-iz-zapoya,Вывод из запоя,вывод из запоя,metro,ВДНХ,vdnh,core-215,вывод из запоя метро вднх
vyvod-iz-zapoya,Вывод из запоя,вывод из запоя,metro,Верхние Котлы,verhnie-kotly,core-215,вывод из запоя верхние котлы
vyvod-iz-zapoya,Вывод из запоя,вывод из запоя,metro,Верхние Котлы,verhnie-kotly,core-215,вывод из запоя метро верхние котлы
vyvod-iz-zapoya,Вывод из запоя,вывод из запоя,metro,Верхние Лихоборы,verhnie-lihobory,core-215,вывод из запоя верхние лихоборы
vyvod-iz-zapoya,Вывод из запоя,вывод из запоя,metro,Верхние Лихоборы,verhnie-lihobory,core-215,вывод из запоя метро верхние лихоборы
vyvod-iz-zapoya,Вывод из запоя,вывод из запоя,metro,Владыкино,vladykino,core-215,вывод из запоя владыкино
vyvod-iz-zapoya,Вывод из запоя,вывод из запоя,metro,Владыкино,vladykino,core-215,вывод из запоя метро владыкино
vyvod-iz-zapoya,Вывод из запоя,вывод из запоя,metro,Водный стадион,vodnyj-stadion,core-215,вывод из запоя водный стадион
vyvod-iz-zapoya,Вывод из запоя,вывод из запоя,metro,Водный стадион,vodnyj-stadion,core-215,вывод из запоя метро водный стадион
vyvod-iz-zapoya,Вывод из запоя,вывод из запоя,metro,Войковская,vojkovskaya,core-215,вывод из запоя войковская
vyvod-iz-zapoya,Вывод из запоя,вывод из запоя,metro,Войковская,vojkovskaya,core-215,вывод из запоя метро войковская
vyvod-iz-zapoya,Вывод из запоя,вывод из запоя,metro,Волгоградский проспект,volgogradskij-prospekt,core-215,вывод из запоя волгоградский проспект
vyvod-iz-zapoya,Вывод из запоя,вывод из запоя,metro,Волгоградский проспект,volgogradskij-prospekt,core-215,вывод из запоя метро волгоградский проспект
vyvod-iz-zapoya,Вывод из запоя,вывод из запоя,metro,Волоколамская,volokolamskaya,core-215,вывод из запоя волоколамская
vyvod-iz-zapoya,Вывод из запоя,вывод из запоя,metro,Волоколамская,volokolamskaya,core-215,вывод из запоя метро волоколамская
vyvod-iz-zapoya,Вывод из запоя,вывод из запоя,metro,Волжская,volzhskaya,core-215,вывод из запоя волжская
vyvod-iz-zapoya,Вывод из запоя,вывод из запоя,metro,Волжская,volzhskaya,core-215,вывод из запоя метро волжская
vyvod-iz-zapoya,Вывод из запоя,вывод из запоя,metro,Воробьёвы горы,vorobevy-gory,core-215,вывод из запоя воробьёвы горы
vyvod-iz-zapoya,Вывод из запоя,вывод из запоя,metro,Воробьёвы горы,vorobevy-gory,core-215,вывод из запоя метро воробьёвы горы
vyvod-iz-zapoya,Вывод из запоя,вывод из запоя,metro,Выхино,vyhino,core-215,вывод из запоя выхино
vyvod-iz-zapoya,Вывод из запоя,вывод из запоя,metro,Выхино,vyhino,core-215,вывод из запоя метро выхино
vyvod-iz-zapoya,Вывод из запоя,вывод из запоя,metro,Выставочная,vystavochnaya,core-215,вывод из запоя выставочная
vyvod-iz-zapoya,Вывод из запоя,вывод из запоя,metro,Выставочная,vystavochnaya,core-215,вывод из запоя метро выставочная
vyvod-iz-zapoya,Вывод из запоя,вывод из запоя,metro,Выставочный центр,vystavochnyj-centr,core-215,вывод из запоя выставочный центр
vyvod-iz-zapoya,Вывод из запоя,вывод из запоя,metro,Выставочный центр,vystavochnyj-centr,core-215,вывод из запоя метро выставочный центр
vyvod-iz-zapoya,Вывод из запоя,вывод из запоя,metro,Ясенево,yasenevo,core-215,вывод из запоя ясенево
vyvod-iz-zapoya,Вывод из запоя,вывод из запоя,metro,Ясенево,yasenevo,core-215,вывод из запоя метро ясенево
vyvod-iz-zapoya,Вывод из запоя,вывод из запоя,metro,Юго-Западная,yugo-zapadnaya,core-215,вывод из запоя юго-западная
vyvod-iz-zapoya,Вывод из запоя,вывод из запоя,metro,Юго-Западная,yugo-zapadnaya,core-215,вывод из запоя метро юго-западная
vyvod-iz-zapoya,Вывод из запоя,вывод из запоя,metro,Южная,yuzhnaya,core-215,вывод из запоя южная
vyvod-iz-zapoya,Вывод из запоя,вывод из запоя,metro,Южная,yuzhnaya,core-215,вывод из запоя метро южная
vyvod-iz-zapoya,Вывод из запоя,вывод из запоя,metro,Жулебино,zhulebino,core-215,вывод из запоя жулебино
vyvod-iz-zapoya,Вывод из запоя,вывод из запоя,metro,Жулебино,zhulebino,core-215,вывод из запоя метро жулебино
vyvod-iz-zapoya,Вывод из запоя,вывод из запоя,metro,ЗИЛ,zil,core-215,вывод из запоя зил
vyvod-iz-zapoya,Вывод из запоя,вывод из запоя,metro,ЗИЛ,zil,core-215,вывод из запоя метро зил
vyvod-iz-zapoya,Вывод из запоя,вывод из запоя,metro,Зорге,zorge,core-215,вывод из запоя зорге
vyvod-iz-zapoya,Вывод из запоя,вывод из запоя,metro,Зорге,zorge,core-215,вывод из запоя метро зорге
vyvod-iz-zapoya,Вывод из запоя,вывод из запоя,metro,Зябликово,zyablikovo,core-215,вывод из запоя зябликово
vyvod-iz-zapoya,Вывод из запоя,вывод из запоя,metro,Зябликово,zyablikovo,core-215,вывод из запоя метро зябликово
vyvod-iz-zapoya,Вывод из запоя,вывод из запоя,okrug,ЦАО,cao,core-12,вывод из запоя цао
vyvod-iz-zapoya,Вывод из запоя,вывод из запоя,okrug,САО,sao,core-12,вывод из запоя сао
vyvod-iz-zapoya,Вывод из запоя,вывод из запоя,okrug,СВАО,svao,core-12,вывод из запоя свао
vyvod-iz-zapoya,Вывод из запоя,вывод из запоя,okrug,ВАО,vao,core-12,вывод из запоя вао
vyvod-iz-zapoya,Вывод из запоя,вывод из запоя,okrug,ЮВАО,yuvao,core-12,вывод из запоя ювао
vyvod-iz-zapoya,Вывод из запоя,вывод из запоя,okrug,ЮАО,yuao,core-12,вывод из запоя юао
vyvod-iz-zapoya,Вывод из запоя,вывод из запоя,okrug,ЮЗАО,yuzao,core-12,вывод из запоя юзао
vyvod-iz-zapoya,Вывод из запоя,вывод из запоя,okrug,ЗАО,zao,core-12,вывод из запоя зао
vyvod-iz-zapoya,Вывод из запоя,вывод из запоя,okrug,СЗАО,szao,core-12,вывод из запоя сзао
vyvod-iz-zapoya,Вывод из запоя,вывод из запоя,okrug,ЗелАО,zelao,core-12,вывод из запоя зелао
vyvod-iz-zapoya,Вывод из запоя,вывод из запоя,okrug,НАО,nao,core-12,вывод из запоя нао
vyvod-iz-zapoya,Вывод из запоя,вывод из запоя,okrug,ТАО,tao,core-12,вывод из запоя тао
vyvod-iz-zapoya,Вывод из запоя,вывод из запоя,mo,Балашиха,balashiha,tier-1,вывод из запоя балашиха
vyvod-iz-zapoya,Вывод из запоя,вывод из запоя,mo,Подольск,podolsk,tier-1,вывод из запоя подольск
vyvod-iz-zapoya,Вывод из запоя,вывод из запоя,mo,Химки,himki,tier-1,вывод из запоя химки
vyvod-iz-zapoya,Вывод из запоя,вывод из запоя,mo,Мытищи,mytishchi,tier-1,вывод из запоя мытищи
vyvod-iz-zapoya,Вывод из запоя,вывод из запоя,mo,Королёв,korolev,tier-1,вывод из запоя королёв
vyvod-iz-zapoya,Вывод из запоя,вывод из запоя,mo,Люберцы,lyubertsy,tier-1,вывод из запоя люберцы
vyvod-iz-zapoya,Вывод из запоя,вывод из запоя,mo,Красногорск,krasnogorsk,tier-1,вывод из запоя красногорск
vyvod-iz-zapoya,Вывод из запоя,вывод из запоя,mo,Электросталь,elektrostal,tier-1,вывод из запоя электросталь
vyvod-iz-zapoya,Вывод из запоя,вывод из запоя,mo,Коломна,kolomna,tier-1,вывод из запоя коломна
vyvod-iz-zapoya,Вывод из запоя,вывод из запоя,mo,Одинцово,odincovo,tier-1,вывод из запоя одинцово
vyvod-iz-zapoya,Вывод из запоя,вывод из запоя,mo,Домодедово,domodedovo,tier-1,вывод из запоя домодедово
vyvod-iz-zapoya,Вывод из запоя,вывод из запоя,mo,Щёлково,shchelkovo,tier-1,вывод из запоя щёлково
vyvod-iz-zapoya,Вывод из запоя,вывод из запоя,mo,Серпухов,serpuhov,tier-1,вывод из запоя серпухов
vyvod-iz-zapoya,Вывод из запоя,вывод из запоя,mo,Раменское,ramenskoe,tier-1,вывод из запоя раменское
vyvod-iz-zapoya,Вывод из запоя,вывод из запоя,mo,Долгопрудный,dolgoprudnyj,tier-1,вывод из запоя долгопрудный
vyvod-iz-zapoya,Вывод из запоя,вывод из запоя,mo,Пушкино,pushkino,tier-1,вывод из запоя пушкино
vyvod-iz-zapoya,Вывод из запоя,вывод из запоя,mo,Реутов,reutov,tier-1,вывод из запоя реутов
vyvod-iz-zapoya,Вывод из запоя,вывод из запоя,mo,Жуковский,zhukovskij,tier-1,вывод из запоя жуковский
vyvod-iz-zapoya,Вывод из запоя,вывод из запоя,mo,Ногинск,noginsk,tier-1,вывод из запоя ногинск
vyvod-iz-zapoya,Вывод из запоя,вывод из запоя,mo,Сергиев Посад,sergiev-posad,tier-1,вывод из запоя сергиев посад
vyvod-iz-zapoya,Вывод из запоя,вывод из запоя,mo,Воскресенск,voskresensk,tier-1,вывод из запоя воскресенск
vyvod-iz-zapoya,Вывод из запоя,вывод из запоя,mo,Орехово-Зуево,orehovo-zuevo,tier-1,вывод из запоя орехово-зуево
vyvod-iz-zapoya,Вывод из запоя,вывод из запоя,mo,Павловский Посад,pavlovskij-posad,tier-1,вывод из запоя павловский посад
vyvod-iz-zapoya,Вывод из запоя,вывод из запоя,mo,Лобня,lobnya,tier-1,вывод из запоя лобня
vyvod-iz-zapoya,Вывод из запоя,вывод из запоя,mo,Ивантеевка,ivanteevka,tier-1,вывод из запоя ивантеевка
vyvod-iz-zapoya,Вывод из запоя,вывод из запоя,mo,Клин,klin,tier-1,вывод из запоя клин
vyvod-iz-zapoya,Вывод из запоя,вывод из запоя,mo,Егорьевск,egorevsk,tier-1,вывод из запоя егорьевск
vyvod-iz-zapoya,Вывод из запоя,вывод из запоя,mo,Дмитров,dmitrov,tier-1,вывод из запоя дмитров
vyvod-iz-zapoya,Вывод из запоя,вывод из запоя,mo,Чехов,chehov,tier-1,вывод из запоя чехов
vyvod-iz-zapoya,Вывод из запоя,вывод из запоя,mo,Наро-Фоминск,naro-fominsk,tier-1,вывод из запоя наро-фоминск
vyvod-iz-zapoya,Вывод из запоя,вывод из запоя,mo,Ступино,stupino,tier-2,вывод из запоя ступино
vyvod-iz-zapoya,Вывод из запоя,вывод из запоя,mo,Видное,vidnoe,tier-2,вывод из запоя видное
vyvod-iz-zapoya,Вывод из запоя,вывод из запоя,mo,Фрязино,fryazino,tier-2,вывод из запоя фрязино
vyvod-iz-zapoya,Вывод из запоя,вывод из запоя,mo,Лыткарино,lytkarino,tier-2,вывод из запоя лыткарино
vyvod-iz-zapoya,Вывод из запоя,вывод из запоя,mo,Дзержинский,dzerzhinskij,tier-2,вывод из запоя дзержинский
vyvod-iz-zapoya,Вывод из запоя,вывод из запоя,mo,Котельники,kotelniki,tier-2,вывод из запоя котельники
vyvod-iz-zapoya,Вывод из запоя,вывод из запоя,mo,Истра,istra,tier-2,вывод из запоя истра
vyvod-iz-zapoya,Вывод из запоя,вывод из запоя,mo,Дедовск,dedovsk,tier-2,вывод из запоя дедовск
vyvod-iz-zapoya,Вывод из запоя,вывод из запоя,mo,Солнечногорск,solnechnogorsk,tier-2,вывод из запоя солнечногорск
vyvod-iz-zapoya,Вывод из запоя,вывод из запоя,mo,Апрелевка,aprelevka,tier-2,вывод из запоя апрелевка
vyvod-iz-zapoya,Вывод из запоя,вывод из запоя,mo,Кубинка,kubinka,tier-2,вывод из запоя кубинка
vyvod-iz-zapoya,Вывод из запоя,вывод из запоя,mo,Руза,ruza,tier-2,вывод из запоя руза
vyvod-iz-zapoya,Вывод из запоя,вывод из запоя,mo,Звенигород,zvenigorod,tier-2,вывод из запоя звенигород
vyvod-iz-zapoya,Вывод из запоя,вывод из запоя,mo,Можайск,mozhajsk,tier-2,вывод из запоя можайск
vyvod-iz-zapoya,Вывод из запоя,вывод из запоя,mo,Луховицы,luhovicy,tier-2,вывод из запоя луховицы
vyvod-iz-zapoya,Вывод из запоя,вывод из запоя,mo,Кашира,kashira,tier-2,вывод из запоя кашира
vyvod-iz-zapoya,Вывод из запоя,вывод из запоя,mo,Протвино,protvino,tier-2,вывод из запоя протвино
vyvod-iz-zapoya,Вывод из запоя,вывод из запоя,mo,Дубна,dubna,tier-2,вывод из запоя дубна
vyvod-iz-zapoya,Вывод из запоя,вывод из запоя,mo,Черноголовка,chernogolovka,tier-2,вывод из запоя черноголовка
vyvod-iz-zapoya,Вывод из запоя,вывод из запоя,mo,Волоколамск,volokolamsk,tier-2,вывод из запоя волоколамск
kapelnica-na-dom,Капельница,капельница,metro,Аэропорт,aeroport,core-215,капельница аэропорт
kapelnica-na-dom,Капельница,капельница,metro,Аэропорт,aeroport,core-215,капельница метро аэропорт
kapelnica-na-dom,Капельница,капельница,metro,Александровский сад,aleksandrovskij-sad,core-215,капельница александровский сад
kapelnica-na-dom,Капельница,капельница,metro,Александровский сад,aleksandrovskij-sad,core-215,капельница метро александровский сад
kapelnica-na-dom,Капельница,капельница,metro,Алексеевская,alekseevskaya,core-215,капельница алексеевская
kapelnica-na-dom,Капельница,капельница,metro,Алексеевская,alekseevskaya,core-215,капельница метро алексеевская
kapelnica-na-dom,Капельница,капельница,metro,Алма-Атинская,alma-atinskaya,core-215,капельница алма-атинская
kapelnica-na-dom,Капельница,капельница,metro,Алма-Атинская,alma-atinskaya,core-215,капельница метро алма-атинская
kapelnica-na-dom,Капельница,капельница,metro,Алтуфьево,altufevo,core-215,капельница алтуфьево
kapelnica-na-dom,Капельница,капельница,metro,Алтуфьево,altufevo,core-215,капельница метро алтуфьево
kapelnica-na-dom,Капельница,капельница,metro,Андроновка,andronovka,core-215,капельница андроновка
kapelnica-na-dom,Капельница,капельница,metro,Андроновка,andronovka,core-215,капельница метро андроновка
kapelnica-na-dom,Капельница,капельница,metro,Аннино,annino,core-215,капельница аннино
kapelnica-na-dom,Капельница,капельница,metro,Аннино,annino,core-215,капельница метро аннино
kapelnica-na-dom,Капельница,капельница,metro,Арбатская,arbatskaya,core-215,капельница арбатская
kapelnica-na-dom,Капельница,капельница,metro,Арбатская,arbatskaya,core-215,капельница метро арбатская
kapelnica-na-dom,Капельница,капельница,metro,Авиамоторная,aviamotornaya,core-215,капельница авиамоторная
kapelnica-na-dom,Капельница,капельница,metro,Авиамоторная,aviamotornaya,core-215,капельница метро авиамоторная
kapelnica-na-dom,Капельница,капельница,metro,Автозаводская,avtozavodskaya,core-215,капельница автозаводская
kapelnica-na-dom,Капельница,капельница,metro,Автозаводская,avtozavodskaya,core-215,капельница метро автозаводская
kapelnica-na-dom,Капельница,капельница,metro,Бабушкинская,babushkinskaya,core-215,капельница бабушкинская
kapelnica-na-dom,Капельница,капельница,metro,Бабушкинская,babushkinskaya,core-215,капельница метро бабушкинская
kapelnica-na-dom,Капельница,капельница,metro,Багратионовская,bagrationovskaya,core-215,капельница багратионовская
kapelnica-na-dom,Капельница,капельница,metro,Багратионовская,bagrationovskaya,core-215,капельница метро багратионовская
kapelnica-na-dom,Капельница,капельница,metro,Балтийская,baltijskaya,core-215,капельница балтийская
kapelnica-na-dom,Капельница,капельница,metro,Балтийская,baltijskaya,core-215,капельница метро балтийская
kapelnica-na-dom,Капельница,капельница,metro,Баррикадная,barrikadnaya,core-215,капельница баррикадная
kapelnica-na-dom,Капельница,капельница,metro,Баррикадная,barrikadnaya,core-215,капельница метро баррикадная
kapelnica-na-dom,Капельница,капельница,metro,Бауманская,baumanskaya,core-215,капельница бауманская
kapelnica-na-dom,Капельница,капельница,metro,Бауманская,baumanskaya,core-215,капельница метро бауманская
kapelnica-na-dom,Капельница,капельница,metro,Беговая,begovaya,core-215,капельница беговая
kapelnica-na-dom,Капельница,капельница,metro,Беговая,begovaya,core-215,капельница метро беговая
kapelnica-na-dom,Капельница,капельница,metro,Белокаменная,belokamennaya,core-215,капельница белокаменная
kapelnica-na-dom,Капельница,капельница,metro,Белокаменная,belokamennaya,core-215,капельница метро белокаменная
kapelnica-na-dom,Капельница,капельница,metro,Белорусская,belorusskaya,core-215,капельница белорусская
kapelnica-na-dom,Капельница,капельница,metro,Белорусская,belorusskaya,core-215,капельница метро белорусская
kapelnica-na-dom,Капельница,капельница,metro,Беляево,belyaevo,core-215,капельница беляево
kapelnica-na-dom,Капельница,капельница,metro,Беляево,belyaevo,core-215,капельница метро беляево
kapelnica-na-dom,Капельница,капельница,metro,Бибирево,bibirevo,core-215,капельница бибирево
kapelnica-na-dom,Капельница,капельница,metro,Бибирево,bibirevo,core-215,капельница метро бибирево
kapelnica-na-dom,Капельница,капельница,metro,Библиотека имени Ленина,biblioteka-imeni-lenina,core-215,капельница библиотека имени ленина
kapelnica-na-dom,Капельница,капельница,metro,Библиотека имени Ленина,biblioteka-imeni-lenina,core-215,капельница метро библиотека имени ленина
kapelnica-na-dom,Капельница,капельница,metro,Битцевский парк,bitcevskij-park,core-215,капельница битцевский парк
kapelnica-na-dom,Капельница,капельница,metro,Битцевский парк,bitcevskij-park,core-215,капельница метро битцевский парк
kapelnica-na-dom,Капельница,капельница,metro,Борисово,borisovo,core-215,капельница борисово
kapelnica-na-dom,Капельница,капельница,metro,Борисово,borisovo,core-215,капельница метро борисово
kapelnica-na-dom,Капельница,капельница,metro,Боровицкая,borovickaya,core-215,капельница боровицкая
kapelnica-na-dom,Капельница,капельница,metro,Боровицкая,borovickaya,core-215,капельница метро боровицкая
kapelnica-na-dom,Капельница,капельница,metro,Ботанический сад,botanicheskij-sad,core-215,капельница ботанический сад
kapelnica-na-dom,Капельница,капельница,metro,Ботанический сад,botanicheskij-sad,core-215,капельница метро ботанический сад
kapelnica-na-dom,Капельница,капельница,metro,Братиславская,bratislavskaya,core-215,капельница братиславская
kapelnica-na-dom,Капельница,капельница,metro,Братиславская,bratislavskaya,core-215,капельница метро братиславская
kapelnica-na-dom,Капельница,капельница,metro,Бульвар Адмирала Ушакова,bulvar-admirala-ushakova,core-215,капельница бульвар адмирала ушакова
kapelnica-na-dom,Капельница,капельница,metro,Бульвар Адмирала Ушакова,bulvar-admirala-ushakova,core-215,капельница метро бульвар адмирала ушакова
kapelnica-na-dom,Капельница,капельница,metro,Бульвар Рокоссовского,bulvar-rokossovskogo,core-215,капельница бульвар рокоссовского
kapelnica-na-dom,Капельница,капельница,metro,Бульвар Рокоссовского,bulvar-rokossovskogo,core-215,капельница метро бульвар рокоссовского
kapelnica-na-dom,Капельница,капельница,metro,Бунинская аллея,buninskaya-alleya,core-215,капельница бунинская аллея
kapelnica-na-dom,Капельница,капельница,metro,Бунинская аллея,buninskaya-alleya,core-215,капельница метро бунинская аллея
kapelnica-na-dom,Капельница,капельница,metro,Бутырская,butyrskaya,core-215,капельница бутырская
kapelnica-na-dom,Капельница,капельница,metro,Бутырская,butyrskaya,core-215,капельница метро бутырская
kapelnica-na-dom,Капельница,капельница,metro,Чеховская,chehovskaya,core-215,капельница чеховская
kapelnica-na-dom,Капельница,капельница,metro,Чеховская,chehovskaya,core-215,капельница метро чеховская
kapelnica-na-dom,Капельница,капельница,metro,Черкизовская,cherkizovskaya,core-215,капельница черкизовская
kapelnica-na-dom,Капельница,капельница,metro,Черкизовская,cherkizovskaya,core-215,капельница метро черкизовская
kapelnica-na-dom,Капельница,капельница,metro,Чертановская,chertanovskaya,core-215,капельница чертановская
kapelnica-na-dom,Капельница,капельница,metro,Чертановская,chertanovskaya,core-215,капельница метро чертановская
kapelnica-na-dom,Капельница,капельница,metro,Чистые пруды,chistye-prudy,core-215,капельница чистые пруды
kapelnica-na-dom,Капельница,капельница,metro,Чистые пруды,chistye-prudy,core-215,капельница метро чистые пруды
kapelnica-na-dom,Капельница,капельница,metro,Чкаловская,chkalovskaya,core-215,капельница чкаловская
kapelnica-na-dom,Капельница,капельница,metro,Чкаловская,chkalovskaya,core-215,капельница метро чкаловская
kapelnica-na-dom,Капельница,капельница,metro,Царицыно,caricyno,core-215,капельница царицыно
kapelnica-na-dom,Капельница,капельница,metro,Царицыно,caricyno,core-215,капельница метро царицыно
kapelnica-na-dom,Капельница,капельница,metro,ЦСКА,cska,core-215,капельница цска
kapelnica-na-dom,Капельница,капельница,metro,ЦСКА,cska,core-215,капельница метро цска
kapelnica-na-dom,Капельница,капельница,metro,Цветной бульвар,cvetnoj-bulvar,core-215,капельница цветной бульвар
kapelnica-na-dom,Капельница,капельница,metro,Цветной бульвар,cvetnoj-bulvar,core-215,капельница метро цветной бульвар
kapelnica-na-dom,Капельница,капельница,metro,Деловой центр,delovoj-centr,core-215,капельница деловой центр
kapelnica-na-dom,Капельница,капельница,metro,Деловой центр,delovoj-centr,core-215,капельница метро деловой центр
kapelnica-na-dom,Капельница,капельница,metro,Динамо,dinamo,core-215,капельница динамо
kapelnica-na-dom,Капельница,капельница,metro,Динамо,dinamo,core-215,капельница метро динамо
kapelnica-na-dom,Капельница,капельница,metro,Дмитровская,dmitrovskaya,core-215,капельница дмитровская
kapelnica-na-dom,Капельница,капельница,metro,Дмитровская,dmitrovskaya,core-215,капельница метро дмитровская
kapelnica-na-dom,Капельница,капельница,metro,Добрынинская,dobryninskaya,core-215,капельница добрынинская
kapelnica-na-dom,Капельница,капельница,metro,Добрынинская,dobryninskaya,core-215,капельница метро добрынинская
kapelnica-na-dom,Капельница,капельница,metro,Домодедовская,domodedovskaya,core-215,капельница домодедовская
kapelnica-na-dom,Капельница,капельница,metro,Домодедовская,domodedovskaya,core-215,капельница метро домодедовская
kapelnica-na-dom,Капельница,капельница,metro,Достоевская,dostoevskaya,core-215,капельница достоевская
kapelnica-na-dom,Капельница,капельница,metro,Достоевская,dostoevskaya,core-215,капельница метро достоевская
kapelnica-na-dom,Капельница,капельница,metro,Электрозаводская,elektrozavodskaya,core-215,капельница электрозаводская
kapelnica-na-dom,Капельница,капельница,metro,Электрозаводская,elektrozavodskaya,core-215,капельница метро электрозаводская
kapelnica-na-dom,Капельница,капельница,metro,Филёвский парк,filevskij-park,core-215,капельница филёвский парк
kapelnica-na-dom,Капельница,капельница,metro,Филёвский парк,filevskij-park,core-215,капельница метро филёвский парк
kapelnica-na-dom,Капельница,капельница,metro,Фили,fili,core-215,капельница фили
kapelnica-na-dom,Капельница,капельница,metro,Фили,fili,core-215,капельница метро фили
kapelnica-na-dom,Капельница,капельница,metro,Фонвизинская,fonvizinskaya,core-215,капельница фонвизинская
kapelnica-na-dom,Капельница,капельница,metro,Фонвизинская,fonvizinskaya,core-215,капельница метро фонвизинская
kapelnica-na-dom,Капельница,капельница,metro,Фрунзенская,frunzenskaya,core-215,капельница фрунзенская
kapelnica-na-dom,Капельница,капельница,metro,Фрунзенская,frunzenskaya,core-215,капельница метро фрунзенская
kapelnica-na-dom,Капельница,капельница,metro,Хорошёвская,horoshevskaya,core-215,капельница хорошёвская
kapelnica-na-dom,Капельница,капельница,metro,Хорошёвская,horoshevskaya,core-215,капельница метро хорошёвская
kapelnica-na-dom,Капельница,капельница,metro,Ховрино,hovrino,core-215,капельница ховрино
kapelnica-na-dom,Капельница,капельница,metro,Ховрино,hovrino,core-215,капельница метро ховрино
kapelnica-na-dom,Капельница,капельница,metro,Измайловская,izmajlovskaya,core-215,капельница измайловская
kapelnica-na-dom,Капельница,капельница,metro,Измайловская,izmajlovskaya,core-215,капельница метро измайловская
kapelnica-na-dom,Капельница,капельница,metro,Каховская,kahovskaya,core-215,капельница каховская
kapelnica-na-dom,Капельница,капельница,metro,Каховская,kahovskaya,core-215,капельница метро каховская
kapelnica-na-dom,Капельница,капельница,metro,Калужская,kaluzhskaya,core-215,капельница калужская
kapelnica-na-dom,Капельница,капельница,metro,Калужская,kaluzhskaya,core-215,капельница метро калужская
kapelnica-na-dom,Капельница,капельница,metro,Кантемировская,kantemirovskaya,core-215,капельница кантемировская
kapelnica-na-dom,Капельница,капельница,metro,Кантемировская,kantemirovskaya,core-215,капельница метро кантемировская
kapelnica-na-dom,Капельница,капельница,metro,Каширская,kashirskaya,core-215,капельница каширская
kapelnica-na-dom,Капельница,капельница,metro,Каширская,kashirskaya,core-215,капельница метро каширская
kapelnica-na-dom,Капельница,капельница,metro,Киевская,kievskaya,core-215,капельница киевская
kapelnica-na-dom,Капельница,капельница,metro,Киевская,kievskaya,core-215,капельница метро киевская
kapelnica-na-dom,Капельница,капельница,metro,Китай-город,kitaj-gorod,core-215,капельница китай-город
kapelnica-na-dom,Капельница,капельница,metro,Китай-город,kitaj-gorod,core-215,капельница метро китай-город
kapelnica-na-dom,Капельница,капельница,metro,Коломенская,kolomenskaya,core-215,капельница коломенская
kapelnica-na-dom,Капельница,капельница,metro,Коломенская,kolomenskaya,core-215,капельница метро коломенская
kapelnica-na-dom,Капельница,капельница,metro,Комсомольская,komsomolskaya,core-215,капельница комсомольская
kapelnica-na-dom,Капельница,капельница,metro,Комсомольская,komsomolskaya,core-215,капельница метро комсомольская
kapelnica-na-dom,Капельница,капельница,metro,Коньково,konkovo,core-215,капельница коньково
kapelnica-na-dom,Капельница,капельница,metro,Коньково,konkovo,core-215,капельница метро коньково
kapelnica-na-dom,Капельница,капельница,metro,Коптево,koptevo,core-215,капельница коптево
kapelnica-na-dom,Капельница,капельница,metro,Коптево,koptevo,core-215,капельница метро коптево
kapelnica-na-dom,Капельница,капельница,metro,Котельники,kotelniki,core-215,капельница котельники
kapelnica-na-dom,Капельница,капельница,metro,Котельники,kotelniki,core-215,капельница метро котельники
kapelnica-na-dom,Капельница,капельница,metro,Кожуховская,kozhuhovskaya,core-215,капельница кожуховская
kapelnica-na-dom,Капельница,капельница,metro,Кожуховская,kozhuhovskaya,core-215,капельница метро кожуховская
kapelnica-na-dom,Капельница,капельница,metro,Красногвардейская,krasnogvardejskaya,core-215,капельница красногвардейская
kapelnica-na-dom,Капельница,капельница,metro,Красногвардейская,krasnogvardejskaya,core-215,капельница метро красногвардейская
kapelnica-na-dom,Капельница,капельница,metro,Краснопресненская,krasnopresnenskaya,core-215,капельница краснопресненская
kapelnica-na-dom,Капельница,капельница,metro,Краснопресненская,krasnopresnenskaya,core-215,капельница метро краснопресненская
kapelnica-na-dom,Капельница,капельница,metro,Красносельская,krasnoselskaya,core-215,капельница красносельская
kapelnica-na-dom,Капельница,капельница,metro,Красносельская,krasnoselskaya,core-215,капельница метро красносельская
kapelnica-na-dom,Капельница,капельница,metro,Красные ворота,krasnye-vorota,core-215,капельница красные ворота
kapelnica-na-dom,Капельница,капельница,metro,Красные ворота,krasnye-vorota,core-215,капельница метро красные ворота
kapelnica-na-dom,Капельница,капельница,metro,Крестьянская застава,krestyanskaya-zastava,core-215,капельница крестьянская застава
kapelnica-na-dom,Капельница,капельница,metro,Крестьянская застава,krestyanskaya-zastava,core-215,капельница метро крестьянская застава
kapelnica-na-dom,Капельница,капельница,metro,Кропоткинская,kropotkinskaya,core-215,капельница кропоткинская
kapelnica-na-dom,Капельница,капельница,metro,Кропоткинская,kropotkinskaya,core-215,капельница метро кропоткинская
kapelnica-na-dom,Капельница,капельница,metro,Крылатское,krylatskoe,core-215,капельница крылатское
kapelnica-na-dom,Капельница,капельница,metro,Крылатское,krylatskoe,core-215,капельница метро крылатское
kapelnica-na-dom,Капельница,капельница,metro,Крымская,krymskaya,core-215,капельница крымская
kapelnica-na-dom,Капельница,капельница,metro,Крымская,krymskaya,core-215,капельница метро крымская
kapelnica-na-dom,Капельница,капельница,metro,Кунцевская,kuncevskaya,core-215,капельница кунцевская
kapelnica-na-dom,Капельница,капельница,metro,Кунцевская,kuncevskaya,core-215,капельница метро кунцевская
kapelnica-na-dom,Капельница,капельница,metro,Курская,kurskaya,core-215,капельница курская
kapelnica-na-dom,Капельница,капельница,metro,Курская,kurskaya,core-215,капельница метро курская
kapelnica-na-dom,Капельница,капельница,metro,Кутузовская,kutuzovskaya,core-215,капельница кутузовская
kapelnica-na-dom,Капельница,капельница,metro,Кутузовская,kutuzovskaya,core-215,капельница метро кутузовская
kapelnica-na-dom,Капельница,капельница,metro,Кузьминки,kuzminki,core-215,капельница кузьминки
kapelnica-na-dom,Капельница,капельница,metro,Кузьминки,kuzminki,core-215,капельница метро кузьминки
kapelnica-na-dom,Капельница,капельница,metro,Кузнецкий мост,kuzneckij-most,core-215,капельница кузнецкий мост
kapelnica-na-dom,Капельница,капельница,metro,Кузнецкий мост,kuzneckij-most,core-215,капельница метро кузнецкий мост
kapelnica-na-dom,Капельница,капельница,metro,Ленинский проспект,leninskij-prospekt,core-215,капельница ленинский проспект
kapelnica-na-dom,Капельница,капельница,metro,Ленинский проспект,leninskij-prospekt,core-215,капельница метро ленинский проспект
kapelnica-na-dom,Капельница,капельница,metro,Лермонтовский проспект,lermontovskij-prospekt,core-215,капельница лермонтовский проспект
kapelnica-na-dom,Капельница,капельница,metro,Лермонтовский проспект,lermontovskij-prospekt,core-215,капельница метро лермонтовский проспект
kapelnica-na-dom,Капельница,капельница,metro,Лесопарковая,lesoparkovaya,core-215,капельница лесопарковая
kapelnica-na-dom,Капельница,капельница,metro,Лесопарковая,lesoparkovaya,core-215,капельница метро лесопарковая
kapelnica-na-dom,Капельница,капельница,metro,Лихоборы,lihobory,core-215,капельница лихоборы
kapelnica-na-dom,Капельница,капельница,metro,Лихоборы,lihobory,core-215,капельница метро лихоборы
kapelnica-na-dom,Капельница,капельница,metro,Локомотив,lokomotiv,core-215,капельница локомотив
kapelnica-na-dom,Капельница,капельница,metro,Локомотив,lokomotiv,core-215,капельница метро локомотив
kapelnica-na-dom,Капельница,капельница,metro,Ломоносовский проспект,lomonosovskij-prospekt,core-215,капельница ломоносовский проспект
kapelnica-na-dom,Капельница,капельница,metro,Ломоносовский проспект,lomonosovskij-prospekt,core-215,капельница метро ломоносовский проспект
kapelnica-na-dom,Капельница,капельница,metro,Лубянка,lubyanka,core-215,капельница лубянка
kapelnica-na-dom,Капельница,капельница,metro,Лубянка,lubyanka,core-215,капельница метро лубянка
kapelnica-na-dom,Капельница,капельница,metro,Лужники,luzhniki,core-215,капельница лужники
kapelnica-na-dom,Капельница,капельница,metro,Лужники,luzhniki,core-215,капельница метро лужники
kapelnica-na-dom,Капельница,капельница,metro,Люблино,lyublino,core-215,капельница люблино
kapelnica-na-dom,Капельница,капельница,metro,Люблино,lyublino,core-215,капельница метро люблино
kapelnica-na-dom,Капельница,капельница,metro,Марьино,marino,core-215,капельница марьино
kapelnica-na-dom,Капельница,капельница,metro,Марьино,marino,core-215,капельница метро марьино
kapelnica-na-dom,Капельница,капельница,metro,Марьина Роща,marina-roshcha,core-215,капельница марьина роща
kapelnica-na-dom,Капельница,капельница,metro,Марьина Роща,marina-roshcha,core-215,капельница метро марьина роща
kapelnica-na-dom,Капельница,капельница,metro,Марксистская,marksistskaya,core-215,капельница марксистская
kapelnica-na-dom,Капельница,капельница,metro,Марксистская,marksistskaya,core-215,капельница метро марксистская
kapelnica-na-dom,Капельница,капельница,metro,Маяковская,mayakovskaya,core-215,капельница маяковская
kapelnica-na-dom,Капельница,капельница,metro,Маяковская,mayakovskaya,core-215,капельница метро маяковская
kapelnica-na-dom,Капельница,капельница,metro,Медведково,medvedkovo,core-215,капельница медведково
kapelnica-na-dom,Капельница,капельница,metro,Медведково,medvedkovo,core-215,капельница метро медведково
kapelnica-na-dom,Капельница,капельница,metro,Менделеевская,mendeleevskaya,core-215,капельница менделеевская
kapelnica-na-dom,Капельница,капельница,metro,Менделеевская,mendeleevskaya,core-215,капельница метро менделеевская
kapelnica-na-dom,Капельница,капельница,metro,Международная,mezhdunarodnaya,core-215,капельница международная
kapelnica-na-dom,Капельница,капельница,metro,Международная,mezhdunarodnaya,core-215,капельница метро международная
kapelnica-na-dom,Капельница,капельница,metro,Минская,minskaya,core-215,капельница минская
kapelnica-na-dom,Капельница,капельница,metro,Минская,minskaya,core-215,капельница метро минская
kapelnica-na-dom,Капельница,капельница,metro,Молодёжная,molodezhnaya,core-215,капельница молодёжная
kapelnica-na-dom,Капельница,капельница,metro,Молодёжная,molodezhnaya,core-215,капельница метро молодёжная
kapelnica-na-dom,Капельница,капельница,metro,Мякинино,myakinino,core-215,капельница мякинино
kapelnica-na-dom,Капельница,капельница,metro,Мякинино,myakinino,core-215,капельница метро мякинино
kapelnica-na-dom,Капельница,капельница,metro,Нагатинская,nagatinskaya,core-215,капельница нагатинская
kapelnica-na-dom,Капельница,капельница,metro,Нагатинская,nagatinskaya,core-215,капельница метро нагатинская
kapelnica-na-dom,Капельница,капельница,metro,Нагорная,nagornaya,core-215,капельница нагорная
kapelnica-na-dom,Капельница,капельница,metro,Нагорная,nagornaya,core-215,капельница метро нагорная
kapelnica-na-dom,Капельница,капельница,metro,Нахимовский проспект,nahimovskij-prospekt,core-215,капельница нахимовский проспект
kapelnica-na-dom,Капельница,капельница,metro,Нахимовский проспект,nahimovskij-prospekt,core-215,капельница метро нахимовский проспект
kapelnica-na-dom,Капельница,капельница,metro,Нижегородская,nizhegorodskaya,core-215,капельница нижегородская
kapelnica-na-dom,Капельница,капельница,metro,Нижегородская,nizhegorodskaya,core-215,капельница метро нижегородская
kapelnica-na-dom,Капельница,капельница,metro,Новогиреево,novogireevo,core-215,капельница новогиреево
kapelnica-na-dom,Капельница,капельница,metro,Новогиреево,novogireevo,core-215,капельница метро новогиреево
kapelnica-na-dom,Капельница,капельница,metro,Новохохловская,novohohlovskaya,core-215,капельница новохохловская
kapelnica-na-dom,Капельница,капельница,metro,Новохохловская,novohohlovskaya,core-215,капельница метро новохохловская
kapelnica-na-dom,Капельница,капельница,metro,Новокосино,novokosino,core-215,капельница новокосино
kapelnica-na-dom,Капельница,капельница,metro,Новокосино,novokosino,core-215,капельница метро новокосино
kapelnica-na-dom,Капельница,капельница,metro,Новокузнецкая,novokuzneckaya,core-215,капельница новокузнецкая
kapelnica-na-dom,Капельница,капельница,metro,Новокузнецкая,novokuzneckaya,core-215,капельница метро новокузнецкая
kapelnica-na-dom,Капельница,капельница,metro,Новослободская,novoslobodskaya,core-215,капельница новослободская
kapelnica-na-dom,Капельница,капельница,metro,Новослободская,novoslobodskaya,core-215,капельница метро новослободская
kapelnica-na-dom,Капельница,капельница,metro,Новоясеневская,novoyasenevskaya,core-215,капельница новоясеневская
kapelnica-na-dom,Капельница,капельница,metro,Новоясеневская,novoyasenevskaya,core-215,капельница метро новоясеневская
kapelnica-na-dom,Капельница,капельница,metro,Новые Черёмушки,novye-cheremushki,core-215,капельница новые черёмушки
kapelnica-na-dom,Капельница,капельница,metro,Новые Черёмушки,novye-cheremushki,core-215,капельница метро новые черёмушки
kapelnica-na-dom,Капельница,капельница,metro,Охотный Ряд,ohotnyj-ryad,core-215,капельница охотный ряд
kapelnica-na-dom,Капельница,капельница,metro,Охотный Ряд,ohotnyj-ryad,core-215,капельница метро охотный ряд
kapelnica-na-dom,Капельница,капельница,metro,Окружная,okruzhnaya,core-215,капельница окружная
kapelnica-na-dom,Капельница,капельница,metro,Окружная,okruzhnaya,core-215,капельница метро окружная
kapelnica-na-dom,Капельница,капельница,metro,Октябрьское Поле,oktyabrskoe-pole,core-215,капельница октябрьское поле
kapelnica-na-dom,Капельница,капельница,metro,Октябрьское Поле,oktyabrskoe-pole,core-215,капельница метро октябрьское поле
kapelnica-na-dom,Капельница,капельница,metro,Октябрьская,oktyabrskaya,core-215,капельница октябрьская
kapelnica-na-dom,Капельница,капельница,metro,Октябрьская,oktyabrskaya,core-215,капельница метро октябрьская
kapelnica-na-dom,Капельница,капельница,metro,Орехово,orehovo,core-215,капельница орехово
kapelnica-na-dom,Капельница,капельница,metro,Орехово,orehovo,core-215,капельница метро орехово
kapelnica-na-dom,Капельница,капельница,metro,Отрадное,otradnoe,core-215,капельница отрадное
kapelnica-na-dom,Капельница,капельница,metro,Отрадное,otradnoe,core-215,капельница метро отрадное
kapelnica-na-dom,Капельница,капельница,metro,Панфиловская,panfilovskaya,core-215,капельница панфиловская
kapelnica-na-dom,Капельница,капельница,metro,Панфиловская,panfilovskaya,core-215,капельница метро панфиловская
kapelnica-na-dom,Капельница,капельница,metro,Парк культуры,park-kultury,core-215,капельница парк культуры
kapelnica-na-dom,Капельница,капельница,metro,Парк культуры,park-kultury,core-215,капельница метро парк культуры
kapelnica-na-dom,Капельница,капельница,metro,Парк Победы,park-pobedy,core-215,капельница парк победы
kapelnica-na-dom,Капельница,капельница,metro,Парк Победы,park-pobedy,core-215,капельница метро парк победы
kapelnica-na-dom,Капельница,капельница,metro,Партизанская,partizanskaya,core-215,капельница партизанская
kapelnica-na-dom,Капельница,капельница,metro,Партизанская,partizanskaya,core-215,капельница метро партизанская
kapelnica-na-dom,Капельница,капельница,metro,Павелецкая,paveleckaya,core-215,капельница павелецкая
kapelnica-na-dom,Капельница,капельница,metro,Павелецкая,paveleckaya,core-215,капельница метро павелецкая
kapelnica-na-dom,Капельница,капельница,metro,Печатники,pechatniki,core-215,капельница печатники
kapelnica-na-dom,Капельница,капельница,metro,Печатники,pechatniki,core-215,капельница метро печатники
kapelnica-na-dom,Капельница,капельница,metro,Перово,perovo,core-215,капельница перово
kapelnica-na-dom,Капельница,капельница,metro,Перово,perovo,core-215,капельница метро перово
kapelnica-na-dom,Капельница,капельница,metro,Первомайская,pervomajskaya,core-215,капельница первомайская
kapelnica-na-dom,Капельница,капельница,metro,Первомайская,pervomajskaya,core-215,капельница метро первомайская
kapelnica-na-dom,Капельница,капельница,metro,Петровский парк,petrovskij-park,core-215,капельница петровский парк
kapelnica-na-dom,Капельница,капельница,metro,Петровский парк,petrovskij-park,core-215,капельница метро петровский парк
kapelnica-na-dom,Капельница,капельница,metro,Петровско-Разумовская,petrovsko-razumovskaya,core-215,капельница петровско-разумовская
kapelnica-na-dom,Капельница,капельница,metro,Петровско-Разумовская,petrovsko-razumovskaya,core-215,капельница метро петровско-разумовская
kapelnica-na-dom,Капельница,капельница,metro,Пионерская,pionerskaya,core-215,капельница пионерская
kapelnica-na-dom,Капельница,капельница,metro,Пионерская,pionerskaya,core-215,капельница метро пионерская
kapelnica-na-dom,Капельница,капельница,metro,Планерная,planernaya,core-215,капельница планерная
kapelnica-na-dom,Капельница,капельница,metro,Планерная,planernaya,core-215,капельница метро планерная
kapelnica-na-dom,Капельница,капельница,metro,Площадь Гагарина,ploshchad-gagarina,core-215,капельница площадь гагарина
kapelnica-na-dom,Капельница,капельница,metro,Площадь Гагарина,ploshchad-gagarina,core-215,капельница метро площадь гагарина
kapelnica-na-dom,Капельница,капельница,metro,Площадь Ильича,ploshchad-ilicha,core-215,капельница площадь ильича
kapelnica-na-dom,Капельница,капельница,metro,Площадь Ильича,ploshchad-ilicha,core-215,капельница метро площадь ильича
kapelnica-na-dom,Капельница,капельница,metro,Площадь Революции,ploshchad-revolyucii,core-215,капельница площадь революции
kapelnica-na-dom,Капельница,капельница,metro,Площадь Революции,ploshchad-revolyucii,core-215,капельница метро площадь революции
kapelnica-na-dom,Капельница,капельница,metro,Полежаевская,polezhaevskaya,core-215,капельница полежаевская
kapelnica-na-dom,Капельница,капельница,metro,Полежаевская,polezhaevskaya,core-215,капельница метро полежаевская
kapelnica-na-dom,Капельница,капельница,metro,Полянка,polyanka,core-215,капельница полянка
kapelnica-na-dom,Капельница,капельница,metro,Полянка,polyanka,core-215,капельница метро полянка
kapelnica-na-dom,Капельница,капельница,metro,Пражская,prazhskaya,core-215,капельница пражская
kapelnica-na-dom,Капельница,капельница,metro,Пражская,prazhskaya,core-215,капельница метро пражская
kapelnica-na-dom,Капельница,капельница,metro,Преображенская площадь,preobrazhenskaya-ploshchad,core-215,капельница преображенская площадь
kapelnica-na-dom,Капельница,капельница,metro,Преображенская площадь,preobrazhenskaya-ploshchad,core-215,капельница метро преображенская площадь
kapelnica-na-dom,Капельница,капельница,metro,Профсоюзная,profsoyuznaya,core-215,капельница профсоюзная
kapelnica-na-dom,Капельница,капельница,metro,Профсоюзная,profsoyuznaya,core-215,капельница метро профсоюзная
kapelnica-na-dom,Капельница,капельница,metro,Пролетарская,proletarskaya,core-215,капельница пролетарская
kapelnica-na-dom,Капельница,капельница,metro,Пролетарская,proletarskaya,core-215,капельница метро пролетарская
kapelnica-na-dom,Капельница,капельница,metro,Проспект Мира,prospekt-mira,core-215,капельница проспект мира
kapelnica-na-dom,Капельница,капельница,metro,Проспект Мира,prospekt-mira,core-215,капельница метро проспект мира
kapelnica-na-dom,Капельница,капельница,metro,Проспект Вернадского,prospekt-vernadskogo,core-215,капельница проспект вернадского
kapelnica-na-dom,Капельница,капельница,metro,Проспект Вернадского,prospekt-vernadskogo,core-215,капельница метро проспект вернадского
kapelnica-na-dom,Капельница,капельница,metro,Пушкинская,pushkinskaya,core-215,капельница пушкинская
kapelnica-na-dom,Капельница,капельница,metro,Пушкинская,pushkinskaya,core-215,капельница метро пушкинская
kapelnica-na-dom,Капельница,капельница,metro,Пятницкое шоссе,pyatnickoe-shosse,core-215,капельница пятницкое шоссе
kapelnica-na-dom,Капельница,капельница,metro,Пятницкое шоссе,pyatnickoe-shosse,core-215,капельница метро пятницкое шоссе
kapelnica-na-dom,Капельница,капельница,metro,Раменки,ramenki,core-215,капельница раменки
kapelnica-na-dom,Капельница,капельница,metro,Раменки,ramenki,core-215,капельница метро раменки
kapelnica-na-dom,Капельница,капельница,metro,Речной вокзал,rechnoj-vokzal,core-215,капельница речной вокзал
kapelnica-na-dom,Капельница,капельница,metro,Речной вокзал,rechnoj-vokzal,core-215,капельница метро речной вокзал
kapelnica-na-dom,Капельница,капельница,metro,Римская,rimskaya,core-215,капельница римская
kapelnica-na-dom,Капельница,капельница,metro,Римская,rimskaya,core-215,капельница метро римская
kapelnica-na-dom,Капельница,капельница,metro,Рижская,rizhskaya,core-215,капельница рижская
kapelnica-na-dom,Капельница,капельница,metro,Рижская,rizhskaya,core-215,капельница метро рижская
kapelnica-na-dom,Капельница,капельница,metro,Ростокино,rostokino,core-215,капельница ростокино
kapelnica-na-dom,Капельница,капельница,metro,Ростокино,rostokino,core-215,капельница метро ростокино
kapelnica-na-dom,Капельница,капельница,metro,Румянцево,rumyancevo,core-215,капельница румянцево
kapelnica-na-dom,Капельница,капельница,metro,Румянцево,rumyancevo,core-215,капельница метро румянцево
kapelnica-na-dom,Капельница,капельница,metro,Рязанский проспект,ryazanskij-prospekt,core-215,капельница рязанский проспект
kapelnica-na-dom,Капельница,капельница,metro,Рязанский проспект,ryazanskij-prospekt,core-215,капельница метро рязанский проспект
kapelnica-na-dom,Капельница,капельница,metro,Саларьево,salarevo,core-215,капельница саларьево
kapelnica-na-dom,Капельница,капельница,metro,Саларьево,salarevo,core-215,капельница метро саларьево
kapelnica-na-dom,Капельница,капельница,metro,Савёловская,savelovskaya,core-215,капельница савёловская
kapelnica-na-dom,Капельница,капельница,metro,Савёловская,savelovskaya,core-215,капельница метро савёловская
kapelnica-na-dom,Капельница,капельница,metro,Селигерская,seligerskaya,core-215,капельница селигерская
kapelnica-na-dom,Капельница,капельница,metro,Селигерская,seligerskaya,core-215,капельница метро селигерская
kapelnica-na-dom,Капельница,капельница,metro,Семёновская,semenovskaya,core-215,капельница семёновская
kapelnica-na-dom,Капельница,капельница,metro,Семёновская,semenovskaya,core-215,капельница метро семёновская
kapelnica-na-dom,Капельница,капельница,metro,Серпуховская,serpuhovskaya,core-215,капельница серпуховская
kapelnica-na-dom,Капельница,капельница,metro,Серпуховская,serpuhovskaya,core-215,капельница метро серпуховская
kapelnica-na-dom,Капельница,капельница,metro,Севастопольская,sevastopolskaya,core-215,капельница севастопольская
kapelnica-na-dom,Капельница,капельница,metro,Севастопольская,sevastopolskaya,core-215,капельница метро севастопольская
kapelnica-na-dom,Капельница,капельница,metro,Шаболовская,shabolovskaya,core-215,капельница шаболовская
kapelnica-na-dom,Капельница,капельница,metro,Шаболовская,shabolovskaya,core-215,капельница метро шаболовская
kapelnica-na-dom,Капельница,капельница,metro,Шелепиха,shelepiha,core-215,капельница шелепиха
kapelnica-na-dom,Капельница,капельница,metro,Шелепиха,shelepiha,core-215,капельница метро шелепиха
kapelnica-na-dom,Капельница,капельница,metro,Щукинская,shchukinskaya,core-215,капельница щукинская
kapelnica-na-dom,Капельница,капельница,metro,Щукинская,shchukinskaya,core-215,капельница метро щукинская
kapelnica-na-dom,Капельница,капельница,metro,Щёлковская,shchelkovskaya,core-215,капельница щёлковская
kapelnica-na-dom,Капельница,капельница,metro,Щёлковская,shchelkovskaya,core-215,капельница метро щёлковская
kapelnica-na-dom,Капельница,капельница,metro,Шипиловская,shipilovskaya,core-215,капельница шипиловская
kapelnica-na-dom,Капельница,капельница,metro,Шипиловская,shipilovskaya,core-215,капельница метро шипиловская
kapelnica-na-dom,Капельница,капельница,metro,Сходненская,shodnenskaya,core-215,капельница сходненская
kapelnica-na-dom,Капельница,капельница,metro,Сходненская,shodnenskaya,core-215,капельница метро сходненская
kapelnica-na-dom,Капельница,капельница,metro,Шоссе Энтузиастов,shosse-entuziastov,core-215,капельница шоссе энтузиастов
kapelnica-na-dom,Капельница,капельница,metro,Шоссе Энтузиастов,shosse-entuziastov,core-215,капельница метро шоссе энтузиастов
kapelnica-na-dom,Капельница,капельница,metro,Улица Скобелевская,ulica-skobelevskaya,core-215,капельница улица скобелевская
kapelnica-na-dom,Капельница,капельница,metro,Улица Скобелевская,ulica-skobelevskaya,core-215,капельница метро улица скобелевская
kapelnica-na-dom,Капельница,капельница,metro,Славянский бульвар,slavyanskij-bulvar,core-215,капельница славянский бульвар
kapelnica-na-dom,Капельница,капельница,metro,Славянский бульвар,slavyanskij-bulvar,core-215,капельница метро славянский бульвар
kapelnica-na-dom,Капельница,капельница,metro,Смоленская,smolenskaya,core-215,капельница смоленская
kapelnica-na-dom,Капельница,капельница,metro,Смоленская,smolenskaya,core-215,капельница метро смоленская
kapelnica-na-dom,Капельница,капельница,metro,Сокол,sokol,core-215,капельница сокол
kapelnica-na-dom,Капельница,капельница,metro,Сокол,sokol,core-215,капельница метро сокол
kapelnica-na-dom,Капельница,капельница,metro,Соколиная гора,sokolinaya-gora,core-215,капельница соколиная гора
kapelnica-na-dom,Капельница,капельница,metro,Соколиная гора,sokolinaya-gora,core-215,капельница метро соколиная гора
kapelnica-na-dom,Капельница,капельница,metro,Спартак,spartak,core-215,капельница спартак
kapelnica-na-dom,Капельница,капельница,metro,Спартак,spartak,core-215,капельница метро спартак
kapelnica-na-dom,Капельница,капельница,metro,Спортивная,sportivnaya,core-215,капельница спортивная
kapelnica-na-dom,Капельница,капельница,metro,Спортивная,sportivnaya,core-215,капельница метро спортивная
kapelnica-na-dom,Капельница,капельница,metro,Сретенский бульвар,sretenskij-bulvar,core-215,капельница сретенский бульвар
kapelnica-na-dom,Капельница,капельница,metro,Сретенский бульвар,sretenskij-bulvar,core-215,капельница метро сретенский бульвар
kapelnica-na-dom,Капельница,капельница,metro,Стрешнево,streshnevo,core-215,капельница стрешнево
kapelnica-na-dom,Капельница,капельница,metro,Стрешнево,streshnevo,core-215,капельница метро стрешнево
kapelnica-na-dom,Капельница,капельница,metro,Строгино,strogino,core-215,капельница строгино
kapelnica-na-dom,Капельница,капельница,metro,Строгино,strogino,core-215,капельница метро строгино
kapelnica-na-dom,Капельница,капельница,metro,Студенческая,studencheskaya,core-215,капельница студенческая
kapelnica-na-dom,Капельница,капельница,metro,Студенческая,studencheskaya,core-215,капельница метро студенческая
kapelnica-na-dom,Капельница,капельница,metro,Сухаревская,suharevskaya,core-215,капельница сухаревская
kapelnica-na-dom,Капельница,капельница,metro,Сухаревская,suharevskaya,core-215,капельница метро сухаревская
kapelnica-na-dom,Капельница,капельница,metro,Свиблово,sviblovo,core-215,капельница свиблово
kapelnica-na-dom,Капельница,капельница,metro,Свиблово,sviblovo,core-215,капельница метро свиблово
kapelnica-na-dom,Капельница,капельница,metro,Таганская,taganskaya,core-215,капельница таганская
kapelnica-na-dom,Капельница,капельница,metro,Таганская,taganskaya,core-215,капельница метро таганская
kapelnica-na-dom,Капельница,капельница,metro,Театральная,teatralnaya,core-215,капельница театральная
kapelnica-na-dom,Капельница,капельница,metro,Театральная,teatralnaya,core-215,капельница метро театральная
kapelnica-na-dom,Капельница,капельница,metro,Технопарк,tehnopark,core-215,капельница технопарк
kapelnica-na-dom,Капельница,капельница,metro,Технопарк,tehnopark,core-215,капельница метро технопарк
kapelnica-na-dom,Капельница,капельница,metro,Текстильщики,tekstilshchiki,core-215,капельница текстильщики
kapelnica-na-dom,Капельница,капельница,metro,Текстильщики,tekstilshchiki,core-215,капельница метро текстильщики
kapelnica-na-dom,Капельница,капельница,metro,Телецентр,telecentr,core-215,капельница телецентр
kapelnica-na-dom,Капельница,капельница,metro,Телецентр,telecentr,core-215,капельница метро телецентр
kapelnica-na-dom,Капельница,капельница,metro,Тёплый Стан,teplyj-stan,core-215,капельница тёплый стан
kapelnica-na-dom,Капельница,капельница,metro,Тёплый Стан,teplyj-stan,core-215,капельница метро тёплый стан
kapelnica-na-dom,Капельница,капельница,metro,Тимирязевская,timiryazevskaya,core-215,капельница тимирязевская
kapelnica-na-dom,Капельница,капельница,metro,Тимирязевская,timiryazevskaya,core-215,капельница метро тимирязевская
kapelnica-na-dom,Капельница,капельница,metro,Третьяковская,tretyakovskaya,core-215,капельница третьяковская
kapelnica-na-dom,Капельница,капельница,metro,Третьяковская,tretyakovskaya,core-215,капельница метро третьяковская
kapelnica-na-dom,Капельница,капельница,metro,Тропарёво,troparevo,core-215,капельница тропарёво
kapelnica-na-dom,Капельница,капельница,metro,Тропарёво,troparevo,core-215,капельница метро тропарёво
kapelnica-na-dom,Капельница,капельница,metro,Трубная,trubnaya,core-215,капельница трубная
kapelnica-na-dom,Капельница,капельница,metro,Трубная,trubnaya,core-215,капельница метро трубная
kapelnica-na-dom,Капельница,капельница,metro,Тульская,tulskaya,core-215,капельница тульская
kapelnica-na-dom,Капельница,капельница,metro,Тульская,tulskaya,core-215,капельница метро тульская
kapelnica-na-dom,Капельница,капельница,metro,Тургеневская,turgenevskaya,core-215,капельница тургеневская
kapelnica-na-dom,Капельница,капельница,metro,Тургеневская,turgenevskaya,core-215,капельница метро тургеневская
kapelnica-na-dom,Капельница,капельница,metro,Тушинская,tushinskaya,core-215,капельница тушинская
kapelnica-na-dom,Капельница,капельница,metro,Тушинская,tushinskaya,core-215,капельница метро тушинская
kapelnica-na-dom,Капельница,капельница,metro,Тверская,tverskaya,core-215,капельница тверская
kapelnica-na-dom,Капельница,капельница,metro,Тверская,tverskaya,core-215,капельница метро тверская
kapelnica-na-dom,Капельница,капельница,metro,Угрешская,ugreshskaya,core-215,капельница угрешская
kapelnica-na-dom,Капельница,капельница,metro,Угрешская,ugreshskaya,core-215,капельница метро угрешская
kapelnica-na-dom,Капельница,капельница,metro,Улица 1905 года,ulica-1905-goda,core-215,капельница улица 1905 года
kapelnica-na-dom,Капельница,капельница,metro,Улица 1905 года,ulica-1905-goda,core-215,капельница метро улица 1905 года
kapelnica-na-dom,Капельница,капельница,metro,Улица Академика Королёва,ulica-akademika-koroleva,core-215,капельница улица академика королёва
kapelnica-na-dom,Капельница,капельница,metro,Улица Академика Королёва,ulica-akademika-koroleva,core-215,капельница метро улица академика королёва
kapelnica-na-dom,Капельница,капельница,metro,Улица Академика Янгеля,ulica-akademika-yangelya,core-215,капельница улица академика янгеля
kapelnica-na-dom,Капельница,капельница,metro,Улица Академика Янгеля,ulica-akademika-yangelya,core-215,капельница метро улица академика янгеля
kapelnica-na-dom,Капельница,капельница,metro,Улица Горчакова,ulica-gorchakova,core-215,капельница улица горчакова
kapelnica-na-dom,Капельница,капельница,metro,Улица Горчакова,ulica-gorchakova,core-215,капельница метро улица горчакова
kapelnica-na-dom,Капельница,капельница,metro,Улица Милашенкова,ulica-milashenkova,core-215,капельница улица милашенкова
kapelnica-na-dom,Капельница,капельница,metro,Улица Милашенкова,ulica-milashenkova,core-215,капельница метро улица милашенкова
kapelnica-na-dom,Капельница,капельница,metro,Улица Сергея Эйзенштейна,ulica-sergeya-ejzenshtejna,core-215,капельница улица сергея эйзенштейна
kapelnica-na-dom,Капельница,капельница,metro,Улица Сергея Эйзенштейна,ulica-sergeya-ejzenshtejna,core-215,капельница метро улица сергея эйзенштейна
kapelnica-na-dom,Капельница,капельница,metro,Улица Старокачаловская,ulica-starokachalovskaya,core-215,капельница улица старокачаловская
kapelnica-na-dom,Капельница,капельница,metro,Улица Старокачаловская,ulica-starokachalovskaya,core-215,капельница метро улица старокачаловская
kapelnica-na-dom,Капельница,капельница,metro,Университет,universitet,core-215,капельница университет
kapelnica-na-dom,Капельница,капельница,metro,Университет,universitet,core-215,капельница метро университет
kapelnica-na-dom,Капельница,капельница,metro,Варшавская,varshavskaya,core-215,капельница варшавская
kapelnica-na-dom,Капельница,капельница,metro,Варшавская,varshavskaya,core-215,капельница метро варшавская
kapelnica-na-dom,Капельница,капельница,metro,ВДНХ,vdnh,core-215,капельница вднх
kapelnica-na-dom,Капельница,капельница,metro,ВДНХ,vdnh,core-215,капельница метро вднх
kapelnica-na-dom,Капельница,капельница,metro,Верхние Котлы,verhnie-kotly,core-215,капельница верхние котлы
kapelnica-na-dom,Капельница,капельница,metro,Верхние Котлы,verhnie-kotly,core-215,капельница метро верхние котлы
kapelnica-na-dom,Капельница,капельница,metro,Верхние Лихоборы,verhnie-lihobory,core-215,капельница верхние лихоборы
kapelnica-na-dom,Капельница,капельница,metro,Верхние Лихоборы,verhnie-lihobory,core-215,капельница метро верхние лихоборы
kapelnica-na-dom,Капельница,капельница,metro,Владыкино,vladykino,core-215,капельница владыкино
kapelnica-na-dom,Капельница,капельница,metro,Владыкино,vladykino,core-215,капельница метро владыкино
kapelnica-na-dom,Капельница,капельница,metro,Водный стадион,vodnyj-stadion,core-215,капельница водный стадион
kapelnica-na-dom,Капельница,капельница,metro,Водный стадион,vodnyj-stadion,core-215,капельница метро водный стадион
kapelnica-na-dom,Капельница,капельница,metro,Войковская,vojkovskaya,core-215,капельница войковская
kapelnica-na-dom,Капельница,капельница,metro,Войковская,vojkovskaya,core-215,капельница метро войковская
kapelnica-na-dom,Капельница,капельница,metro,Волгоградский проспект,volgogradskij-prospekt,core-215,капельница волгоградский проспект
kapelnica-na-dom,Капельница,капельница,metro,Волгоградский проспект,volgogradskij-prospekt,core-215,капельница метро волгоградский проспект
kapelnica-na-dom,Капельница,капельница,metro,Волоколамская,volokolamskaya,core-215,капельница волоколамская
kapelnica-na-dom,Капельница,капельница,metro,Волоколамская,volokolamskaya,core-215,капельница метро волоколамская
kapelnica-na-dom,Капельница,капельница,metro,Волжская,volzhskaya,core-215,капельница волжская
kapelnica-na-dom,Капельница,капельница,metro,Волжская,volzhskaya,core-215,капельница метро волжская
kapelnica-na-dom,Капельница,капельница,metro,Воробьёвы горы,vorobevy-gory,core-215,капельница воробьёвы горы
kapelnica-na-dom,Капельница,капельница,metro,Воробьёвы горы,vorobevy-gory,core-215,капельница метро воробьёвы горы
kapelnica-na-dom,Капельница,капельница,metro,Выхино,vyhino,core-215,капельница выхино
kapelnica-na-dom,Капельница,капельница,metro,Выхино,vyhino,core-215,капельница метро выхино
kapelnica-na-dom,Капельница,капельница,metro,Выставочная,vystavochnaya,core-215,капельница выставочная
kapelnica-na-dom,Капельница,капельница,metro,Выставочная,vystavochnaya,core-215,капельница метро выставочная
kapelnica-na-dom,Капельница,капельница,metro,Выставочный центр,vystavochnyj-centr,core-215,капельница выставочный центр
kapelnica-na-dom,Капельница,капельница,metro,Выставочный центр,vystavochnyj-centr,core-215,капельница метро выставочный центр
kapelnica-na-dom,Капельница,капельница,metro,Ясенево,yasenevo,core-215,капельница ясенево
kapelnica-na-dom,Капельница,капельница,metro,Ясенево,yasenevo,core-215,капельница метро ясенево
kapelnica-na-dom,Капельница,капельница,metro,Юго-Западная,yugo-zapadnaya,core-215,капельница юго-западная
kapelnica-na-dom,Капельница,капельница,metro,Юго-Западная,yugo-zapadnaya,core-215,капельница метро юго-западная
kapelnica-na-dom,Капельница,капельница,metro,Южная,yuzhnaya,core-215,капельница южная
kapelnica-na-dom,Капельница,капельница,metro,Южная,yuzhnaya,core-215,капельница метро южная
kapelnica-na-dom,Капельница,капельница,metro,Жулебино,zhulebino,core-215,капельница жулебино
kapelnica-na-dom,Капельница,капельница,metro,Жулебино,zhulebino,core-215,капельница метро жулебино
kapelnica-na-dom,Капельница,капельница,metro,ЗИЛ,zil,core-215,капельница зил
kapelnica-na-dom,Капельница,капельница,metro,ЗИЛ,zil,core-215,капельница метро зил
kapelnica-na-dom,Капельница,капельница,metro,Зорге,zorge,core-215,капельница зорге
kapelnica-na-dom,Капельница,капельница,metro,Зорге,zorge,core-215,капельница метро зорге
kapelnica-na-dom,Капельница,капельница,metro,Зябликово,zyablikovo,core-215,капельница зябликово
kapelnica-na-dom,Капельница,капельница,metro,Зябликово,zyablikovo,core-215,капельница метро зябликово
kapelnica-na-dom,Капельница,капельница,okrug,ЦАО,cao,core-12,капельница цао
kapelnica-na-dom,Капельница,капельница,okrug,САО,sao,core-12,капельница сао
kapelnica-na-dom,Капельница,капельница,okrug,СВАО,svao,core-12,капельница свао
kapelnica-na-dom,Капельница,капельница,okrug,ВАО,vao,core-12,капельница вао
kapelnica-na-dom,Капельница,капельница,okrug,ЮВАО,yuvao,core-12,капельница ювао
kapelnica-na-dom,Капельница,капельница,okrug,ЮАО,yuao,core-12,капельница юао
kapelnica-na-dom,Капельница,капельница,okrug,ЮЗАО,yuzao,core-12,капельница юзао
kapelnica-na-dom,Капельница,капельница,okrug,ЗАО,zao,core-12,капельница зао
kapelnica-na-dom,Капельница,капельница,okrug,СЗАО,szao,core-12,капельница сзао
kapelnica-na-dom,Капельница,капельница,okrug,ЗелАО,zelao,core-12,капельница зелао
kapelnica-na-dom,Капельница,капельница,okrug,НАО,nao,core-12,капельница нао
kapelnica-na-dom,Капельница,капельница,okrug,ТАО,tao,core-12,капельница тао
kapelnica-na-dom,Капельница,капельница,mo,Балашиха,balashiha,tier-1,капельница балашиха
kapelnica-na-dom,Капельница,капельница,mo,Подольск,podolsk,tier-1,капельница подольск
kapelnica-na-dom,Капельница,капельница,mo,Химки,himki,tier-1,капельница химки
kapelnica-na-dom,Капельница,капельница,mo,Мытищи,mytishchi,tier-1,капельница мытищи
kapelnica-na-dom,Капельница,капельница,mo,Королёв,korolev,tier-1,капельница королёв
kapelnica-na-dom,Капельница,капельница,mo,Люберцы,lyubertsy,tier-1,капельница люберцы
kapelnica-na-dom,Капельница,капельница,mo,Красногорск,krasnogorsk,tier-1,капельница красногорск
kapelnica-na-dom,Капельница,капельница,mo,Электросталь,elektrostal,tier-1,капельница электросталь
kapelnica-na-dom,Капельница,капельница,mo,Коломна,kolomna,tier-1,капельница коломна
kapelnica-na-dom,Капельница,капельница,mo,Одинцово,odincovo,tier-1,капельница одинцово
kapelnica-na-dom,Капельница,капельница,mo,Домодедово,domodedovo,tier-1,капельница домодедово
kapelnica-na-dom,Капельница,капельница,mo,Щёлково,shchelkovo,tier-1,капельница щёлково
kapelnica-na-dom,Капельница,капельница,mo,Серпухов,serpuhov,tier-1,капельница серпухов
kapelnica-na-dom,Капельница,капельница,mo,Раменское,ramenskoe,tier-1,капельница раменское
kapelnica-na-dom,Капельница,капельница,mo,Долгопрудный,dolgoprudnyj,tier-1,капельница долгопрудный
kapelnica-na-dom,Капельница,капельница,mo,Пушкино,pushkino,tier-1,капельница пушкино
kapelnica-na-dom,Капельница,капельница,mo,Реутов,reutov,tier-1,капельница реутов
kapelnica-na-dom,Капельница,капельница,mo,Жуковский,zhukovskij,tier-1,капельница жуковский
kapelnica-na-dom,Капельница,капельница,mo,Ногинск,noginsk,tier-1,капельница ногинск
kapelnica-na-dom,Капельница,капельница,mo,Сергиев Посад,sergiev-posad,tier-1,капельница сергиев посад
kapelnica-na-dom,Капельница,капельница,mo,Воскресенск,voskresensk,tier-1,капельница воскресенск
kapelnica-na-dom,Капельница,капельница,mo,Орехово-Зуево,orehovo-zuevo,tier-1,капельница орехово-зуево
kapelnica-na-dom,Капельница,капельница,mo,Павловский Посад,pavlovskij-posad,tier-1,капельница павловский посад
kapelnica-na-dom,Капельница,капельница,mo,Лобня,lobnya,tier-1,капельница лобня
kapelnica-na-dom,Капельница,капельница,mo,Ивантеевка,ivanteevka,tier-1,капельница ивантеевка
kapelnica-na-dom,Капельница,капельница,mo,Клин,klin,tier-1,капельница клин
kapelnica-na-dom,Капельница,капельница,mo,Егорьевск,egorevsk,tier-1,капельница егорьевск
kapelnica-na-dom,Капельница,капельница,mo,Дмитров,dmitrov,tier-1,капельница дмитров
kapelnica-na-dom,Капельница,капельница,mo,Чехов,chehov,tier-1,капельница чехов
kapelnica-na-dom,Капельница,капельница,mo,Наро-Фоминск,naro-fominsk,tier-1,капельница наро-фоминск
kapelnica-na-dom,Капельница,капельница,mo,Ступино,stupino,tier-2,капельница ступино
kapelnica-na-dom,Капельница,капельница,mo,Видное,vidnoe,tier-2,капельница видное
kapelnica-na-dom,Капельница,капельница,mo,Фрязино,fryazino,tier-2,капельница фрязино
kapelnica-na-dom,Капельница,капельница,mo,Лыткарино,lytkarino,tier-2,капельница лыткарино
kapelnica-na-dom,Капельница,капельница,mo,Дзержинский,dzerzhinskij,tier-2,капельница дзержинский
kapelnica-na-dom,Капельница,капельница,mo,Котельники,kotelniki,tier-2,капельница котельники
kapelnica-na-dom,Капельница,капельница,mo,Истра,istra,tier-2,капельница истра
kapelnica-na-dom,Капельница,капельница,mo,Дедовск,dedovsk,tier-2,капельница дедовск
kapelnica-na-dom,Капельница,капельница,mo,Солнечногорск,solnechnogorsk,tier-2,капельница солнечногорск
kapelnica-na-dom,Капельница,капельница,mo,Апрелевка,aprelevka,tier-2,капельница апрелевка
kapelnica-na-dom,Капельница,капельница,mo,Кубинка,kubinka,tier-2,капельница кубинка
kapelnica-na-dom,Капельница,капельница,mo,Руза,ruza,tier-2,капельница руза
kapelnica-na-dom,Капельница,капельница,mo,Звенигород,zvenigorod,tier-2,капельница звенигород
kapelnica-na-dom,Капельница,капельница,mo,Можайск,mozhajsk,tier-2,капельница можайск
kapelnica-na-dom,Капельница,капельница,mo,Луховицы,luhovicy,tier-2,капельница луховицы
kapelnica-na-dom,Капельница,капельница,mo,Кашира,kashira,tier-2,капельница кашира
kapelnica-na-dom,Капельница,капельница,mo,Протвино,protvino,tier-2,капельница протвино
kapelnica-na-dom,Капельница,капельница,mo,Дубна,dubna,tier-2,капельница дубна
kapelnica-na-dom,Капельница,капельница,mo,Черноголовка,chernogolovka,tier-2,капельница черноголовка
kapelnica-na-dom,Капельница,капельница,mo,Волоколамск,volokolamsk,tier-2,капельница волоколамск
kodirovanie,Кодирование,кодирование,metro,Аэропорт,aeroport,core-215,кодирование аэропорт
kodirovanie,Кодирование,кодирование,metro,Аэропорт,aeroport,core-215,кодирование метро аэропорт
kodirovanie,Кодирование,кодирование,metro,Александровский сад,aleksandrovskij-sad,core-215,кодирование александровский сад
kodirovanie,Кодирование,кодирование,metro,Александровский сад,aleksandrovskij-sad,core-215,кодирование метро александровский сад
kodirovanie,Кодирование,кодирование,metro,Алексеевская,alekseevskaya,core-215,кодирование алексеевская
kodirovanie,Кодирование,кодирование,metro,Алексеевская,alekseevskaya,core-215,кодирование метро алексеевская
kodirovanie,Кодирование,кодирование,metro,Алма-Атинская,alma-atinskaya,core-215,кодирование алма-атинская
kodirovanie,Кодирование,кодирование,metro,Алма-Атинская,alma-atinskaya,core-215,кодирование метро алма-атинская
kodirovanie,Кодирование,кодирование,metro,Алтуфьево,altufevo,core-215,кодирование алтуфьево
kodirovanie,Кодирование,кодирование,metro,Алтуфьево,altufevo,core-215,кодирование метро алтуфьево
kodirovanie,Кодирование,кодирование,metro,Андроновка,andronovka,core-215,кодирование андроновка
kodirovanie,Кодирование,кодирование,metro,Андроновка,andronovka,core-215,кодирование метро андроновка
kodirovanie,Кодирование,кодирование,metro,Аннино,annino,core-215,кодирование аннино
kodirovanie,Кодирование,кодирование,metro,Аннино,annino,core-215,кодирование метро аннино
kodirovanie,Кодирование,кодирование,metro,Арбатская,arbatskaya,core-215,кодирование арбатская
kodirovanie,Кодирование,кодирование,metro,Арбатская,arbatskaya,core-215,кодирование метро арбатская
kodirovanie,Кодирование,кодирование,metro,Авиамоторная,aviamotornaya,core-215,кодирование авиамоторная
kodirovanie,Кодирование,кодирование,metro,Авиамоторная,aviamotornaya,core-215,кодирование метро авиамоторная
kodirovanie,Кодирование,кодирование,metro,Автозаводская,avtozavodskaya,core-215,кодирование автозаводская
kodirovanie,Кодирование,кодирование,metro,Автозаводская,avtozavodskaya,core-215,кодирование метро автозаводская
kodirovanie,Кодирование,кодирование,metro,Бабушкинская,babushkinskaya,core-215,кодирование бабушкинская
kodirovanie,Кодирование,кодирование,metro,Бабушкинская,babushkinskaya,core-215,кодирование метро бабушкинская
kodirovanie,Кодирование,кодирование,metro,Багратионовская,bagrationovskaya,core-215,кодирование багратионовская
kodirovanie,Кодирование,кодирование,metro,Багратионовская,bagrationovskaya,core-215,кодирование метро багратионовская
kodirovanie,Кодирование,кодирование,metro,Балтийская,baltijskaya,core-215,кодирование балтийская
kodirovanie,Кодирование,кодирование,metro,Балтийская,baltijskaya,core-215,кодирование метро балтийская
kodirovanie,Кодирование,кодирование,metro,Баррикадная,barrikadnaya,core-215,кодирование баррикадная
kodirovanie,Кодирование,кодирование,metro,Баррикадная,barrikadnaya,core-215,кодирование метро баррикадная
kodirovanie,Кодирование,кодирование,metro,Бауманская,baumanskaya,core-215,кодирование бауманская
kodirovanie,Кодирование,кодирование,metro,Бауманская,baumanskaya,core-215,кодирование метро бауманская
kodirovanie,Кодирование,кодирование,metro,Беговая,begovaya,core-215,кодирование беговая
kodirovanie,Кодирование,кодирование,metro,Беговая,begovaya,core-215,кодирование метро беговая
kodirovanie,Кодирование,кодирование,metro,Белокаменная,belokamennaya,core-215,кодирование белокаменная
kodirovanie,Кодирование,кодирование,metro,Белокаменная,belokamennaya,core-215,кодирование метро белокаменная
kodirovanie,Кодирование,кодирование,metro,Белорусская,belorusskaya,core-215,кодирование белорусская
kodirovanie,Кодирование,кодирование,metro,Белорусская,belorusskaya,core-215,кодирование метро белорусская
kodirovanie,Кодирование,кодирование,metro,Беляево,belyaevo,core-215,кодирование беляево
kodirovanie,Кодирование,кодирование,metro,Беляево,belyaevo,core-215,кодирование метро беляево
kodirovanie,Кодирование,кодирование,metro,Бибирево,bibirevo,core-215,кодирование бибирево
kodirovanie,Кодирование,кодирование,metro,Бибирево,bibirevo,core-215,кодирование метро бибирево
kodirovanie,Кодирование,кодирование,metro,Библиотека имени Ленина,biblioteka-imeni-lenina,core-215,кодирование библиотека имени ленина
kodirovanie,Кодирование,кодирование,metro,Библиотека имени Ленина,biblioteka-imeni-lenina,core-215,кодирование метро библиотека имени ленина
kodirovanie,Кодирование,кодирование,metro,Битцевский парк,bitcevskij-park,core-215,кодирование битцевский парк
kodirovanie,Кодирование,кодирование,metro,Битцевский парк,bitcevskij-park,core-215,кодирование метро битцевский парк
kodirovanie,Кодирование,кодирование,metro,Борисово,borisovo,core-215,кодирование борисово
kodirovanie,Кодирование,кодирование,metro,Борисово,borisovo,core-215,кодирование метро борисово
kodirovanie,Кодирование,кодирование,metro,Боровицкая,borovickaya,core-215,кодирование боровицкая
kodirovanie,Кодирование,кодирование,metro,Боровицкая,borovickaya,core-215,кодирование метро боровицкая
kodirovanie,Кодирование,кодирование,metro,Ботанический сад,botanicheskij-sad,core-215,кодирование ботанический сад
kodirovanie,Кодирование,кодирование,metro,Ботанический сад,botanicheskij-sad,core-215,кодирование метро ботанический сад
kodirovanie,Кодирование,кодирование,metro,Братиславская,bratislavskaya,core-215,кодирование братиславская
kodirovanie,Кодирование,кодирование,metro,Братиславская,bratislavskaya,core-215,кодирование метро братиславская
kodirovanie,Кодирование,кодирование,metro,Бульвар Адмирала Ушакова,bulvar-admirala-ushakova,core-215,кодирование бульвар адмирала ушакова
kodirovanie,Кодирование,кодирование,metro,Бульвар Адмирала Ушакова,bulvar-admirala-ushakova,core-215,кодирование метро бульвар адмирала ушакова
kodirovanie,Кодирование,кодирование,metro,Бульвар Рокоссовского,bulvar-rokossovskogo,core-215,кодирование бульвар рокоссовского
kodirovanie,Кодирование,кодирование,metro,Бульвар Рокоссовского,bulvar-rokossovskogo,core-215,кодирование метро бульвар рокоссовского
kodirovanie,Кодирование,кодирование,metro,Бунинская аллея,buninskaya-alleya,core-215,кодирование бунинская аллея
kodirovanie,Кодирование,кодирование,metro,Бунинская аллея,buninskaya-alleya,core-215,кодирование метро бунинская аллея
kodirovanie,Кодирование,кодирование,metro,Бутырская,butyrskaya,core-215,кодирование бутырская
kodirovanie,Кодирование,кодирование,metro,Бутырская,butyrskaya,core-215,кодирование метро бутырская
kodirovanie,Кодирование,кодирование,metro,Чеховская,chehovskaya,core-215,кодирование чеховская
kodirovanie,Кодирование,кодирование,metro,Чеховская,chehovskaya,core-215,кодирование метро чеховская
kodirovanie,Кодирование,кодирование,metro,Черкизовская,cherkizovskaya,core-215,кодирование черкизовская
kodirovanie,Кодирование,кодирование,metro,Черкизовская,cherkizovskaya,core-215,кодирование метро черкизовская
kodirovanie,Кодирование,кодирование,metro,Чертановская,chertanovskaya,core-215,кодирование чертановская
kodirovanie,Кодирование,кодирование,metro,Чертановская,chertanovskaya,core-215,кодирование метро чертановская
kodirovanie,Кодирование,кодирование,metro,Чистые пруды,chistye-prudy,core-215,кодирование чистые пруды
kodirovanie,Кодирование,кодирование,metro,Чистые пруды,chistye-prudy,core-215,кодирование метро чистые пруды
kodirovanie,Кодирование,кодирование,metro,Чкаловская,chkalovskaya,core-215,кодирование чкаловская
kodirovanie,Кодирование,кодирование,metro,Чкаловская,chkalovskaya,core-215,кодирование метро чкаловская
kodirovanie,Кодирование,кодирование,metro,Царицыно,caricyno,core-215,кодирование царицыно
kodirovanie,Кодирование,кодирование,metro,Царицыно,caricyno,core-215,кодирование метро царицыно
kodirovanie,Кодирование,кодирование,metro,ЦСКА,cska,core-215,кодирование цска
kodirovanie,Кодирование,кодирование,metro,ЦСКА,cska,core-215,кодирование метро цска
kodirovanie,Кодирование,кодирование,metro,Цветной бульвар,cvetnoj-bulvar,core-215,кодирование цветной бульвар
kodirovanie,Кодирование,кодирование,metro,Цветной бульвар,cvetnoj-bulvar,core-215,кодирование метро цветной бульвар
kodirovanie,Кодирование,кодирование,metro,Деловой центр,delovoj-centr,core-215,кодирование деловой центр
kodirovanie,Кодирование,кодирование,metro,Деловой центр,delovoj-centr,core-215,кодирование метро деловой центр
kodirovanie,Кодирование,кодирование,metro,Динамо,dinamo,core-215,кодирование динамо
kodirovanie,Кодирование,кодирование,metro,Динамо,dinamo,core-215,кодирование метро динамо
kodirovanie,Кодирование,кодирование,metro,Дмитровская,dmitrovskaya,core-215,кодирование дмитровская
kodirovanie,Кодирование,кодирование,metro,Дмитровская,dmitrovskaya,core-215,кодирование метро дмитровская
kodirovanie,Кодирование,кодирование,metro,Добрынинская,dobryninskaya,core-215,кодирование добрынинская
kodirovanie,Кодирование,кодирование,metro,Добрынинская,dobryninskaya,core-215,кодирование метро добрынинская
kodirovanie,Кодирование,кодирование,metro,Домодедовская,domodedovskaya,core-215,кодирование домодедовская
kodirovanie,Кодирование,кодирование,metro,Домодедовская,domodedovskaya,core-215,кодирование метро домодедовская
kodirovanie,Кодирование,кодирование,metro,Достоевская,dostoevskaya,core-215,кодирование достоевская
kodirovanie,Кодирование,кодирование,metro,Достоевская,dostoevskaya,core-215,кодирование метро достоевская
kodirovanie,Кодирование,кодирование,metro,Электрозаводская,elektrozavodskaya,core-215,кодирование электрозаводская
kodirovanie,Кодирование,кодирование,metro,Электрозаводская,elektrozavodskaya,core-215,кодирование метро электрозаводская
kodirovanie,Кодирование,кодирование,metro,Филёвский парк,filevskij-park,core-215,кодирование филёвский парк
kodirovanie,Кодирование,кодирование,metro,Филёвский парк,filevskij-park,core-215,кодирование метро филёвский парк
kodirovanie,Кодирование,кодирование,metro,Фили,fili,core-215,кодирование фили
kodirovanie,Кодирование,кодирование,metro,Фили,fili,core-215,кодирование метро фили
kodirovanie,Кодирование,кодирование,metro,Фонвизинская,fonvizinskaya,core-215,кодирование фонвизинская
kodirovanie,Кодирование,кодирование,metro,Фонвизинская,fonvizinskaya,core-215,кодирование метро фонвизинская
kodirovanie,Кодирование,кодирование,metro,Фрунзенская,frunzenskaya,core-215,кодирование фрунзенская
kodirovanie,Кодирование,кодирование,metro,Фрунзенская,frunzenskaya,core-215,кодирование метро фрунзенская
kodirovanie,Кодирование,кодирование,metro,Хорошёвская,horoshevskaya,core-215,кодирование хорошёвская
kodirovanie,Кодирование,кодирование,metro,Хорошёвская,horoshevskaya,core-215,кодирование метро хорошёвская
kodirovanie,Кодирование,кодирование,metro,Ховрино,hovrino,core-215,кодирование ховрино
kodirovanie,Кодирование,кодирование,metro,Ховрино,hovrino,core-215,кодирование метро ховрино
kodirovanie,Кодирование,кодирование,metro,Измайловская,izmajlovskaya,core-215,кодирование измайловская
kodirovanie,Кодирование,кодирование,metro,Измайловская,izmajlovskaya,core-215,кодирование метро измайловская
kodirovanie,Кодирование,кодирование,metro,Каховская,kahovskaya,core-215,кодирование каховская
kodirovanie,Кодирование,кодирование,metro,Каховская,kahovskaya,core-215,кодирование метро каховская
kodirovanie,Кодирование,кодирование,metro,Калужская,kaluzhskaya,core-215,кодирование калужская
kodirovanie,Кодирование,кодирование,metro,Калужская,kaluzhskaya,core-215,кодирование метро калужская
kodirovanie,Кодирование,кодирование,metro,Кантемировская,kantemirovskaya,core-215,кодирование кантемировская
kodirovanie,Кодирование,кодирование,metro,Кантемировская,kantemirovskaya,core-215,кодирование метро кантемировская
kodirovanie,Кодирование,кодирование,metro,Каширская,kashirskaya,core-215,кодирование каширская
kodirovanie,Кодирование,кодирование,metro,Каширская,kashirskaya,core-215,кодирование метро каширская
kodirovanie,Кодирование,кодирование,metro,Киевская,kievskaya,core-215,кодирование киевская
kodirovanie,Кодирование,кодирование,metro,Киевская,kievskaya,core-215,кодирование метро киевская
kodirovanie,Кодирование,кодирование,metro,Китай-город,kitaj-gorod,core-215,кодирование китай-город
kodirovanie,Кодирование,кодирование,metro,Китай-город,kitaj-gorod,core-215,кодирование метро китай-город
kodirovanie,Кодирование,кодирование,metro,Коломенская,kolomenskaya,core-215,кодирование коломенская
kodirovanie,Кодирование,кодирование,metro,Коломенская,kolomenskaya,core-215,кодирование метро коломенская
kodirovanie,Кодирование,кодирование,metro,Комсомольская,komsomolskaya,core-215,кодирование комсомольская
kodirovanie,Кодирование,кодирование,metro,Комсомольская,komsomolskaya,core-215,кодирование метро комсомольская
kodirovanie,Кодирование,кодирование,metro,Коньково,konkovo,core-215,кодирование коньково
kodirovanie,Кодирование,кодирование,metro,Коньково,konkovo,core-215,кодирование метро коньково
kodirovanie,Кодирование,кодирование,metro,Коптево,koptevo,core-215,кодирование коптево
kodirovanie,Кодирование,кодирование,metro,Коптево,koptevo,core-215,кодирование метро коптево
kodirovanie,Кодирование,кодирование,metro,Котельники,kotelniki,core-215,кодирование котельники
kodirovanie,Кодирование,кодирование,metro,Котельники,kotelniki,core-215,кодирование метро котельники
kodirovanie,Кодирование,кодирование,metro,Кожуховская,kozhuhovskaya,core-215,кодирование кожуховская
kodirovanie,Кодирование,кодирование,metro,Кожуховская,kozhuhovskaya,core-215,кодирование метро кожуховская
kodirovanie,Кодирование,кодирование,metro,Красногвардейская,krasnogvardejskaya,core-215,кодирование красногвардейская
kodirovanie,Кодирование,кодирование,metro,Красногвардейская,krasnogvardejskaya,core-215,кодирование метро красногвардейская
kodirovanie,Кодирование,кодирование,metro,Краснопресненская,krasnopresnenskaya,core-215,кодирование краснопресненская
kodirovanie,Кодирование,кодирование,metro,Краснопресненская,krasnopresnenskaya,core-215,кодирование метро краснопресненская
kodirovanie,Кодирование,кодирование,metro,Красносельская,krasnoselskaya,core-215,кодирование красносельская
kodirovanie,Кодирование,кодирование,metro,Красносельская,krasnoselskaya,core-215,кодирование метро красносельская
kodirovanie,Кодирование,кодирование,metro,Красные ворота,krasnye-vorota,core-215,кодирование красные ворота
kodirovanie,Кодирование,кодирование,metro,Красные ворота,krasnye-vorota,core-215,кодирование метро красные ворота
kodirovanie,Кодирование,кодирование,metro,Крестьянская застава,krestyanskaya-zastava,core-215,кодирование крестьянская застава
kodirovanie,Кодирование,кодирование,metro,Крестьянская застава,krestyanskaya-zastava,core-215,кодирование метро крестьянская застава
kodirovanie,Кодирование,кодирование,metro,Кропоткинская,kropotkinskaya,core-215,кодирование кропоткинская
kodirovanie,Кодирование,кодирование,metro,Кропоткинская,kropotkinskaya,core-215,кодирование метро кропоткинская
kodirovanie,Кодирование,кодирование,metro,Крылатское,krylatskoe,core-215,кодирование крылатское
kodirovanie,Кодирование,кодирование,metro,Крылатское,krylatskoe,core-215,кодирование метро крылатское
kodirovanie,Кодирование,кодирование,metro,Крымская,krymskaya,core-215,кодирование крымская
kodirovanie,Кодирование,кодирование,metro,Крымская,krymskaya,core-215,кодирование метро крымская
kodirovanie,Кодирование,кодирование,metro,Кунцевская,kuncevskaya,core-215,кодирование кунцевская
kodirovanie,Кодирование,кодирование,metro,Кунцевская,kuncevskaya,core-215,кодирование метро кунцевская
kodirovanie,Кодирование,кодирование,metro,Курская,kurskaya,core-215,кодирование курская
kodirovanie,Кодирование,кодирование,metro,Курская,kurskaya,core-215,кодирование метро курская
kodirovanie,Кодирование,кодирование,metro,Кутузовская,kutuzovskaya,core-215,кодирование кутузовская
kodirovanie,Кодирование,кодирование,metro,Кутузовская,kutuzovskaya,core-215,кодирование метро кутузовская
kodirovanie,Кодирование,кодирование,metro,Кузьминки,kuzminki,core-215,кодирование кузьминки
kodirovanie,Кодирование,кодирование,metro,Кузьминки,kuzminki,core-215,кодирование метро кузьминки
kodirovanie,Кодирование,кодирование,metro,Кузнецкий мост,kuzneckij-most,core-215,кодирование кузнецкий мост
kodirovanie,Кодирование,кодирование,metro,Кузнецкий мост,kuzneckij-most,core-215,кодирование метро кузнецкий мост
kodirovanie,Кодирование,кодирование,metro,Ленинский проспект,leninskij-prospekt,core-215,кодирование ленинский проспект
kodirovanie,Кодирование,кодирование,metro,Ленинский проспект,leninskij-prospekt,core-215,кодирование метро ленинский проспект
kodirovanie,Кодирование,кодирование,metro,Лермонтовский проспект,lermontovskij-prospekt,core-215,кодирование лермонтовский проспект
kodirovanie,Кодирование,кодирование,metro,Лермонтовский проспект,lermontovskij-prospekt,core-215,кодирование метро лермонтовский проспект
kodirovanie,Кодирование,кодирование,metro,Лесопарковая,lesoparkovaya,core-215,кодирование лесопарковая
kodirovanie,Кодирование,кодирование,metro,Лесопарковая,lesoparkovaya,core-215,кодирование метро лесопарковая
kodirovanie,Кодирование,кодирование,metro,Лихоборы,lihobory,core-215,кодирование лихоборы
kodirovanie,Кодирование,кодирование,metro,Лихоборы,lihobory,core-215,кодирование метро лихоборы
kodirovanie,Кодирование,кодирование,metro,Локомотив,lokomotiv,core-215,кодирование локомотив
kodirovanie,Кодирование,кодирование,metro,Локомотив,lokomotiv,core-215,кодирование метро локомотив
kodirovanie,Кодирование,кодирование,metro,Ломоносовский проспект,lomonosovskij-prospekt,core-215,кодирование ломоносовский проспект
kodirovanie,Кодирование,кодирование,metro,Ломоносовский проспект,lomonosovskij-prospekt,core-215,кодирование метро ломоносовский проспект
kodirovanie,Кодирование,кодирование,metro,Лубянка,lubyanka,core-215,кодирование лубянка
kodirovanie,Кодирование,кодирование,metro,Лубянка,lubyanka,core-215,кодирование метро лубянка
kodirovanie,Кодирование,кодирование,metro,Лужники,luzhniki,core-215,кодирование лужники
kodirovanie,Кодирование,кодирование,metro,Лужники,luzhniki,core-215,кодирование метро лужники
kodirovanie,Кодирование,кодирование,metro,Люблино,lyublino,core-215,кодирование люблино
kodirovanie,Кодирование,кодирование,metro,Люблино,lyublino,core-215,кодирование метро люблино
kodirovanie,Кодирование,кодирование,metro,Марьино,marino,core-215,кодирование марьино
kodirovanie,Кодирование,кодирование,metro,Марьино,marino,core-215,кодирование метро марьино
kodirovanie,Кодирование,кодирование,metro,Марьина Роща,marina-roshcha,core-215,кодирование марьина роща
kodirovanie,Кодирование,кодирование,metro,Марьина Роща,marina-roshcha,core-215,кодирование метро марьина роща
kodirovanie,Кодирование,кодирование,metro,Марксистская,marksistskaya,core-215,кодирование марксистская
kodirovanie,Кодирование,кодирование,metro,Марксистская,marksistskaya,core-215,кодирование метро марксистская
kodirovanie,Кодирование,кодирование,metro,Маяковская,mayakovskaya,core-215,кодирование маяковская
kodirovanie,Кодирование,кодирование,metro,Маяковская,mayakovskaya,core-215,кодирование метро маяковская
kodirovanie,Кодирование,кодирование,metro,Медведково,medvedkovo,core-215,кодирование медведково
kodirovanie,Кодирование,кодирование,metro,Медведково,medvedkovo,core-215,кодирование метро медведково
kodirovanie,Кодирование,кодирование,metro,Менделеевская,mendeleevskaya,core-215,кодирование менделеевская
kodirovanie,Кодирование,кодирование,metro,Менделеевская,mendeleevskaya,core-215,кодирование метро менделеевская
kodirovanie,Кодирование,кодирование,metro,Международная,mezhdunarodnaya,core-215,кодирование международная
kodirovanie,Кодирование,кодирование,metro,Международная,mezhdunarodnaya,core-215,кодирование метро международная
kodirovanie,Кодирование,кодирование,metro,Минская,minskaya,core-215,кодирование минская
kodirovanie,Кодирование,кодирование,metro,Минская,minskaya,core-215,кодирование метро минская
kodirovanie,Кодирование,кодирование,metro,Молодёжная,molodezhnaya,core-215,кодирование молодёжная
kodirovanie,Кодирование,кодирование,metro,Молодёжная,molodezhnaya,core-215,кодирование метро молодёжная
kodirovanie,Кодирование,кодирование,metro,Мякинино,myakinino,core-215,кодирование мякинино
kodirovanie,Кодирование,кодирование,metro,Мякинино,myakinino,core-215,кодирование метро мякинино
kodirovanie,Кодирование,кодирование,metro,Нагатинская,nagatinskaya,core-215,кодирование нагатинская
kodirovanie,Кодирование,кодирование,metro,Нагатинская,nagatinskaya,core-215,кодирование метро нагатинская
kodirovanie,Кодирование,кодирование,metro,Нагорная,nagornaya,core-215,кодирование нагорная
kodirovanie,Кодирование,кодирование,metro,Нагорная,nagornaya,core-215,кодирование метро нагорная
kodirovanie,Кодирование,кодирование,metro,Нахимовский проспект,nahimovskij-prospekt,core-215,кодирование нахимовский проспект
kodirovanie,Кодирование,кодирование,metro,Нахимовский проспект,nahimovskij-prospekt,core-215,кодирование метро нахимовский проспект
kodirovanie,Кодирование,кодирование,metro,Нижегородская,nizhegorodskaya,core-215,кодирование нижегородская
kodirovanie,Кодирование,кодирование,metro,Нижегородская,nizhegorodskaya,core-215,кодирование метро нижегородская
kodirovanie,Кодирование,кодирование,metro,Новогиреево,novogireevo,core-215,кодирование новогиреево
kodirovanie,Кодирование,кодирование,metro,Новогиреево,novogireevo,core-215,кодирование метро новогиреево
kodirovanie,Кодирование,кодирование,metro,Новохохловская,novohohlovskaya,core-215,кодирование новохохловская
kodirovanie,Кодирование,кодирование,metro,Новохохловская,novohohlovskaya,core-215,кодирование метро новохохловская
kodirovanie,Кодирование,кодирование,metro,Новокосино,novokosino,core-215,кодирование новокосино
kodirovanie,Кодирование,кодирование,metro,Новокосино,novokosino,core-215,кодирование метро новокосино
kodirovanie,Кодирование,кодирование,metro,Новокузнецкая,novokuzneckaya,core-215,кодирование новокузнецкая
kodirovanie,Кодирование,кодирование,metro,Новокузнецкая,novokuzneckaya,core-215,кодирование метро новокузнецкая
kodirovanie,Кодирование,кодирование,metro,Новослободская,novoslobodskaya,core-215,кодирование новослободская
kodirovanie,Кодирование,кодирование,metro,Новослободская,novoslobodskaya,core-215,кодирование метро новослободская
kodirovanie,Кодирование,кодирование,metro,Новоясеневская,novoyasenevskaya,core-215,кодирование новоясеневская
kodirovanie,Кодирование,кодирование,metro,Новоясеневская,novoyasenevskaya,core-215,кодирование метро новоясеневская
kodirovanie,Кодирование,кодирование,metro,Новые Черёмушки,novye-cheremushki,core-215,кодирование новые черёмушки
kodirovanie,Кодирование,кодирование,metro,Новые Черёмушки,novye-cheremushki,core-215,кодирование метро новые черёмушки
kodirovanie,Кодирование,кодирование,metro,Охотный Ряд,ohotnyj-ryad,core-215,кодирование охотный ряд
kodirovanie,Кодирование,кодирование,metro,Охотный Ряд,ohotnyj-ryad,core-215,кодирование метро охотный ряд
kodirovanie,Кодирование,кодирование,metro,Окружная,okruzhnaya,core-215,кодирование окружная
kodirovanie,Кодирование,кодирование,metro,Окружная,okruzhnaya,core-215,кодирование метро окружная
kodirovanie,Кодирование,кодирование,metro,Октябрьское Поле,oktyabrskoe-pole,core-215,кодирование октябрьское поле
kodirovanie,Кодирование,кодирование,metro,Октябрьское Поле,oktyabrskoe-pole,core-215,кодирование метро октябрьское поле
kodirovanie,Кодирование,кодирование,metro,Октябрьская,oktyabrskaya,core-215,кодирование октябрьская
kodirovanie,Кодирование,кодирование,metro,Октябрьская,oktyabrskaya,core-215,кодирование метро октябрьская
kodirovanie,Кодирование,кодирование,metro,Орехово,orehovo,core-215,кодирование орехово
kodirovanie,Кодирование,кодирование,metro,Орехово,orehovo,core-215,кодирование метро орехово
kodirovanie,Кодирование,кодирование,metro,Отрадное,otradnoe,core-215,кодирование отрадное
kodirovanie,Кодирование,кодирование,metro,Отрадное,otradnoe,core-215,кодирование метро отрадное
kodirovanie,Кодирование,кодирование,metro,Панфиловская,panfilovskaya,core-215,кодирование панфиловская
kodirovanie,Кодирование,кодирование,metro,Панфиловская,panfilovskaya,core-215,кодирование метро панфиловская
kodirovanie,Кодирование,кодирование,metro,Парк культуры,park-kultury,core-215,кодирование парк культуры
kodirovanie,Кодирование,кодирование,metro,Парк культуры,park-kultury,core-215,кодирование метро парк культуры
kodirovanie,Кодирование,кодирование,metro,Парк Победы,park-pobedy,core-215,кодирование парк победы
kodirovanie,Кодирование,кодирование,metro,Парк Победы,park-pobedy,core-215,кодирование метро парк победы
kodirovanie,Кодирование,кодирование,metro,Партизанская,partizanskaya,core-215,кодирование партизанская
kodirovanie,Кодирование,кодирование,metro,Партизанская,partizanskaya,core-215,кодирование метро партизанская
kodirovanie,Кодирование,кодирование,metro,Павелецкая,paveleckaya,core-215,кодирование павелецкая
kodirovanie,Кодирование,кодирование,metro,Павелецкая,paveleckaya,core-215,кодирование метро павелецкая
kodirovanie,Кодирование,кодирование,metro,Печатники,pechatniki,core-215,кодирование печатники
kodirovanie,Кодирование,кодирование,metro,Печатники,pechatniki,core-215,кодирование метро печатники
kodirovanie,Кодирование,кодирование,metro,Перово,perovo,core-215,кодирование перово
kodirovanie,Кодирование,кодирование,metro,Перово,perovo,core-215,кодирование метро перово
kodirovanie,Кодирование,кодирование,metro,Первомайская,pervomajskaya,core-215,кодирование первомайская
kodirovanie,Кодирование,кодирование,metro,Первомайская,pervomajskaya,core-215,кодирование метро первомайская
kodirovanie,Кодирование,кодирование,metro,Петровский парк,petrovskij-park,core-215,кодирование петровский парк
kodirovanie,Кодирование,кодирование,metro,Петровский парк,petrovskij-park,core-215,кодирование метро петровский парк
kodirovanie,Кодирование,кодирование,metro,Петровско-Разумовская,petrovsko-razumovskaya,core-215,кодирование петровско-разумовская
kodirovanie,Кодирование,кодирование,metro,Петровско-Разумовская,petrovsko-razumovskaya,core-215,кодирование метро петровско-разумовская
kodirovanie,Кодирование,кодирование,metro,Пионерская,pionerskaya,core-215,кодирование пионерская
kodirovanie,Кодирование,кодирование,metro,Пионерская,pionerskaya,core-215,кодирование метро пионерская
kodirovanie,Кодирование,кодирование,metro,Планерная,planernaya,core-215,кодирование планерная
kodirovanie,Кодирование,кодирование,metro,Планерная,planernaya,core-215,кодирование метро планерная
kodirovanie,Кодирование,кодирование,metro,Площадь Гагарина,ploshchad-gagarina,core-215,кодирование площадь гагарина
kodirovanie,Кодирование,кодирование,metro,Площадь Гагарина,ploshchad-gagarina,core-215,кодирование метро площадь гагарина
kodirovanie,Кодирование,кодирование,metro,Площадь Ильича,ploshchad-ilicha,core-215,кодирование площадь ильича
kodirovanie,Кодирование,кодирование,metro,Площадь Ильича,ploshchad-ilicha,core-215,кодирование метро площадь ильича
kodirovanie,Кодирование,кодирование,metro,Площадь Революции,ploshchad-revolyucii,core-215,кодирование площадь революции
kodirovanie,Кодирование,кодирование,metro,Площадь Революции,ploshchad-revolyucii,core-215,кодирование метро площадь революции
kodirovanie,Кодирование,кодирование,metro,Полежаевская,polezhaevskaya,core-215,кодирование полежаевская
kodirovanie,Кодирование,кодирование,metro,Полежаевская,polezhaevskaya,core-215,кодирование метро полежаевская
kodirovanie,Кодирование,кодирование,metro,Полянка,polyanka,core-215,кодирование полянка
kodirovanie,Кодирование,кодирование,metro,Полянка,polyanka,core-215,кодирование метро полянка
kodirovanie,Кодирование,кодирование,metro,Пражская,prazhskaya,core-215,кодирование пражская
kodirovanie,Кодирование,кодирование,metro,Пражская,prazhskaya,core-215,кодирование метро пражская
kodirovanie,Кодирование,кодирование,metro,Преображенская площадь,preobrazhenskaya-ploshchad,core-215,кодирование преображенская площадь
kodirovanie,Кодирование,кодирование,metro,Преображенская площадь,preobrazhenskaya-ploshchad,core-215,кодирование метро преображенская площадь
kodirovanie,Кодирование,кодирование,metro,Профсоюзная,profsoyuznaya,core-215,кодирование профсоюзная
kodirovanie,Кодирование,кодирование,metro,Профсоюзная,profsoyuznaya,core-215,кодирование метро профсоюзная
kodirovanie,Кодирование,кодирование,metro,Пролетарская,proletarskaya,core-215,кодирование пролетарская
kodirovanie,Кодирование,кодирование,metro,Пролетарская,proletarskaya,core-215,кодирование метро пролетарская
kodirovanie,Кодирование,кодирование,metro,Проспект Мира,prospekt-mira,core-215,кодирование проспект мира
kodirovanie,Кодирование,кодирование,metro,Проспект Мира,prospekt-mira,core-215,кодирование метро проспект мира
kodirovanie,Кодирование,кодирование,metro,Проспект Вернадского,prospekt-vernadskogo,core-215,кодирование проспект вернадского
kodirovanie,Кодирование,кодирование,metro,Проспект Вернадского,prospekt-vernadskogo,core-215,кодирование метро проспект вернадского
kodirovanie,Кодирование,кодирование,metro,Пушкинская,pushkinskaya,core-215,кодирование пушкинская
kodirovanie,Кодирование,кодирование,metro,Пушкинская,pushkinskaya,core-215,кодирование метро пушкинская
kodirovanie,Кодирование,кодирование,metro,Пятницкое шоссе,pyatnickoe-shosse,core-215,кодирование пятницкое шоссе
kodirovanie,Кодирование,кодирование,metro,Пятницкое шоссе,pyatnickoe-shosse,core-215,кодирование метро пятницкое шоссе
kodirovanie,Кодирование,кодирование,metro,Раменки,ramenki,core-215,кодирование раменки
kodirovanie,Кодирование,кодирование,metro,Раменки,ramenki,core-215,кодирование метро раменки
kodirovanie,Кодирование,кодирование,metro,Речной вокзал,rechnoj-vokzal,core-215,кодирование речной вокзал
kodirovanie,Кодирование,кодирование,metro,Речной вокзал,rechnoj-vokzal,core-215,кодирование метро речной вокзал
kodirovanie,Кодирование,кодирование,metro,Римская,rimskaya,core-215,кодирование римская
kodirovanie,Кодирование,кодирование,metro,Римская,rimskaya,core-215,кодирование метро римская
kodirovanie,Кодирование,кодирование,metro,Рижская,rizhskaya,core-215,кодирование рижская
kodirovanie,Кодирование,кодирование,metro,Рижская,rizhskaya,core-215,кодирование метро рижская
kodirovanie,Кодирование,кодирование,metro,Ростокино,rostokino,core-215,кодирование ростокино
kodirovanie,Кодирование,кодирование,metro,Ростокино,rostokino,core-215,кодирование метро ростокино
kodirovanie,Кодирование,кодирование,metro,Румянцево,rumyancevo,core-215,кодирование румянцево
kodirovanie,Кодирование,кодирование,metro,Румянцево,rumyancevo,core-215,кодирование метро румянцево
kodirovanie,Кодирование,кодирование,metro,Рязанский проспект,ryazanskij-prospekt,core-215,кодирование рязанский проспект
kodirovanie,Кодирование,кодирование,metro,Рязанский проспект,ryazanskij-prospekt,core-215,кодирование метро рязанский проспект
kodirovanie,Кодирование,кодирование,metro,Саларьево,salarevo,core-215,кодирование саларьево
kodirovanie,Кодирование,кодирование,metro,Саларьево,salarevo,core-215,кодирование метро саларьево
kodirovanie,Кодирование,кодирование,metro,Савёловская,savelovskaya,core-215,кодирование савёловская
kodirovanie,Кодирование,кодирование,metro,Савёловская,savelovskaya,core-215,кодирование метро савёловская
kodirovanie,Кодирование,кодирование,metro,Селигерская,seligerskaya,core-215,кодирование селигерская
kodirovanie,Кодирование,кодирование,metro,Селигерская,seligerskaya,core-215,кодирование метро селигерская
kodirovanie,Кодирование,кодирование,metro,Семёновская,semenovskaya,core-215,кодирование семёновская
kodirovanie,Кодирование,кодирование,metro,Семёновская,semenovskaya,core-215,кодирование метро семёновская
kodirovanie,Кодирование,кодирование,metro,Серпуховская,serpuhovskaya,core-215,кодирование серпуховская
kodirovanie,Кодирование,кодирование,metro,Серпуховская,serpuhovskaya,core-215,кодирование метро серпуховская
kodirovanie,Кодирование,кодирование,metro,Севастопольская,sevastopolskaya,core-215,кодирование севастопольская
kodirovanie,Кодирование,кодирование,metro,Севастопольская,sevastopolskaya,core-215,кодирование метро севастопольская
kodirovanie,Кодирование,кодирование,metro,Шаболовская,shabolovskaya,core-215,кодирование шаболовская
kodirovanie,Кодирование,кодирование,metro,Шаболовская,shabolovskaya,core-215,кодирование метро шаболовская
kodirovanie,Кодирование,кодирование,metro,Шелепиха,shelepiha,core-215,кодирование шелепиха
kodirovanie,Кодирование,кодирование,metro,Шелепиха,shelepiha,core-215,кодирование метро шелепиха
kodirovanie,Кодирование,кодирование,metro,Щукинская,shchukinskaya,core-215,кодирование щукинская
kodirovanie,Кодирование,кодирование,metro,Щукинская,shchukinskaya,core-215,кодирование метро щукинская
kodirovanie,Кодирование,кодирование,metro,Щёлковская,shchelkovskaya,core-215,кодирование щёлковская
kodirovanie,Кодирование,кодирование,metro,Щёлковская,shchelkovskaya,core-215,кодирование метро щёлковская
kodirovanie,Кодирование,кодирование,metro,Шипиловская,shipilovskaya,core-215,кодирование шипиловская
kodirovanie,Кодирование,кодирование,metro,Шипиловская,shipilovskaya,core-215,кодирование метро шипиловская
kodirovanie,Кодирование,кодирование,metro,Сходненская,shodnenskaya,core-215,кодирование сходненская
kodirovanie,Кодирование,кодирование,metro,Сходненская,shodnenskaya,core-215,кодирование метро сходненская
kodirovanie,Кодирование,кодирование,metro,Шоссе Энтузиастов,shosse-entuziastov,core-215,кодирование шоссе энтузиастов
kodirovanie,Кодирование,кодирование,metro,Шоссе Энтузиастов,shosse-entuziastov,core-215,кодирование метро шоссе энтузиастов
kodirovanie,Кодирование,кодирование,metro,Улица Скобелевская,ulica-skobelevskaya,core-215,кодирование улица скобелевская
kodirovanie,Кодирование,кодирование,metro,Улица Скобелевская,ulica-skobelevskaya,core-215,кодирование метро улица скобелевская
kodirovanie,Кодирование,кодирование,metro,Славянский бульвар,slavyanskij-bulvar,core-215,кодирование славянский бульвар
kodirovanie,Кодирование,кодирование,metro,Славянский бульвар,slavyanskij-bulvar,core-215,кодирование метро славянский бульвар
kodirovanie,Кодирование,кодирование,metro,Смоленская,smolenskaya,core-215,кодирование смоленская
kodirovanie,Кодирование,кодирование,metro,Смоленская,smolenskaya,core-215,кодирование метро смоленская
kodirovanie,Кодирование,кодирование,metro,Сокол,sokol,core-215,кодирование сокол
kodirovanie,Кодирование,кодирование,metro,Сокол,sokol,core-215,кодирование метро сокол
kodirovanie,Кодирование,кодирование,metro,Соколиная гора,sokolinaya-gora,core-215,кодирование соколиная гора
kodirovanie,Кодирование,кодирование,metro,Соколиная гора,sokolinaya-gora,core-215,кодирование метро соколиная гора
kodirovanie,Кодирование,кодирование,metro,Спартак,spartak,core-215,кодирование спартак
kodirovanie,Кодирование,кодирование,metro,Спартак,spartak,core-215,кодирование метро спартак
kodirovanie,Кодирование,кодирование,metro,Спортивная,sportivnaya,core-215,кодирование спортивная
kodirovanie,Кодирование,кодирование,metro,Спортивная,sportivnaya,core-215,кодирование метро спортивная
kodirovanie,Кодирование,кодирование,metro,Сретенский бульвар,sretenskij-bulvar,core-215,кодирование сретенский бульвар
kodirovanie,Кодирование,кодирование,metro,Сретенский бульвар,sretenskij-bulvar,core-215,кодирование метро сретенский бульвар
kodirovanie,Кодирование,кодирование,metro,Стрешнево,streshnevo,core-215,кодирование стрешнево
kodirovanie,Кодирование,кодирование,metro,Стрешнево,streshnevo,core-215,кодирование метро стрешнево
kodirovanie,Кодирование,кодирование,metro,Строгино,strogino,core-215,кодирование строгино
kodirovanie,Кодирование,кодирование,metro,Строгино,strogino,core-215,кодирование метро строгино
kodirovanie,Кодирование,кодирование,metro,Студенческая,studencheskaya,core-215,кодирование студенческая
kodirovanie,Кодирование,кодирование,metro,Студенческая,studencheskaya,core-215,кодирование метро студенческая
kodirovanie,Кодирование,кодирование,metro,Сухаревская,suharevskaya,core-215,кодирование сухаревская
kodirovanie,Кодирование,кодирование,metro,Сухаревская,suharevskaya,core-215,кодирование метро сухаревская
kodirovanie,Кодирование,кодирование,metro,Свиблово,sviblovo,core-215,кодирование свиблово
kodirovanie,Кодирование,кодирование,metro,Свиблово,sviblovo,core-215,кодирование метро свиблово
kodirovanie,Кодирование,кодирование,metro,Таганская,taganskaya,core-215,кодирование таганская
kodirovanie,Кодирование,кодирование,metro,Таганская,taganskaya,core-215,кодирование метро таганская
kodirovanie,Кодирование,кодирование,metro,Театральная,teatralnaya,core-215,кодирование театральная
kodirovanie,Кодирование,кодирование,metro,Театральная,teatralnaya,core-215,кодирование метро театральная
kodirovanie,Кодирование,кодирование,metro,Технопарк,tehnopark,core-215,кодирование технопарк
kodirovanie,Кодирование,кодирование,metro,Технопарк,tehnopark,core-215,кодирование метро технопарк
kodirovanie,Кодирование,кодирование,metro,Текстильщики,tekstilshchiki,core-215,кодирование текстильщики
kodirovanie,Кодирование,кодирование,metro,Текстильщики,tekstilshchiki,core-215,кодирование метро текстильщики
kodirovanie,Кодирование,кодирование,metro,Телецентр,telecentr,core-215,кодирование телецентр
kodirovanie,Кодирование,кодирование,metro,Телецентр,telecentr,core-215,кодирование метро телецентр
kodirovanie,Кодирование,кодирование,metro,Тёплый Стан,teplyj-stan,core-215,кодирование тёплый стан
kodirovanie,Кодирование,кодирование,metro,Тёплый Стан,teplyj-stan,core-215,кодирование метро тёплый стан
kodirovanie,Кодирование,кодирование,metro,Тимирязевская,timiryazevskaya,core-215,кодирование тимирязевская
kodirovanie,Кодирование,кодирование,metro,Тимирязевская,timiryazevskaya,core-215,кодирование метро тимирязевская
kodirovanie,Кодирование,кодирование,metro,Третьяковская,tretyakovskaya,core-215,кодирование третьяковская
kodirovanie,Кодирование,кодирование,metro,Третьяковская,tretyakovskaya,core-215,кодирование метро третьяковская
kodirovanie,Кодирование,кодирование,metro,Тропарёво,troparevo,core-215,кодирование тропарёво
kodirovanie,Кодирование,кодирование,metro,Тропарёво,troparevo,core-215,кодирование метро тропарёво
kodirovanie,Кодирование,кодирование,metro,Трубная,trubnaya,core-215,кодирование трубная
kodirovanie,Кодирование,кодирование,metro,Трубная,trubnaya,core-215,кодирование метро трубная
kodirovanie,Кодирование,кодирование,metro,Тульская,tulskaya,core-215,кодирование тульская
kodirovanie,Кодирование,кодирование,metro,Тульская,tulskaya,core-215,кодирование метро тульская
kodirovanie,Кодирование,кодирование,metro,Тургеневская,turgenevskaya,core-215,кодирование тургеневская
kodirovanie,Кодирование,кодирование,metro,Тургеневская,turgenevskaya,core-215,кодирование метро тургеневская
kodirovanie,Кодирование,кодирование,metro,Тушинская,tushinskaya,core-215,кодирование тушинская
kodirovanie,Кодирование,кодирование,metro,Тушинская,tushinskaya,core-215,кодирование метро тушинская
kodirovanie,Кодирование,кодирование,metro,Тверская,tverskaya,core-215,кодирование тверская
kodirovanie,Кодирование,кодирование,metro,Тверская,tverskaya,core-215,кодирование метро тверская
kodirovanie,Кодирование,кодирование,metro,Угрешская,ugreshskaya,core-215,кодирование угрешская
kodirovanie,Кодирование,кодирование,metro,Угрешская,ugreshskaya,core-215,кодирование метро угрешская
kodirovanie,Кодирование,кодирование,metro,Улица 1905 года,ulica-1905-goda,core-215,кодирование улица 1905 года
kodirovanie,Кодирование,кодирование,metro,Улица 1905 года,ulica-1905-goda,core-215,кодирование метро улица 1905 года
kodirovanie,Кодирование,кодирование,metro,Улица Академика Королёва,ulica-akademika-koroleva,core-215,кодирование улица академика королёва
kodirovanie,Кодирование,кодирование,metro,Улица Академика Королёва,ulica-akademika-koroleva,core-215,кодирование метро улица академика королёва
kodirovanie,Кодирование,кодирование,metro,Улица Академика Янгеля,ulica-akademika-yangelya,core-215,кодирование улица академика янгеля
kodirovanie,Кодирование,кодирование,metro,Улица Академика Янгеля,ulica-akademika-yangelya,core-215,кодирование метро улица академика янгеля
kodirovanie,Кодирование,кодирование,metro,Улица Горчакова,ulica-gorchakova,core-215,кодирование улица горчакова
kodirovanie,Кодирование,кодирование,metro,Улица Горчакова,ulica-gorchakova,core-215,кодирование метро улица горчакова
kodirovanie,Кодирование,кодирование,metro,Улица Милашенкова,ulica-milashenkova,core-215,кодирование улица милашенкова
kodirovanie,Кодирование,кодирование,metro,Улица Милашенкова,ulica-milashenkova,core-215,кодирование метро улица милашенкова
kodirovanie,Кодирование,кодирование,metro,Улица Сергея Эйзенштейна,ulica-sergeya-ejzenshtejna,core-215,кодирование улица сергея эйзенштейна
kodirovanie,Кодирование,кодирование,metro,Улица Сергея Эйзенштейна,ulica-sergeya-ejzenshtejna,core-215,кодирование метро улица сергея эйзенштейна
kodirovanie,Кодирование,кодирование,metro,Улица Старокачаловская,ulica-starokachalovskaya,core-215,кодирование улица старокачаловская
kodirovanie,Кодирование,кодирование,metro,Улица Старокачаловская,ulica-starokachalovskaya,core-215,кодирование метро улица старокачаловская
kodirovanie,Кодирование,кодирование,metro,Университет,universitet,core-215,кодирование университет
kodirovanie,Кодирование,кодирование,metro,Университет,universitet,core-215,кодирование метро университет
kodirovanie,Кодирование,кодирование,metro,Варшавская,varshavskaya,core-215,кодирование варшавская
kodirovanie,Кодирование,кодирование,metro,Варшавская,varshavskaya,core-215,кодирование метро варшавская
kodirovanie,Кодирование,кодирование,metro,ВДНХ,vdnh,core-215,кодирование вднх
kodirovanie,Кодирование,кодирование,metro,ВДНХ,vdnh,core-215,кодирование метро вднх
kodirovanie,Кодирование,кодирование,metro,Верхние Котлы,verhnie-kotly,core-215,кодирование верхние котлы
kodirovanie,Кодирование,кодирование,metro,Верхние Котлы,verhnie-kotly,core-215,кодирование метро верхние котлы
kodirovanie,Кодирование,кодирование,metro,Верхние Лихоборы,verhnie-lihobory,core-215,кодирование верхние лихоборы
kodirovanie,Кодирование,кодирование,metro,Верхние Лихоборы,verhnie-lihobory,core-215,кодирование метро верхние лихоборы
kodirovanie,Кодирование,кодирование,metro,Владыкино,vladykino,core-215,кодирование владыкино
kodirovanie,Кодирование,кодирование,metro,Владыкино,vladykino,core-215,кодирование метро владыкино
kodirovanie,Кодирование,кодирование,metro,Водный стадион,vodnyj-stadion,core-215,кодирование водный стадион
kodirovanie,Кодирование,кодирование,metro,Водный стадион,vodnyj-stadion,core-215,кодирование метро водный стадион
kodirovanie,Кодирование,кодирование,metro,Войковская,vojkovskaya,core-215,кодирование войковская
kodirovanie,Кодирование,кодирование,metro,Войковская,vojkovskaya,core-215,кодирование метро войковская
kodirovanie,Кодирование,кодирование,metro,Волгоградский проспект,volgogradskij-prospekt,core-215,кодирование волгоградский проспект
kodirovanie,Кодирование,кодирование,metro,Волгоградский проспект,volgogradskij-prospekt,core-215,кодирование метро волгоградский проспект
kodirovanie,Кодирование,кодирование,metro,Волоколамская,volokolamskaya,core-215,кодирование волоколамская
kodirovanie,Кодирование,кодирование,metro,Волоколамская,volokolamskaya,core-215,кодирование метро волоколамская
kodirovanie,Кодирование,кодирование,metro,Волжская,volzhskaya,core-215,кодирование волжская
kodirovanie,Кодирование,кодирование,metro,Волжская,volzhskaya,core-215,кодирование метро волжская
kodirovanie,Кодирование,кодирование,metro,Воробьёвы горы,vorobevy-gory,core-215,кодирование воробьёвы горы
kodirovanie,Кодирование,кодирование,metro,Воробьёвы горы,vorobevy-gory,core-215,кодирование метро воробьёвы горы
kodirovanie,Кодирование,кодирование,metro,Выхино,vyhino,core-215,кодирование выхино
kodirovanie,Кодирование,кодирование,metro,Выхино,vyhino,core-215,кодирование метро выхино
kodirovanie,Кодирование,кодирование,metro,Выставочная,vystavochnaya,core-215,кодирование выставочная
kodirovanie,Кодирование,кодирование,metro,Выставочная,vystavochnaya,core-215,кодирование метро выставочная
kodirovanie,Кодирование,кодирование,metro,Выставочный центр,vystavochnyj-centr,core-215,кодирование выставочный центр
kodirovanie,Кодирование,кодирование,metro,Выставочный центр,vystavochnyj-centr,core-215,кодирование метро выставочный центр
kodirovanie,Кодирование,кодирование,metro,Ясенево,yasenevo,core-215,кодирование ясенево
kodirovanie,Кодирование,кодирование,metro,Ясенево,yasenevo,core-215,кодирование метро ясенево
kodirovanie,Кодирование,кодирование,metro,Юго-Западная,yugo-zapadnaya,core-215,кодирование юго-западная
kodirovanie,Кодирование,кодирование,metro,Юго-Западная,yugo-zapadnaya,core-215,кодирование метро юго-западная
kodirovanie,Кодирование,кодирование,metro,Южная,yuzhnaya,core-215,кодирование южная
kodirovanie,Кодирование,кодирование,metro,Южная,yuzhnaya,core-215,кодирование метро южная
kodirovanie,Кодирование,кодирование,metro,Жулебино,zhulebino,core-215,кодирование жулебино
kodirovanie,Кодирование,кодирование,metro,Жулебино,zhulebino,core-215,кодирование метро жулебино
kodirovanie,Кодирование,кодирование,metro,ЗИЛ,zil,core-215,кодирование зил
kodirovanie,Кодирование,кодирование,metro,ЗИЛ,zil,core-215,кодирование метро зил
kodirovanie,Кодирование,кодирование,metro,Зорге,zorge,core-215,кодирование зорге
kodirovanie,Кодирование,кодирование,metro,Зорге,zorge,core-215,кодирование метро зорге
kodirovanie,Кодирование,кодирование,metro,Зябликово,zyablikovo,core-215,кодирование зябликово
kodirovanie,Кодирование,кодирование,metro,Зябликово,zyablikovo,core-215,кодирование метро зябликово
kodirovanie,Кодирование,кодирование,okrug,ЦАО,cao,core-12,кодирование цао
kodirovanie,Кодирование,кодирование,okrug,САО,sao,core-12,кодирование сао
kodirovanie,Кодирование,кодирование,okrug,СВАО,svao,core-12,кодирование свао
kodirovanie,Кодирование,кодирование,okrug,ВАО,vao,core-12,кодирование вао
kodirovanie,Кодирование,кодирование,okrug,ЮВАО,yuvao,core-12,кодирование ювао
kodirovanie,Кодирование,кодирование,okrug,ЮАО,yuao,core-12,кодирование юао
kodirovanie,Кодирование,кодирование,okrug,ЮЗАО,yuzao,core-12,кодирование юзао
kodirovanie,Кодирование,кодирование,okrug,ЗАО,zao,core-12,кодирование зао
kodirovanie,Кодирование,кодирование,okrug,СЗАО,szao,core-12,кодирование сзао
kodirovanie,Кодирование,кодирование,okrug,ЗелАО,zelao,core-12,кодирование зелао
kodirovanie,Кодирование,кодирование,okrug,НАО,nao,core-12,кодирование нао
kodirovanie,Кодирование,кодирование,okrug,ТАО,tao,core-12,кодирование тао
kodirovanie,Кодирование,кодирование,mo,Балашиха,balashiha,tier-1,кодирование балашиха
kodirovanie,Кодирование,кодирование,mo,Подольск,podolsk,tier-1,кодирование подольск
kodirovanie,Кодирование,кодирование,mo,Химки,himki,tier-1,кодирование химки
kodirovanie,Кодирование,кодирование,mo,Мытищи,mytishchi,tier-1,кодирование мытищи
kodirovanie,Кодирование,кодирование,mo,Королёв,korolev,tier-1,кодирование королёв
kodirovanie,Кодирование,кодирование,mo,Люберцы,lyubertsy,tier-1,кодирование люберцы
kodirovanie,Кодирование,кодирование,mo,Красногорск,krasnogorsk,tier-1,кодирование красногорск
kodirovanie,Кодирование,кодирование,mo,Электросталь,elektrostal,tier-1,кодирование электросталь
kodirovanie,Кодирование,кодирование,mo,Коломна,kolomna,tier-1,кодирование коломна
kodirovanie,Кодирование,кодирование,mo,Одинцово,odincovo,tier-1,кодирование одинцово
kodirovanie,Кодирование,кодирование,mo,Домодедово,domodedovo,tier-1,кодирование домодедово
kodirovanie,Кодирование,кодирование,mo,Щёлково,shchelkovo,tier-1,кодирование щёлково
kodirovanie,Кодирование,кодирование,mo,Серпухов,serpuhov,tier-1,кодирование серпухов
kodirovanie,Кодирование,кодирование,mo,Раменское,ramenskoe,tier-1,кодирование раменское
kodirovanie,Кодирование,кодирование,mo,Долгопрудный,dolgoprudnyj,tier-1,кодирование долгопрудный
kodirovanie,Кодирование,кодирование,mo,Пушкино,pushkino,tier-1,кодирование пушкино
kodirovanie,Кодирование,кодирование,mo,Реутов,reutov,tier-1,кодирование реутов
kodirovanie,Кодирование,кодирование,mo,Жуковский,zhukovskij,tier-1,кодирование жуковский
kodirovanie,Кодирование,кодирование,mo,Ногинск,noginsk,tier-1,кодирование ногинск
kodirovanie,Кодирование,кодирование,mo,Сергиев Посад,sergiev-posad,tier-1,кодирование сергиев посад
kodirovanie,Кодирование,кодирование,mo,Воскресенск,voskresensk,tier-1,кодирование воскресенск
kodirovanie,Кодирование,кодирование,mo,Орехово-Зуево,orehovo-zuevo,tier-1,кодирование орехово-зуево
kodirovanie,Кодирование,кодирование,mo,Павловский Посад,pavlovskij-posad,tier-1,кодирование павловский посад
kodirovanie,Кодирование,кодирование,mo,Лобня,lobnya,tier-1,кодирование лобня
kodirovanie,Кодирование,кодирование,mo,Ивантеевка,ivanteevka,tier-1,кодирование ивантеевка
kodirovanie,Кодирование,кодирование,mo,Клин,klin,tier-1,кодирование клин
kodirovanie,Кодирование,кодирование,mo,Егорьевск,egorevsk,tier-1,кодирование егорьевск
kodirovanie,Кодирование,кодирование,mo,Дмитров,dmitrov,tier-1,кодирование дмитров
kodirovanie,Кодирование,кодирование,mo,Чехов,chehov,tier-1,кодирование чехов
kodirovanie,Кодирование,кодирование,mo,Наро-Фоминск,naro-fominsk,tier-1,кодирование наро-фоминск
kodirovanie,Кодирование,кодирование,mo,Ступино,stupino,tier-2,кодирование ступино
kodirovanie,Кодирование,кодирование,mo,Видное,vidnoe,tier-2,кодирование видное
kodirovanie,Кодирование,кодирование,mo,Фрязино,fryazino,tier-2,кодирование фрязино
kodirovanie,Кодирование,кодирование,mo,Лыткарино,lytkarino,tier-2,кодирование лыткарино
kodirovanie,Кодирование,кодирование,mo,Дзержинский,dzerzhinskij,tier-2,кодирование дзержинский
kodirovanie,Кодирование,кодирование,mo,Котельники,kotelniki,tier-2,кодирование котельники
kodirovanie,Кодирование,кодирование,mo,Истра,istra,tier-2,кодирование истра
kodirovanie,Кодирование,кодирование,mo,Дедовск,dedovsk,tier-2,кодирование дедовск
kodirovanie,Кодирование,кодирование,mo,Солнечногорск,solnechnogorsk,tier-2,кодирование солнечногорск
kodirovanie,Кодирование,кодирование,mo,Апрелевка,aprelevka,tier-2,кодирование апрелевка
kodirovanie,Кодирование,кодирование,mo,Кубинка,kubinka,tier-2,кодирование кубинка
kodirovanie,Кодирование,кодирование,mo,Руза,ruza,tier-2,кодирование руза
kodirovanie,Кодирование,кодирование,mo,Звенигород,zvenigorod,tier-2,кодирование звенигород
kodirovanie,Кодирование,кодирование,mo,Можайск,mozhajsk,tier-2,кодирование можайск
kodirovanie,Кодирование,кодирование,mo,Луховицы,luhovicy,tier-2,кодирование луховицы
kodirovanie,Кодирование,кодирование,mo,Кашира,kashira,tier-2,кодирование кашира
kodirovanie,Кодирование,кодирование,mo,Протвино,protvino,tier-2,кодирование протвино
kodirovanie,Кодирование,кодирование,mo,Дубна,dubna,tier-2,кодирование дубна
kodirovanie,Кодирование,кодирование,mo,Черноголовка,chernogolovka,tier-2,кодирование черноголовка
kodirovanie,Кодирование,кодирование,mo,Волоколамск,volokolamsk,tier-2,кодирование волоколамск
psihiatr-na-dom,Психиатр,психиатр,okrug,ЦАО,cao,core-12,психиатр цао
psihiatr-na-dom,Психиатр,психиатр,okrug,САО,sao,core-12,психиатр сао
psihiatr-na-dom,Психиатр,психиатр,okrug,СВАО,svao,core-12,психиатр свао
psihiatr-na-dom,Психиатр,психиатр,okrug,ВАО,vao,core-12,психиатр вао
psihiatr-na-dom,Психиатр,психиатр,okrug,ЮВАО,yuvao,core-12,психиатр ювао
psihiatr-na-dom,Психиатр,психиатр,okrug,ЮАО,yuao,core-12,психиатр юао
psihiatr-na-dom,Психиатр,психиатр,okrug,ЮЗАО,yuzao,core-12,психиатр юзао
psihiatr-na-dom,Психиатр,психиатр,okrug,ЗАО,zao,core-12,психиатр зао
psihiatr-na-dom,Психиатр,психиатр,okrug,СЗАО,szao,core-12,психиатр сзао
psihiatr-na-dom,Психиатр,психиатр,okrug,ЗелАО,zelao,core-12,психиатр зелао
psihiatr-na-dom,Психиатр,психиатр,okrug,НАО,nao,core-12,психиатр нао
psihiatr-na-dom,Психиатр,психиатр,okrug,ТАО,tao,core-12,психиатр тао
psihiatr-na-dom,Психиатр,психиатр,mo,Балашиха,balashiha,tier-1,психиатр балашиха
psihiatr-na-dom,Психиатр,психиатр,mo,Подольск,podolsk,tier-1,психиатр подольск
psihiatr-na-dom,Психиатр,психиатр,mo,Химки,himki,tier-1,психиатр химки
psihiatr-na-dom,Психиатр,психиатр,mo,Мытищи,mytishchi,tier-1,психиатр мытищи
psihiatr-na-dom,Психиатр,психиатр,mo,Королёв,korolev,tier-1,психиатр королёв
psihiatr-na-dom,Психиатр,психиатр,mo,Люберцы,lyubertsy,tier-1,психиатр люберцы
psihiatr-na-dom,Психиатр,психиатр,mo,Красногорск,krasnogorsk,tier-1,психиатр красногорск
psihiatr-na-dom,Психиатр,психиатр,mo,Электросталь,elektrostal,tier-1,психиатр электросталь
psihiatr-na-dom,Психиатр,психиатр,mo,Коломна,kolomna,tier-1,психиатр коломна
psihiatr-na-dom,Психиатр,психиатр,mo,Одинцово,odincovo,tier-1,психиатр одинцово
psihiatr-na-dom,Психиатр,психиатр,mo,Домодедово,domodedovo,tier-1,психиатр домодедово
psihiatr-na-dom,Психиатр,психиатр,mo,Щёлково,shchelkovo,tier-1,психиатр щёлково
psihiatr-na-dom,Психиатр,психиатр,mo,Серпухов,serpuhov,tier-1,психиатр серпухов
psihiatr-na-dom,Психиатр,психиатр,mo,Раменское,ramenskoe,tier-1,психиатр раменское
psihiatr-na-dom,Психиатр,психиатр,mo,Долгопрудный,dolgoprudnyj,tier-1,психиатр долгопрудный
psihiatr-na-dom,Психиатр,психиатр,mo,Пушкино,pushkino,tier-1,психиатр пушкино
psihiatr-na-dom,Психиатр,психиатр,mo,Реутов,reutov,tier-1,психиатр реутов
psihiatr-na-dom,Психиатр,психиатр,mo,Жуковский,zhukovskij,tier-1,психиатр жуковский
psihiatr-na-dom,Психиатр,психиатр,mo,Ногинск,noginsk,tier-1,психиатр ногинск
psihiatr-na-dom,Психиатр,психиатр,mo,Сергиев Посад,sergiev-posad,tier-1,психиатр сергиев посад
psihiatr-na-dom,Психиатр,психиатр,mo,Воскресенск,voskresensk,tier-1,психиатр воскресенск
psihiatr-na-dom,Психиатр,психиатр,mo,Орехово-Зуево,orehovo-zuevo,tier-1,психиатр орехово-зуево
psihiatr-na-dom,Психиатр,психиатр,mo,Павловский Посад,pavlovskij-posad,tier-1,психиатр павловский посад
psihiatr-na-dom,Психиатр,психиатр,mo,Лобня,lobnya,tier-1,психиатр лобня
psihiatr-na-dom,Психиатр,психиатр,mo,Ивантеевка,ivanteevka,tier-1,психиатр ивантеевка
psihiatr-na-dom,Психиатр,психиатр,mo,Клин,klin,tier-1,психиатр клин
psihiatr-na-dom,Психиатр,психиатр,mo,Егорьевск,egorevsk,tier-1,психиатр егорьевск
psihiatr-na-dom,Психиатр,психиатр,mo,Дмитров,dmitrov,tier-1,психиатр дмитров
psihiatr-na-dom,Психиатр,психиатр,mo,Чехов,chehov,tier-1,психиатр чехов
psihiatr-na-dom,Психиатр,психиатр,mo,Наро-Фоминск,naro-fominsk,tier-1,психиатр наро-фоминск
psihiatr-na-dom,Психиатр,психиатр,mo,Ступино,stupino,tier-2,психиатр ступино
psihiatr-na-dom,Психиатр,психиатр,mo,Видное,vidnoe,tier-2,психиатр видное
psihiatr-na-dom,Психиатр,психиатр,mo,Фрязино,fryazino,tier-2,психиатр фрязино
psihiatr-na-dom,Психиатр,психиатр,mo,Лыткарино,lytkarino,tier-2,психиатр лыткарино
psihiatr-na-dom,Психиатр,психиатр,mo,Дзержинский,dzerzhinskij,tier-2,психиатр дзержинский
psihiatr-na-dom,Психиатр,психиатр,mo,Котельники,kotelniki,tier-2,психиатр котельники
psihiatr-na-dom,Психиатр,психиатр,mo,Истра,istra,tier-2,психиатр истра
psihiatr-na-dom,Психиатр,психиатр,mo,Дедовск,dedovsk,tier-2,психиатр дедовск
psihiatr-na-dom,Психиатр,психиатр,mo,Солнечногорск,solnechnogorsk,tier-2,психиатр солнечногорск
psihiatr-na-dom,Психиатр,психиатр,mo,Апрелевка,aprelevka,tier-2,психиатр апрелевка
psihiatr-na-dom,Психиатр,психиатр,mo,Кубинка,kubinka,tier-2,психиатр кубинка
psihiatr-na-dom,Психиатр,психиатр,mo,Руза,ruza,tier-2,психиатр руза
psihiatr-na-dom,Психиатр,психиатр,mo,Звенигород,zvenigorod,tier-2,психиатр звенигород
psihiatr-na-dom,Психиатр,психиатр,mo,Можайск,mozhajsk,tier-2,психиатр можайск
psihiatr-na-dom,Психиатр,психиатр,mo,Луховицы,luhovicy,tier-2,психиатр луховицы
psihiatr-na-dom,Психиатр,психиатр,mo,Кашира,kashira,tier-2,психиатр кашира
psihiatr-na-dom,Психиатр,психиатр,mo,Протвино,protvino,tier-2,психиатр протвино
psihiatr-na-dom,Психиатр,психиатр,mo,Дубна,dubna,tier-2,психиатр дубна
psihiatr-na-dom,Психиатр,психиатр,mo,Черноголовка,chernogolovka,tier-2,психиатр черноголовка
psihiatr-na-dom,Психиатр,психиатр,mo,Волоколамск,volokolamsk,tier-2,психиатр волоколамск
lechenie-alkogolizma,Лечение алкоголизма,лечение алкоголизма,mo,Балашиха,balashiha,tier-1,лечение алкоголизма балашиха
lechenie-alkogolizma,Лечение алкоголизма,лечение алкоголизма,mo,Подольск,podolsk,tier-1,лечение алкоголизма подольск
lechenie-alkogolizma,Лечение алкоголизма,лечение алкоголизма,mo,Химки,himki,tier-1,лечение алкоголизма химки
lechenie-alkogolizma,Лечение алкоголизма,лечение алкоголизма,mo,Мытищи,mytishchi,tier-1,лечение алкоголизма мытищи
lechenie-alkogolizma,Лечение алкоголизма,лечение алкоголизма,mo,Королёв,korolev,tier-1,лечение алкоголизма королёв
lechenie-alkogolizma,Лечение алкоголизма,лечение алкоголизма,mo,Люберцы,lyubertsy,tier-1,лечение алкоголизма люберцы
lechenie-alkogolizma,Лечение алкоголизма,лечение алкоголизма,mo,Красногорск,krasnogorsk,tier-1,лечение алкоголизма красногорск
lechenie-alkogolizma,Лечение алкоголизма,лечение алкоголизма,mo,Электросталь,elektrostal,tier-1,лечение алкоголизма электросталь
lechenie-alkogolizma,Лечение алкоголизма,лечение алкоголизма,mo,Коломна,kolomna,tier-1,лечение алкоголизма коломна
lechenie-alkogolizma,Лечение алкоголизма,лечение алкоголизма,mo,Одинцово,odincovo,tier-1,лечение алкоголизма одинцово
lechenie-alkogolizma,Лечение алкоголизма,лечение алкоголизма,mo,Домодедово,domodedovo,tier-1,лечение алкоголизма домодедово
lechenie-alkogolizma,Лечение алкоголизма,лечение алкоголизма,mo,Щёлково,shchelkovo,tier-1,лечение алкоголизма щёлково
lechenie-alkogolizma,Лечение алкоголизма,лечение алкоголизма,mo,Серпухов,serpuhov,tier-1,лечение алкоголизма серпухов
lechenie-alkogolizma,Лечение алкоголизма,лечение алкоголизма,mo,Раменское,ramenskoe,tier-1,лечение алкоголизма раменское
lechenie-alkogolizma,Лечение алкоголизма,лечение алкоголизма,mo,Долгопрудный,dolgoprudnyj,tier-1,лечение алкоголизма долгопрудный
lechenie-alkogolizma,Лечение алкоголизма,лечение алкоголизма,mo,Пушкино,pushkino,tier-1,лечение алкоголизма пушкино
lechenie-alkogolizma,Лечение алкоголизма,лечение алкоголизма,mo,Реутов,reutov,tier-1,лечение алкоголизма реутов
lechenie-alkogolizma,Лечение алкоголизма,лечение алкоголизма,mo,Жуковский,zhukovskij,tier-1,лечение алкоголизма жуковский
lechenie-alkogolizma,Лечение алкоголизма,лечение алкоголизма,mo,Ногинск,noginsk,tier-1,лечение алкоголизма ногинск
lechenie-alkogolizma,Лечение алкоголизма,лечение алкоголизма,mo,Сергиев Посад,sergiev-posad,tier-1,лечение алкоголизма сергиев посад
lechenie-alkogolizma,Лечение алкоголизма,лечение алкоголизма,mo,Воскресенск,voskresensk,tier-1,лечение алкоголизма воскресенск
lechenie-alkogolizma,Лечение алкоголизма,лечение алкоголизма,mo,Орехово-Зуево,orehovo-zuevo,tier-1,лечение алкоголизма орехово-зуево
lechenie-alkogolizma,Лечение алкоголизма,лечение алкоголизма,mo,Павловский Посад,pavlovskij-posad,tier-1,лечение алкоголизма павловский посад
lechenie-alkogolizma,Лечение алкоголизма,лечение алкоголизма,mo,Лобня,lobnya,tier-1,лечение алкоголизма лобня
lechenie-alkogolizma,Лечение алкоголизма,лечение алкоголизма,mo,Ивантеевка,ivanteevka,tier-1,лечение алкоголизма ивантеевка
lechenie-alkogolizma,Лечение алкоголизма,лечение алкоголизма,mo,Клин,klin,tier-1,лечение алкоголизма клин
lechenie-alkogolizma,Лечение алкоголизма,лечение алкоголизма,mo,Егорьевск,egorevsk,tier-1,лечение алкоголизма егорьевск
lechenie-alkogolizma,Лечение алкоголизма,лечение алкоголизма,mo,Дмитров,dmitrov,tier-1,лечение алкоголизма дмитров
lechenie-alkogolizma,Лечение алкоголизма,лечение алкоголизма,mo,Чехов,chehov,tier-1,лечение алкоголизма чехов
lechenie-alkogolizma,Лечение алкоголизма,лечение алкоголизма,mo,Наро-Фоминск,naro-fominsk,tier-1,лечение алкоголизма наро-фоминск
lechenie-narkomanii,Лечение наркомании,лечение наркомании,mo,Балашиха,balashiha,tier-1,лечение наркомании балашиха
lechenie-narkomanii,Лечение наркомании,лечение наркомании,mo,Подольск,podolsk,tier-1,лечение наркомании подольск
lechenie-narkomanii,Лечение наркомании,лечение наркомании,mo,Химки,himki,tier-1,лечение наркомании химки
lechenie-narkomanii,Лечение наркомании,лечение наркомании,mo,Мытищи,mytishchi,tier-1,лечение наркомании мытищи
lechenie-narkomanii,Лечение наркомании,лечение наркомании,mo,Королёв,korolev,tier-1,лечение наркомании королёв
lechenie-narkomanii,Лечение наркомании,лечение наркомании,mo,Люберцы,lyubertsy,tier-1,лечение наркомании люберцы
lechenie-narkomanii,Лечение наркомании,лечение наркомании,mo,Красногорск,krasnogorsk,tier-1,лечение наркомании красногорск
lechenie-narkomanii,Лечение наркомании,лечение наркомании,mo,Электросталь,elektrostal,tier-1,лечение наркомании электросталь
lechenie-narkomanii,Лечение наркомании,лечение наркомании,mo,Коломна,kolomna,tier-1,лечение наркомании коломна
lechenie-narkomanii,Лечение наркомании,лечение наркомании,mo,Одинцово,odincovo,tier-1,лечение наркомании одинцово
lechenie-narkomanii,Лечение наркомании,лечение наркомании,mo,Домодедово,domodedovo,tier-1,лечение наркомании домодедово
lechenie-narkomanii,Лечение наркомании,лечение наркомании,mo,Щёлково,shchelkovo,tier-1,лечение наркомании щёлково
lechenie-narkomanii,Лечение наркомании,лечение наркомании,mo,Серпухов,serpuhov,tier-1,лечение наркомании серпухов
lechenie-narkomanii,Лечение наркомании,лечение наркомании,mo,Раменское,ramenskoe,tier-1,лечение наркомании раменское
lechenie-narkomanii,Лечение наркомании,лечение наркомании,mo,Долгопрудный,dolgoprudnyj,tier-1,лечение наркомании долгопрудный
lechenie-narkomanii,Лечение наркомании,лечение наркомании,mo,Пушкино,pushkino,tier-1,лечение наркомании пушкино
lechenie-narkomanii,Лечение наркомании,лечение наркомании,mo,Реутов,reutov,tier-1,лечение наркомании реутов
lechenie-narkomanii,Лечение наркомании,лечение наркомании,mo,Жуковский,zhukovskij,tier-1,лечение наркомании жуковский
lechenie-narkomanii,Лечение наркомании,лечение наркомании,mo,Ногинск,noginsk,tier-1,лечение наркомании ногинск
lechenie-narkomanii,Лечение наркомании,лечение наркомании,mo,Сергиев Посад,sergiev-posad,tier-1,лечение наркомании сергиев посад
lechenie-narkomanii,Лечение наркомании,лечение наркомании,mo,Воскресенск,voskresensk,tier-1,лечение наркомании воскресенск
lechenie-narkomanii,Лечение наркомании,лечение наркомании,mo,Орехово-Зуево,orehovo-zuevo,tier-1,лечение наркомании орехово-зуево
lechenie-narkomanii,Лечение наркомании,лечение наркомании,mo,Павловский Посад,pavlovskij-posad,tier-1,лечение наркомании павловский посад
lechenie-narkomanii,Лечение наркомании,лечение наркомании,mo,Лобня,lobnya,tier-1,лечение наркомании лобня
lechenie-narkomanii,Лечение наркомании,лечение наркомании,mo,Ивантеевка,ivanteevka,tier-1,лечение наркомании ивантеевка
lechenie-narkomanii,Лечение наркомании,лечение наркомании,mo,Клин,klin,tier-1,лечение наркомании клин
lechenie-narkomanii,Лечение наркомании,лечение наркомании,mo,Егорьевск,egorevsk,tier-1,лечение наркомании егорьевск
lechenie-narkomanii,Лечение наркомании,лечение наркомании,mo,Дмитров,dmitrov,tier-1,лечение наркомании дмитров
lechenie-narkomanii,Лечение наркомании,лечение наркомании,mo,Чехов,chehov,tier-1,лечение наркомании чехов
lechenie-narkomanii,Лечение наркомании,лечение наркомании,mo,Наро-Фоминск,naro-fominsk,tier-1,лечение наркомании наро-фоминск
reabilitaciya,Реабилитация,реабилитация зависимых,mo,Балашиха,balashiha,tier-1,реабилитация зависимых балашиха
reabilitaciya,Реабилитация,реабилитация алкоголиков,mo,Балашиха,balashiha,tier-1,реабилитация алкоголиков балашиха
reabilitaciya,Реабилитация,реабилитация наркоманов,mo,Балашиха,balashiha,tier-1,реабилитация наркоманов балашиха
reabilitaciya,Реабилитация,реабилитация зависимых,mo,Подольск,podolsk,tier-1,реабилитация зависимых подольск
reabilitaciya,Реабилитация,реабилитация алкоголиков,mo,Подольск,podolsk,tier-1,реабилитация алкоголиков подольск
reabilitaciya,Реабилитация,реабилитация наркоманов,mo,Подольск,podolsk,tier-1,реабилитация наркоманов подольск
reabilitaciya,Реабилитация,реабилитация зависимых,mo,Химки,himki,tier-1,реабилитация зависимых химки
reabilitaciya,Реабилитация,реабилитация алкоголиков,mo,Химки,himki,tier-1,реабилитация алкоголиков химки
reabilitaciya,Реабилитация,реабилитация наркоманов,mo,Химки,himki,tier-1,реабилитация наркоманов химки
reabilitaciya,Реабилитация,реабилитация зависимых,mo,Мытищи,mytishchi,tier-1,реабилитация зависимых мытищи
reabilitaciya,Реабилитация,реабилитация алкоголиков,mo,Мытищи,mytishchi,tier-1,реабилитация алкоголиков мытищи
reabilitaciya,Реабилитация,реабилитация наркоманов,mo,Мытищи,mytishchi,tier-1,реабилитация наркоманов мытищи
reabilitaciya,Реабилитация,реабилитация зависимых,mo,Королёв,korolev,tier-1,реабилитация зависимых королёв
reabilitaciya,Реабилитация,реабилитация алкоголиков,mo,Королёв,korolev,tier-1,реабилитация алкоголиков королёв
reabilitaciya,Реабилитация,реабилитация наркоманов,mo,Королёв,korolev,tier-1,реабилитация наркоманов королёв
reabilitaciya,Реабилитация,реабилитация зависимых,mo,Люберцы,lyubertsy,tier-1,реабилитация зависимых люберцы
reabilitaciya,Реабилитация,реабилитация алкоголиков,mo,Люберцы,lyubertsy,tier-1,реабилитация алкоголиков люберцы
reabilitaciya,Реабилитация,реабилитация наркоманов,mo,Люберцы,lyubertsy,tier-1,реабилитация наркоманов люберцы
reabilitaciya,Реабилитация,реабилитация зависимых,mo,Красногорск,krasnogorsk,tier-1,реабилитация зависимых красногорск
reabilitaciya,Реабилитация,реабилитация алкоголиков,mo,Красногорск,krasnogorsk,tier-1,реабилитация алкоголиков красногорск
reabilitaciya,Реабилитация,реабилитация наркоманов,mo,Красногорск,krasnogorsk,tier-1,реабилитация наркоманов красногорск
reabilitaciya,Реабилитация,реабилитация зависимых,mo,Электросталь,elektrostal,tier-1,реабилитация зависимых электросталь
reabilitaciya,Реабилитация,реабилитация алкоголиков,mo,Электросталь,elektrostal,tier-1,реабилитация алкоголиков электросталь
reabilitaciya,Реабилитация,реабилитация наркоманов,mo,Электросталь,elektrostal,tier-1,реабилитация наркоманов электросталь
reabilitaciya,Реабилитация,реабилитация зависимых,mo,Коломна,kolomna,tier-1,реабилитация зависимых коломна
reabilitaciya,Реабилитация,реабилитация алкоголиков,mo,Коломна,kolomna,tier-1,реабилитация алкоголиков коломна
reabilitaciya,Реабилитация,реабилитация наркоманов,mo,Коломна,kolomna,tier-1,реабилитация наркоманов коломна
reabilitaciya,Реабилитация,реабилитация зависимых,mo,Одинцово,odincovo,tier-1,реабилитация зависимых одинцово
reabilitaciya,Реабилитация,реабилитация алкоголиков,mo,Одинцово,odincovo,tier-1,реабилитация алкоголиков одинцово
reabilitaciya,Реабилитация,реабилитация наркоманов,mo,Одинцово,odincovo,tier-1,реабилитация наркоманов одинцово
reabilitaciya,Реабилитация,реабилитация зависимых,mo,Домодедово,domodedovo,tier-1,реабилитация зависимых домодедово
reabilitaciya,Реабилитация,реабилитация алкоголиков,mo,Домодедово,domodedovo,tier-1,реабилитация алкоголиков домодедово
reabilitaciya,Реабилитация,реабилитация наркоманов,mo,Домодедово,domodedovo,tier-1,реабилитация наркоманов домодедово
reabilitaciya,Реабилитация,реабилитация зависимых,mo,Щёлково,shchelkovo,tier-1,реабилитация зависимых щёлково
reabilitaciya,Реабилитация,реабилитация алкоголиков,mo,Щёлково,shchelkovo,tier-1,реабилитация алкоголиков щёлково
reabilitaciya,Реабилитация,реабилитация наркоманов,mo,Щёлково,shchelkovo,tier-1,реабилитация наркоманов щёлково
reabilitaciya,Реабилитация,реабилитация зависимых,mo,Серпухов,serpuhov,tier-1,реабилитация зависимых серпухов
reabilitaciya,Реабилитация,реабилитация алкоголиков,mo,Серпухов,serpuhov,tier-1,реабилитация алкоголиков серпухов
reabilitaciya,Реабилитация,реабилитация наркоманов,mo,Серпухов,serpuhov,tier-1,реабилитация наркоманов серпухов
reabilitaciya,Реабилитация,реабилитация зависимых,mo,Раменское,ramenskoe,tier-1,реабилитация зависимых раменское
reabilitaciya,Реабилитация,реабилитация алкоголиков,mo,Раменское,ramenskoe,tier-1,реабилитация алкоголиков раменское
reabilitaciya,Реабилитация,реабилитация наркоманов,mo,Раменское,ramenskoe,tier-1,реабилитация наркоманов раменское
reabilitaciya,Реабилитация,реабилитация зависимых,mo,Долгопрудный,dolgoprudnyj,tier-1,реабилитация зависимых долгопрудный
reabilitaciya,Реабилитация,реабилитация алкоголиков,mo,Долгопрудный,dolgoprudnyj,tier-1,реабилитация алкоголиков долгопрудный
reabilitaciya,Реабилитация,реабилитация наркоманов,mo,Долгопрудный,dolgoprudnyj,tier-1,реабилитация наркоманов долгопрудный
reabilitaciya,Реабилитация,реабилитация зависимых,mo,Пушкино,pushkino,tier-1,реабилитация зависимых пушкино
reabilitaciya,Реабилитация,реабилитация алкоголиков,mo,Пушкино,pushkino,tier-1,реабилитация алкоголиков пушкино
reabilitaciya,Реабилитация,реабилитация наркоманов,mo,Пушкино,pushkino,tier-1,реабилитация наркоманов пушкино
reabilitaciya,Реабилитация,реабилитация зависимых,mo,Реутов,reutov,tier-1,реабилитация зависимых реутов
reabilitaciya,Реабилитация,реабилитация алкоголиков,mo,Реутов,reutov,tier-1,реабилитация алкоголиков реутов
reabilitaciya,Реабилитация,реабилитация наркоманов,mo,Реутов,reutov,tier-1,реабилитация наркоманов реутов
reabilitaciya,Реабилитация,реабилитация зависимых,mo,Жуковский,zhukovskij,tier-1,реабилитация зависимых жуковский
reabilitaciya,Реабилитация,реабилитация алкоголиков,mo,Жуковский,zhukovskij,tier-1,реабилитация алкоголиков жуковский
reabilitaciya,Реабилитация,реабилитация наркоманов,mo,Жуковский,zhukovskij,tier-1,реабилитация наркоманов жуковский
reabilitaciya,Реабилитация,реабилитация зависимых,mo,Ногинск,noginsk,tier-1,реабилитация зависимых ногинск
reabilitaciya,Реабилитация,реабилитация алкоголиков,mo,Ногинск,noginsk,tier-1,реабилитация алкоголиков ногинск
reabilitaciya,Реабилитация,реабилитация наркоманов,mo,Ногинск,noginsk,tier-1,реабилитация наркоманов ногинск
reabilitaciya,Реабилитация,реабилитация зависимых,mo,Сергиев Посад,sergiev-posad,tier-1,реабилитация зависимых сергиев посад
reabilitaciya,Реабилитация,реабилитация алкоголиков,mo,Сергиев Посад,sergiev-posad,tier-1,реабилитация алкоголиков сергиев посад
reabilitaciya,Реабилитация,реабилитация наркоманов,mo,Сергиев Посад,sergiev-posad,tier-1,реабилитация наркоманов сергиев посад
reabilitaciya,Реабилитация,реабилитация зависимых,mo,Воскресенск,voskresensk,tier-1,реабилитация зависимых воскресенск
reabilitaciya,Реабилитация,реабилитация алкоголиков,mo,Воскресенск,voskresensk,tier-1,реабилитация алкоголиков воскресенск
reabilitaciya,Реабилитация,реабилитация наркоманов,mo,Воскресенск,voskresensk,tier-1,реабилитация наркоманов воскресенск
reabilitaciya,Реабилитация,реабилитация зависимых,mo,Орехово-Зуево,orehovo-zuevo,tier-1,реабилитация зависимых орехово-зуево
reabilitaciya,Реабилитация,реабилитация алкоголиков,mo,Орехово-Зуево,orehovo-zuevo,tier-1,реабилитация алкоголиков орехово-зуево
reabilitaciya,Реабилитация,реабилитация наркоманов,mo,Орехово-Зуево,orehovo-zuevo,tier-1,реабилитация наркоманов орехово-зуево
reabilitaciya,Реабилитация,реабилитация зависимых,mo,Павловский Посад,pavlovskij-posad,tier-1,реабилитация зависимых павловский посад
reabilitaciya,Реабилитация,реабилитация алкоголиков,mo,Павловский Посад,pavlovskij-posad,tier-1,реабилитация алкоголиков павловский посад
reabilitaciya,Реабилитация,реабилитация наркоманов,mo,Павловский Посад,pavlovskij-posad,tier-1,реабилитация наркоманов павловский посад
reabilitaciya,Реабилитация,реабилитация зависимых,mo,Лобня,lobnya,tier-1,реабилитация зависимых лобня
reabilitaciya,Реабилитация,реабилитация алкоголиков,mo,Лобня,lobnya,tier-1,реабилитация алкоголиков лобня
reabilitaciya,Реабилитация,реабилитация наркоманов,mo,Лобня,lobnya,tier-1,реабилитация наркоманов лобня
reabilitaciya,Реабилитация,реабилитация зависимых,mo,Ивантеевка,ivanteevka,tier-1,реабилитация зависимых ивантеевка
reabilitaciya,Реабилитация,реабилитация алкоголиков,mo,Ивантеевка,ivanteevka,tier-1,реабилитация алкоголиков ивантеевка
reabilitaciya,Реабилитация,реабилитация наркоманов,mo,Ивантеевка,ivanteevka,tier-1,реабилитация наркоманов ивантеевка
reabilitaciya,Реабилитация,реабилитация зависимых,mo,Клин,klin,tier-1,реабилитация зависимых клин
reabilitaciya,Реабилитация,реабилитация алкоголиков,mo,Клин,klin,tier-1,реабилитация алкоголиков клин
reabilitaciya,Реабилитация,реабилитация наркоманов,mo,Клин,klin,tier-1,реабилитация наркоманов клин
reabilitaciya,Реабилитация,реабилитация зависимых,mo,Егорьевск,egorevsk,tier-1,реабилитация зависимых егорьевск
reabilitaciya,Реабилитация,реабилитация алкоголиков,mo,Егорьевск,egorevsk,tier-1,реабилитация алкоголиков егорьевск
reabilitaciya,Реабилитация,реабилитация наркоманов,mo,Егорьевск,egorevsk,tier-1,реабилитация наркоманов егорьевск
reabilitaciya,Реабилитация,реабилитация зависимых,mo,Дмитров,dmitrov,tier-1,реабилитация зависимых дмитров
reabilitaciya,Реабилитация,реабилитация алкоголиков,mo,Дмитров,dmitrov,tier-1,реабилитация алкоголиков дмитров
reabilitaciya,Реабилитация,реабилитация наркоманов,mo,Дмитров,dmitrov,tier-1,реабилитация наркоманов дмитров
reabilitaciya,Реабилитация,реабилитация зависимых,mo,Чехов,chehov,tier-1,реабилитация зависимых чехов
reabilitaciya,Реабилитация,реабилитация алкоголиков,mo,Чехов,chehov,tier-1,реабилитация алкоголиков чехов
reabilitaciya,Реабилитация,реабилитация наркоманов,mo,Чехов,chehov,tier-1,реабилитация наркоманов чехов
reabilitaciya,Реабилитация,реабилитация зависимых,mo,Наро-Фоминск,naro-fominsk,tier-1,реабилитация зависимых наро-фоминск
reabilitaciya,Реабилитация,реабилитация алкоголиков,mo,Наро-Фоминск,naro-fominsk,tier-1,реабилитация алкоголиков наро-фоминск
reabilitaciya,Реабилитация,реабилитация наркоманов,mo,Наро-Фоминск,naro-fominsk,tier-1,реабилитация наркоманов наро-фоминск
