service,service_name,geo_type,geo_name,geo_slug,tier,proposed_url,priority,action
narkolog-na-dom,Нарколог на дом,metro,Аэропорт,aeroport,core,/uslugi/narkolog-na-dom/aeroport/,P0,migrate/create
narkolog-na-dom,Нарколог на дом,metro,Александровский сад,aleksandrovskij-sad,core,/uslugi/narkolog-na-dom/aleksandrovskij-sad/,P0,migrate/create
narkolog-na-dom,Нарколог на дом,metro,Алексеевская,alekseevskaya,core,/uslugi/narkolog-na-dom/alekseevskaya/,P0,migrate/create
narkolog-na-dom,Нарколог на дом,metro,Алма-Атинская,alma-atinskaya,core,/uslugi/narkolog-na-dom/alma-atinskaya/,P0,migrate/create
narkolog-na-dom,Нарколог на дом,metro,Алтуфьево,altufevo,core,/uslugi/narkolog-na-dom/altufevo/,P0,migrate/create
narkolog-na-dom,Нарколог на дом,metro,Андроновка,andronovka,core,/uslugi/narkolog-na-dom/andronovka/,P0,migrate/create
narkolog-na-dom,Нарколог на дом,metro,Аннино,annino,core,/uslugi/narkolog-na-dom/annino/,P0,migrate/create
narkolog-na-dom,Нарколог на дом,metro,Арбатская,arbatskaya,core,/uslugi/narkolog-na-dom/arbatskaya/,P0,migrate/create
narkolog-na-dom,Нарколог на дом,metro,Авиамоторная,aviamotornaya,core,/uslugi/narkolog-na-dom/aviamotornaya/,P0,migrate/create
narkolog-na-dom,Нарколог на дом,metro,Автозаводская,avtozavodskaya,core,/uslugi/narkolog-na-dom/avtozavodskaya/,P0,migrate/create
narkolog-na-dom,Нарколог на дом,metro,Бабушкинская,babushkinskaya,core,/uslugi/narkolog-na-dom/babushkinskaya/,P0,migrate/create
narkolog-na-dom,Нарколог на дом,metro,Багратионовская,bagrationovskaya,core,/uslugi/narkolog-na-dom/bagrationovskaya/,P0,migrate/create
narkolog-na-dom,Нарколог на дом,metro,Балтийская,baltijskaya,core,/uslugi/narkolog-na-dom/baltijskaya/,P0,migrate/create
narkolog-na-dom,Нарколог на дом,metro,Баррикадная,barrikadnaya,core,/uslugi/narkolog-na-dom/barrikadnaya/,P0,migrate/create
narkolog-na-dom,Нарколог на дом,metro,Бауманская,baumanskaya,core,/uslugi/narkolog-na-dom/baumanskaya/,P0,migrate/create
narkolog-na-dom,Нарколог на дом,metro,Беговая,begovaya,core,/uslugi/narkolog-na-dom/begovaya/,P0,migrate/create
narkolog-na-dom,Нарколог на дом,metro,Белокаменная,belokamennaya,core,/uslugi/narkolog-na-dom/belokamennaya/,P0,migrate/create
narkolog-na-dom,Нарколог на дом,metro,Белорусская,belorusskaya,core,/uslugi/narkolog-na-dom/belorusskaya/,P0,migrate/create
narkolog-na-dom,Нарколог на дом,metro,Беляево,belyaevo,core,/uslugi/narkolog-na-dom/belyaevo/,P0,migrate/create
narkolog-na-dom,Нарколог на дом,metro,Бибирево,bibirevo,core,/uslugi/narkolog-na-dom/bibirevo/,P0,migrate/create
narkolog-na-dom,Нарколог на дом,metro,Библиотека имени Ленина,biblioteka-imeni-lenina,core,/uslugi/narkolog-na-dom/biblioteka-imeni-lenina/,P0,migrate/create
narkolog-na-dom,Нарколог на дом,metro,Битцевский парк,bitcevskij-park,core,/uslugi/narkolog-na-dom/bitcevskij-park/,P0,migrate/create
narkolog-na-dom,Нарколог на дом,metro,Борисово,borisovo,core,/uslugi/narkolog-na-dom/borisovo/,P0,migrate/create
narkolog-na-dom,Нарколог на дом,metro,Боровицкая,borovickaya,core,/uslugi/narkolog-na-dom/borovickaya/,P0,migrate/create
narkolog-na-dom,Нарколог на дом,metro,Ботанический сад,botanicheskij-sad,core,/uslugi/narkolog-na-dom/botanicheskij-sad/,P0,migrate/create
narkolog-na-dom,Нарколог на дом,metro,Братиславская,bratislavskaya,core,/uslugi/narkolog-na-dom/bratislavskaya/,P0,migrate/create
narkolog-na-dom,Нарколог на дом,metro,Бульвар Адмирала Ушакова,bulvar-admirala-ushakova,core,/uslugi/narkolog-na-dom/bulvar-admirala-ushakova/,P0,migrate/create
narkolog-na-dom,Нарколог на дом,metro,Бульвар Рокоссовского,bulvar-rokossovskogo,core,/uslugi/narkolog-na-dom/bulvar-rokossovskogo/,P0,migrate/create
narkolog-na-dom,Нарколог на дом,metro,Бунинская аллея,buninskaya-alleya,core,/uslugi/narkolog-na-dom/buninskaya-alleya/,P0,migrate/create
narkolog-na-dom,Нарколог на дом,metro,Бутырская,butyrskaya,core,/uslugi/narkolog-na-dom/butyrskaya/,P0,migrate/create
narkolog-na-dom,Нарколог на дом,metro,Чеховская,chehovskaya,core,/uslugi/narkolog-na-dom/chehovskaya/,P0,migrate/create
narkolog-na-dom,Нарколог на дом,metro,Черкизовская,cherkizovskaya,core,/uslugi/narkolog-na-dom/cherkizovskaya/,P0,migrate/create
narkolog-na-dom,Нарколог на дом,metro,Чертановская,chertanovskaya,core,/uslugi/narkolog-na-dom/chertanovskaya/,P0,migrate/create
narkolog-na-dom,Нарколог на дом,metro,Чистые пруды,chistye-prudy,core,/uslugi/narkolog-na-dom/chistye-prudy/,P0,migrate/create
narkolog-na-dom,Нарколог на дом,metro,Чкаловская,chkalovskaya,core,/uslugi/narkolog-na-dom/chkalovskaya/,P0,migrate/create
narkolog-na-dom,Нарколог на дом,metro,Царицыно,caricyno,core,/uslugi/narkolog-na-dom/caricyno/,P0,migrate/create
narkolog-na-dom,Нарколог на дом,metro,ЦСКА,cska,core,/uslugi/narkolog-na-dom/cska/,P0,migrate/create
narkolog-na-dom,Нарколог на дом,metro,Цветной бульвар,cvetnoj-bulvar,core,/uslugi/narkolog-na-dom/cvetnoj-bulvar/,P0,migrate/create
narkolog-na-dom,Нарколог на дом,metro,Деловой центр,delovoj-centr,core,/uslugi/narkolog-na-dom/delovoj-centr/,P0,migrate/create
narkolog-na-dom,Нарколог на дом,metro,Динамо,dinamo,core,/uslugi/narkolog-na-dom/dinamo/,P0,migrate/create
narkolog-na-dom,Нарколог на дом,metro,Дмитровская,dmitrovskaya,core,/uslugi/narkolog-na-dom/dmitrovskaya/,P0,migrate/create
narkolog-na-dom,Нарколог на дом,metro,Добрынинская,dobryninskaya,core,/uslugi/narkolog-na-dom/dobryninskaya/,P0,migrate/create
narkolog-na-dom,Нарколог на дом,metro,Домодедовская,domodedovskaya,core,/uslugi/narkolog-na-dom/domodedovskaya/,P0,migrate/create
narkolog-na-dom,Нарколог на дом,metro,Достоевская,dostoevskaya,core,/uslugi/narkolog-na-dom/dostoevskaya/,P0,migrate/create
narkolog-na-dom,Нарколог на дом,metro,Электрозаводская,elektrozavodskaya,core,/uslugi/narkolog-na-dom/elektrozavodskaya/,P0,migrate/create
narkolog-na-dom,Нарколог на дом,metro,Филёвский парк,filevskij-park,core,/uslugi/narkolog-na-dom/filevskij-park/,P0,migrate/create
narkolog-na-dom,Нарколог на дом,metro,Фили,fili,core,/uslugi/narkolog-na-dom/fili/,P0,migrate/create
narkolog-na-dom,Нарколог на дом,metro,Фонвизинская,fonvizinskaya,core,/uslugi/narkolog-na-dom/fonvizinskaya/,P0,migrate/create
narkolog-na-dom,Нарколог на дом,metro,Фрунзенская,frunzenskaya,core,/uslugi/narkolog-na-dom/frunzenskaya/,P0,migrate/create
narkolog-na-dom,Нарколог на дом,metro,Хорошёвская,horoshevskaya,core,/uslugi/narkolog-na-dom/horoshevskaya/,P0,migrate/create
narkolog-na-dom,Нарколог на дом,metro,Ховрино,hovrino,core,/uslugi/narkolog-na-dom/hovrino/,P0,migrate/create
narkolog-na-dom,Нарколог на дом,metro,Измайловская,izmajlovskaya,core,/uslugi/narkolog-na-dom/izmajlovskaya/,P0,migrate/create
narkolog-na-dom,Нарколог на дом,metro,Каховская,kahovskaya,core,/uslugi/narkolog-na-dom/kahovskaya/,P0,migrate/create
narkolog-na-dom,Нарколог на дом,metro,Калужская,kaluzhskaya,core,/uslugi/narkolog-na-dom/kaluzhskaya/,P0,migrate/create
narkolog-na-dom,Нарколог на дом,metro,Кантемировская,kantemirovskaya,core,/uslugi/narkolog-na-dom/kantemirovskaya/,P0,migrate/create
narkolog-na-dom,Нарколог на дом,metro,Каширская,kashirskaya,core,/uslugi/narkolog-na-dom/kashirskaya/,P0,migrate/create
narkolog-na-dom,Нарколог на дом,metro,Киевская,kievskaya,core,/uslugi/narkolog-na-dom/kievskaya/,P0,migrate/create
narkolog-na-dom,Нарколог на дом,metro,Китай-город,kitaj-gorod,core,/uslugi/narkolog-na-dom/kitaj-gorod/,P0,migrate/create
narkolog-na-dom,Нарколог на дом,metro,Коломенская,kolomenskaya,core,/uslugi/narkolog-na-dom/kolomenskaya/,P0,migrate/create
narkolog-na-dom,Нарколог на дом,metro,Комсомольская,komsomolskaya,core,/uslugi/narkolog-na-dom/komsomolskaya/,P0,migrate/create
narkolog-na-dom,Нарколог на дом,metro,Коньково,konkovo,core,/uslugi/narkolog-na-dom/konkovo/,P0,migrate/create
narkolog-na-dom,Нарколог на дом,metro,Коптево,koptevo,core,/uslugi/narkolog-na-dom/koptevo/,P0,migrate/create
narkolog-na-dom,Нарколог на дом,metro,Котельники,kotelniki,core,/uslugi/narkolog-na-dom/kotelniki/,P0,migrate/create
narkolog-na-dom,Нарколог на дом,metro,Кожуховская,kozhuhovskaya,core,/uslugi/narkolog-na-dom/kozhuhovskaya/,P0,migrate/create
narkolog-na-dom,Нарколог на дом,metro,Красногвардейская,krasnogvardejskaya,core,/uslugi/narkolog-na-dom/krasnogvardejskaya/,P0,migrate/create
narkolog-na-dom,Нарколог на дом,metro,Краснопресненская,krasnopresnenskaya,core,/uslugi/narkolog-na-dom/krasnopresnenskaya/,P0,migrate/create
narkolog-na-dom,Нарколог на дом,metro,Красносельская,krasnoselskaya,core,/uslugi/narkolog-na-dom/krasnoselskaya/,P0,migrate/create
narkolog-na-dom,Нарколог на дом,metro,Красные ворота,krasnye-vorota,core,/uslugi/narkolog-na-dom/krasnye-vorota/,P0,migrate/create
narkolog-na-dom,Нарколог на дом,metro,Крестьянская застава,krestyanskaya-zastava,core,/uslugi/narkolog-na-dom/krestyanskaya-zastava/,P0,migrate/create
narkolog-na-dom,Нарколог на дом,metro,Кропоткинская,kropotkinskaya,core,/uslugi/narkolog-na-dom/kropotkinskaya/,P0,migrate/create
narkolog-na-dom,Нарколог на дом,metro,Крылатское,krylatskoe,core,/uslugi/narkolog-na-dom/krylatskoe/,P0,migrate/create
narkolog-na-dom,Нарколог на дом,metro,Крымская,krymskaya,core,/uslugi/narkolog-na-dom/krymskaya/,P0,migrate/create
narkolog-na-dom,Нарколог на дом,metro,Кунцевская,kuncevskaya,core,/uslugi/narkolog-na-dom/kuncevskaya/,P0,migrate/create
narkolog-na-dom,Нарколог на дом,metro,Курская,kurskaya,core,/uslugi/narkolog-na-dom/kurskaya/,P0,migrate/create
narkolog-na-dom,Нарколог на дом,metro,Кутузовская,kutuzovskaya,core,/uslugi/narkolog-na-dom/kutuzovskaya/,P0,migrate/create
narkolog-na-dom,Нарколог на дом,metro,Кузьминки,kuzminki,core,/uslugi/narkolog-na-dom/kuzminki/,P0,migrate/create
narkolog-na-dom,Нарколог на дом,metro,Кузнецкий мост,kuzneckij-most,core,/uslugi/narkolog-na-dom/kuzneckij-most/,P0,migrate/create
narkolog-na-dom,Нарколог на дом,metro,Ленинский проспект,leninskij-prospekt,core,/uslugi/narkolog-na-dom/leninskij-prospekt/,P0,migrate/create
narkolog-na-dom,Нарколог на дом,metro,Лермонтовский проспект,lermontovskij-prospekt,core,/uslugi/narkolog-na-dom/lermontovskij-prospekt/,P0,migrate/create
narkolog-na-dom,Нарколог на дом,metro,Лесопарковая,lesoparkovaya,core,/uslugi/narkolog-na-dom/lesoparkovaya/,P0,migrate/create
narkolog-na-dom,Нарколог на дом,metro,Лихоборы,lihobory,core,/uslugi/narkolog-na-dom/lihobory/,P0,migrate/create
narkolog-na-dom,Нарколог на дом,metro,Локомотив,lokomotiv,core,/uslugi/narkolog-na-dom/lokomotiv/,P0,migrate/create
narkolog-na-dom,Нарколог на дом,metro,Ломоносовский проспект,lomonosovskij-prospekt,core,/uslugi/narkolog-na-dom/lomonosovskij-prospekt/,P0,migrate/create
narkolog-na-dom,Нарколог на дом,metro,Лубянка,lubyanka,core,/uslugi/narkolog-na-dom/lubyanka/,P0,migrate/create
narkolog-na-dom,Нарколог на дом,metro,Лужники,luzhniki,core,/uslugi/narkolog-na-dom/luzhniki/,P0,migrate/create
narkolog-na-dom,Нарколог на дом,metro,Люблино,lyublino,core,/uslugi/narkolog-na-dom/lyublino/,P0,migrate/create
narkolog-na-dom,Нарколог на дом,metro,Марьино,marino,core,/uslugi/narkolog-na-dom/marino/,P0,migrate/create
narkolog-na-dom,Нарколог на дом,metro,Марьина Роща,marina-roshcha,core,/uslugi/narkolog-na-dom/marina-roshcha/,P0,migrate/create
narkolog-na-dom,Нарколог на дом,metro,Марксистская,marksistskaya,core,/uslugi/narkolog-na-dom/marksistskaya/,P0,migrate/create
narkolog-na-dom,Нарколог на дом,metro,Маяковская,mayakovskaya,core,/uslugi/narkolog-na-dom/mayakovskaya/,P0,migrate/create
narkolog-na-dom,Нарколог на дом,metro,Медведково,medvedkovo,core,/uslugi/narkolog-na-dom/medvedkovo/,P0,migrate/create
narkolog-na-dom,Нарколог на дом,metro,Менделеевская,mendeleevskaya,core,/uslugi/narkolog-na-dom/mendeleevskaya/,P0,migrate/create
narkolog-na-dom,Нарколог на дом,metro,Международная,mezhdunarodnaya,core,/uslugi/narkolog-na-dom/mezhdunarodnaya/,P0,migrate/create
narkolog-na-dom,Нарколог на дом,metro,Минская,minskaya,core,/uslugi/narkolog-na-dom/minskaya/,P0,migrate/create
narkolog-na-dom,Нарколог на дом,metro,Молодёжная,molodezhnaya,core,/uslugi/narkolog-na-dom/molodezhnaya/,P0,migrate/create
narkolog-na-dom,Нарколог на дом,metro,Мякинино,myakinino,core,/uslugi/narkolog-na-dom/myakinino/,P0,migrate/create
narkolog-na-dom,Нарколог на дом,metro,Нагатинская,nagatinskaya,core,/uslugi/narkolog-na-dom/nagatinskaya/,P0,migrate/create
narkolog-na-dom,Нарколог на дом,metro,Нагорная,nagornaya,core,/uslugi/narkolog-na-dom/nagornaya/,P0,migrate/create
narkolog-na-dom,Нарколог на дом,metro,Нахимовский проспект,nahimovskij-prospekt,core,/uslugi/narkolog-na-dom/nahimovskij-prospekt/,P0,migrate/create
narkolog-na-dom,Нарколог на дом,metro,Нижегородская,nizhegorodskaya,core,/uslugi/narkolog-na-dom/nizhegorodskaya/,P0,migrate/create
narkolog-na-dom,Нарколог на дом,metro,Новогиреево,novogireevo,core,/uslugi/narkolog-na-dom/novogireevo/,P0,migrate/create
narkolog-na-dom,Нарколог на дом,metro,Новохохловская,novohohlovskaya,core,/uslugi/narkolog-na-dom/novohohlovskaya/,P0,migrate/create
narkolog-na-dom,Нарколог на дом,metro,Новокосино,novokosino,core,/uslugi/narkolog-na-dom/novokosino/,P0,migrate/create
narkolog-na-dom,Нарколог на дом,metro,Новокузнецкая,novokuzneckaya,core,/uslugi/narkolog-na-dom/novokuzneckaya/,P0,migrate/create
narkolog-na-dom,Нарколог на дом,metro,Новослободская,novoslobodskaya,core,/uslugi/narkolog-na-dom/novoslobodskaya/,P0,migrate/create
narkolog-na-dom,Нарколог на дом,metro,Новоясеневская,novoyasenevskaya,core,/uslugi/narkolog-na-dom/novoyasenevskaya/,P0,migrate/create
narkolog-na-dom,Нарколог на дом,metro,Новые Черёмушки,novye-cheremushki,core,/uslugi/narkolog-na-dom/novye-cheremushki/,P0,migrate/create
narkolog-na-dom,Нарколог на дом,metro,Охотный Ряд,ohotnyj-ryad,core,/uslugi/narkolog-na-dom/ohotnyj-ryad/,P0,migrate/create
narkolog-na-dom,Нарколог на дом,metro,Окружная,okruzhnaya,core,/uslugi/narkolog-na-dom/okruzhnaya/,P0,migrate/create
narkolog-na-dom,Нарколог на дом,metro,Октябрьское Поле,oktyabrskoe-pole,core,/uslugi/narkolog-na-dom/oktyabrskoe-pole/,P0,migrate/create
narkolog-na-dom,Нарколог на дом,metro,Октябрьская,oktyabrskaya,core,/uslugi/narkolog-na-dom/oktyabrskaya/,P0,migrate/create
narkolog-na-dom,Нарколог на дом,metro,Орехово,orehovo,core,/uslugi/narkolog-na-dom/orehovo/,P0,migrate/create
narkolog-na-dom,Нарколог на дом,metro,Отрадное,otradnoe,core,/uslugi/narkolog-na-dom/otradnoe/,P0,migrate/create
narkolog-na-dom,Нарколог на дом,metro,Панфиловская,panfilovskaya,core,/uslugi/narkolog-na-dom/panfilovskaya/,P0,migrate/create
narkolog-na-dom,Нарколог на дом,metro,Парк культуры,park-kultury,core,/uslugi/narkolog-na-dom/park-kultury/,P0,migrate/create
narkolog-na-dom,Нарколог на дом,metro,Парк Победы,park-pobedy,core,/uslugi/narkolog-na-dom/park-pobedy/,P0,migrate/create
narkolog-na-dom,Нарколог на дом,metro,Партизанская,partizanskaya,core,/uslugi/narkolog-na-dom/partizanskaya/,P0,migrate/create
narkolog-na-dom,Нарколог на дом,metro,Павелецкая,paveleckaya,core,/uslugi/narkolog-na-dom/paveleckaya/,P0,migrate/create
narkolog-na-dom,Нарколог на дом,metro,Печатники,pechatniki,core,/uslugi/narkolog-na-dom/pechatniki/,P0,migrate/create
narkolog-na-dom,Нарколог на дом,metro,Перово,perovo,core,/uslugi/narkolog-na-dom/perovo/,P0,migrate/create
narkolog-na-dom,Нарколог на дом,metro,Первомайская,pervomajskaya,core,/uslugi/narkolog-na-dom/pervomajskaya/,P0,migrate/create
narkolog-na-dom,Нарколог на дом,metro,Петровский парк,petrovskij-park,core,/uslugi/narkolog-na-dom/petrovskij-park/,P0,migrate/create
narkolog-na-dom,Нарколог на дом,metro,Петровско-Разумовская,petrovsko-razumovskaya,core,/uslugi/narkolog-na-dom/petrovsko-razumovskaya/,P0,migrate/create
narkolog-na-dom,Нарколог на дом,metro,Пионерская,pionerskaya,core,/uslugi/narkolog-na-dom/pionerskaya/,P0,migrate/create
narkolog-na-dom,Нарколог на дом,metro,Планерная,planernaya,core,/uslugi/narkolog-na-dom/planernaya/,P0,migrate/create
narkolog-na-dom,Нарколог на дом,metro,Площадь Гагарина,ploshchad-gagarina,core,/uslugi/narkolog-na-dom/ploshchad-gagarina/,P0,migrate/create
narkolog-na-dom,Нарколог на дом,metro,Площадь Ильича,ploshchad-ilicha,core,/uslugi/narkolog-na-dom/ploshchad-ilicha/,P0,migrate/create
narkolog-na-dom,Нарколог на дом,metro,Площадь Революции,ploshchad-revolyucii,core,/uslugi/narkolog-na-dom/ploshchad-revolyucii/,P0,migrate/create
narkolog-na-dom,Нарколог на дом,metro,Полежаевская,polezhaevskaya,core,/uslugi/narkolog-na-dom/polezhaevskaya/,P0,migrate/create
narkolog-na-dom,Нарколог на дом,metro,Полянка,polyanka,core,/uslugi/narkolog-na-dom/polyanka/,P0,migrate/create
narkolog-na-dom,Нарколог на дом,metro,Пражская,prazhskaya,core,/uslugi/narkolog-na-dom/prazhskaya/,P0,migrate/create
narkolog-na-dom,Нарколог на дом,metro,Преображенская площадь,preobrazhenskaya-ploshchad,core,/uslugi/narkolog-na-dom/preobrazhenskaya-ploshchad/,P0,migrate/create
narkolog-na-dom,Нарколог на дом,metro,Профсоюзная,profsoyuznaya,core,/uslugi/narkolog-na-dom/profsoyuznaya/,P0,migrate/create
narkolog-na-dom,Нарколог на дом,metro,Пролетарская,proletarskaya,core,/uslugi/narkolog-na-dom/proletarskaya/,P0,migrate/create
narkolog-na-dom,Нарколог на дом,metro,Проспект Мира,prospekt-mira,core,/uslugi/narkolog-na-dom/prospekt-mira/,P0,migrate/create
narkolog-na-dom,Нарколог на дом,metro,Проспект Вернадского,prospekt-vernadskogo,core,/uslugi/narkolog-na-dom/prospekt-vernadskogo/,P0,migrate/create
narkolog-na-dom,Нарколог на дом,metro,Пушкинская,pushkinskaya,core,/uslugi/narkolog-na-dom/pushkinskaya/,P0,migrate/create
narkolog-na-dom,Нарколог на дом,metro,Пятницкое шоссе,pyatnickoe-shosse,core,/uslugi/narkolog-na-dom/pyatnickoe-shosse/,P0,migrate/create
narkolog-na-dom,Нарколог на дом,metro,Раменки,ramenki,core,/uslugi/narkolog-na-dom/ramenki/,P0,migrate/create
narkolog-na-dom,Нарколог на дом,metro,Речной вокзал,rechnoj-vokzal,core,/uslugi/narkolog-na-dom/rechnoj-vokzal/,P0,migrate/create
narkolog-na-dom,Нарколог на дом,metro,Римская,rimskaya,core,/uslugi/narkolog-na-dom/rimskaya/,P0,migrate/create
narkolog-na-dom,Нарколог на дом,metro,Рижская,rizhskaya,core,/uslugi/narkolog-na-dom/rizhskaya/,P0,migrate/create
narkolog-na-dom,Нарколог на дом,metro,Ростокино,rostokino,core,/uslugi/narkolog-na-dom/rostokino/,P0,migrate/create
narkolog-na-dom,Нарколог на дом,metro,Румянцево,rumyancevo,core,/uslugi/narkolog-na-dom/rumyancevo/,P0,migrate/create
narkolog-na-dom,Нарколог на дом,metro,Рязанский проспект,ryazanskij-prospekt,core,/uslugi/narkolog-na-dom/ryazanskij-prospekt/,P0,migrate/create
narkolog-na-dom,Нарколог на дом,metro,Саларьево,salarevo,core,/uslugi/narkolog-na-dom/salarevo/,P0,migrate/create
narkolog-na-dom,Нарколог на дом,metro,Савёловская,savelovskaya,core,/uslugi/narkolog-na-dom/savelovskaya/,P0,migrate/create
narkolog-na-dom,Нарколог на дом,metro,Селигерская,seligerskaya,core,/uslugi/narkolog-na-dom/seligerskaya/,P0,migrate/create
narkolog-na-dom,Нарколог на дом,metro,Семёновская,semenovskaya,core,/uslugi/narkolog-na-dom/semenovskaya/,P0,migrate/create
narkolog-na-dom,Нарколог на дом,metro,Серпуховская,serpuhovskaya,core,/uslugi/narkolog-na-dom/serpuhovskaya/,P0,migrate/create
narkolog-na-dom,Нарколог на дом,metro,Севастопольская,sevastopolskaya,core,/uslugi/narkolog-na-dom/sevastopolskaya/,P0,migrate/create
narkolog-na-dom,Нарколог на дом,metro,Шаболовская,shabolovskaya,core,/uslugi/narkolog-na-dom/shabolovskaya/,P0,migrate/create
narkolog-na-dom,Нарколог на дом,metro,Шелепиха,shelepiha,core,/uslugi/narkolog-na-dom/shelepiha/,P0,migrate/create
narkolog-na-dom,Нарколог на дом,metro,Щукинская,shchukinskaya,core,/uslugi/narkolog-na-dom/shchukinskaya/,P0,migrate/create
narkolog-na-dom,Нарколог на дом,metro,Щёлковская,shchelkovskaya,core,/uslugi/narkolog-na-dom/shchelkovskaya/,P0,migrate/create
narkolog-na-dom,Нарколог на дом,metro,Шипиловская,shipilovskaya,core,/uslugi/narkolog-na-dom/shipilovskaya/,P0,migrate/create
narkolog-na-dom,Нарколог на дом,metro,Сходненская,shodnenskaya,core,/uslugi/narkolog-na-dom/shodnenskaya/,P0,migrate/create
narkolog-na-dom,Нарколог на дом,metro,Шоссе Энтузиастов,shosse-entuziastov,core,/uslugi/narkolog-na-dom/shosse-entuziastov/,P0,migrate/create
narkolog-na-dom,Нарколог на дом,metro,Улица Скобелевская,ulica-skobelevskaya,core,/uslugi/narkolog-na-dom/ulica-skobelevskaya/,P0,migrate/create
narkolog-na-dom,Нарколог на дом,metro,Славянский бульвар,slavyanskij-bulvar,core,/uslugi/narkolog-na-dom/slavyanskij-bulvar/,P0,migrate/create
narkolog-na-dom,Нарколог на дом,metro,Смоленская,smolenskaya,core,/uslugi/narkolog-na-dom/smolenskaya/,P0,migrate/create
narkolog-na-dom,Нарколог на дом,metro,Сокол,sokol,core,/uslugi/narkolog-na-dom/sokol/,P0,migrate/create
narkolog-na-dom,Нарколог на дом,metro,Соколиная гора,sokolinaya-gora,core,/uslugi/narkolog-na-dom/sokolinaya-gora/,P0,migrate/create
narkolog-na-dom,Нарколог на дом,metro,Спартак,spartak,core,/uslugi/narkolog-na-dom/spartak/,P0,migrate/create
narkolog-na-dom,Нарколог на дом,metro,Спортивная,sportivnaya,core,/uslugi/narkolog-na-dom/sportivnaya/,P0,migrate/create
narkolog-na-dom,Нарколог на дом,metro,Сретенский бульвар,sretenskij-bulvar,core,/uslugi/narkolog-na-dom/sretenskij-bulvar/,P0,migrate/create
narkolog-na-dom,Нарколог на дом,metro,Стрешнево,streshnevo,core,/uslugi/narkolog-na-dom/streshnevo/,P0,migrate/create
narkolog-na-dom,Нарколог на дом,metro,Строгино,strogino,core,/uslugi/narkolog-na-dom/strogino/,P0,migrate/create
narkolog-na-dom,Нарколог на дом,metro,Студенческая,studencheskaya,core,/uslugi/narkolog-na-dom/studencheskaya/,P0,migrate/create
narkolog-na-dom,Нарколог на дом,metro,Сухаревская,suharevskaya,core,/uslugi/narkolog-na-dom/suharevskaya/,P0,migrate/create
narkolog-na-dom,Нарколог на дом,metro,Свиблово,sviblovo,core,/uslugi/narkolog-na-dom/sviblovo/,P0,migrate/create
narkolog-na-dom,Нарколог на дом,metro,Таганская,taganskaya,core,/uslugi/narkolog-na-dom/taganskaya/,P0,migrate/create
narkolog-na-dom,Нарколог на дом,metro,Театральная,teatralnaya,core,/uslugi/narkolog-na-dom/teatralnaya/,P0,migrate/create
narkolog-na-dom,Нарколог на дом,metro,Технопарк,tehnopark,core,/uslugi/narkolog-na-dom/tehnopark/,P0,migrate/create
narkolog-na-dom,Нарколог на дом,metro,Текстильщики,tekstilshchiki,core,/uslugi/narkolog-na-dom/tekstilshchiki/,P0,migrate/create
narkolog-na-dom,Нарколог на дом,metro,Телецентр,telecentr,core,/uslugi/narkolog-na-dom/telecentr/,P0,migrate/create
narkolog-na-dom,Нарколог на дом,metro,Тёплый Стан,teplyj-stan,core,/uslugi/narkolog-na-dom/teplyj-stan/,P0,migrate/create
narkolog-na-dom,Нарколог на дом,metro,Тимирязевская,timiryazevskaya,core,/uslugi/narkolog-na-dom/timiryazevskaya/,P0,migrate/create
narkolog-na-dom,Нарколог на дом,metro,Третьяковская,tretyakovskaya,core,/uslugi/narkolog-na-dom/tretyakovskaya/,P0,migrate/create
narkolog-na-dom,Нарколог на дом,metro,Тропарёво,troparevo,core,/uslugi/narkolog-na-dom/troparevo/,P0,migrate/create
narkolog-na-dom,Нарколог на дом,metro,Трубная,trubnaya,core,/uslugi/narkolog-na-dom/trubnaya/,P0,migrate/create
narkolog-na-dom,Нарколог на дом,metro,Тульская,tulskaya,core,/uslugi/narkolog-na-dom/tulskaya/,P0,migrate/create
narkolog-na-dom,Нарколог на дом,metro,Тургеневская,turgenevskaya,core,/uslugi/narkolog-na-dom/turgenevskaya/,P0,migrate/create
narkolog-na-dom,Нарколог на дом,metro,Тушинская,tushinskaya,core,/uslugi/narkolog-na-dom/tushinskaya/,P0,migrate/create
narkolog-na-dom,Нарколог на дом,metro,Тверская,tverskaya,core,/uslugi/narkolog-na-dom/tverskaya/,P0,migrate/create
narkolog-na-dom,Нарколог на дом,metro,Угрешская,ugreshskaya,core,/uslugi/narkolog-na-dom/ugreshskaya/,P0,migrate/create
narkolog-na-dom,Нарколог на дом,metro,Улица 1905 года,ulica-1905-goda,core,/uslugi/narkolog-na-dom/ulica-1905-goda/,P0,migrate/create
narkolog-na-dom,Нарколог на дом,metro,Улица Академика Королёва,ulica-akademika-koroleva,core,/uslugi/narkolog-na-dom/ulica-akademika-koroleva/,P0,migrate/create
narkolog-na-dom,Нарколог на дом,metro,Улица Академика Янгеля,ulica-akademika-yangelya,core,/uslugi/narkolog-na-dom/ulica-akademika-yangelya/,P0,migrate/create
narkolog-na-dom,Нарколог на дом,metro,Улица Горчакова,ulica-gorchakova,core,/uslugi/narkolog-na-dom/ulica-gorchakova/,P0,migrate/create
narkolog-na-dom,Нарколог на дом,metro,Улица Милашенкова,ulica-milashenkova,core,/uslugi/narkolog-na-dom/ulica-milashenkova/,P0,migrate/create
narkolog-na-dom,Нарколог на дом,metro,Улица Сергея Эйзенштейна,ulica-sergeya-ejzenshtejna,core,/uslugi/narkolog-na-dom/ulica-sergeya-ejzenshtejna/,P0,migrate/create
narkolog-na-dom,Нарколог на дом,metro,Улица Старокачаловская,ulica-starokachalovskaya,core,/uslugi/narkolog-na-dom/ulica-starokachalovskaya/,P0,migrate/create
narkolog-na-dom,Нарколог на дом,metro,Университет,universitet,core,/uslugi/narkolog-na-dom/universitet/,P0,migrate/create
narkolog-na-dom,Нарколог на дом,metro,Варшавская,varshavskaya,core,/uslugi/narkolog-na-dom/varshavskaya/,P0,migrate/create
narkolog-na-dom,Нарколог на дом,metro,ВДНХ,vdnh,core,/uslugi/narkolog-na-dom/vdnh/,P0,migrate/create
narkolog-na-dom,Нарколог на дом,metro,Верхние Котлы,verhnie-kotly,core,/uslugi/narkolog-na-dom/verhnie-kotly/,P0,migrate/create
narkolog-na-dom,Нарколог на дом,metro,Верхние Лихоборы,verhnie-lihobory,core,/uslugi/narkolog-na-dom/verhnie-lihobory/,P0,migrate/create
narkolog-na-dom,Нарколог на дом,metro,Владыкино,vladykino,core,/uslugi/narkolog-na-dom/vladykino/,P0,migrate/create
narkolog-na-dom,Нарколог на дом,metro,Водный стадион,vodnyj-stadion,core,/uslugi/narkolog-na-dom/vodnyj-stadion/,P0,migrate/create
narkolog-na-dom,Нарколог на дом,metro,Войковская,vojkovskaya,core,/uslugi/narkolog-na-dom/vojkovskaya/,P0,migrate/create
narkolog-na-dom,Нарколог на дом,metro,Волгоградский проспект,volgogradskij-prospekt,core,/uslugi/narkolog-na-dom/volgogradskij-prospekt/,P0,migrate/create
narkolog-na-dom,Нарколог на дом,metro,Волоколамская,volokolamskaya,core,/uslugi/narkolog-na-dom/volokolamskaya/,P0,migrate/create
narkolog-na-dom,Нарколог на дом,metro,Волжская,volzhskaya,core,/uslugi/narkolog-na-dom/volzhskaya/,P0,migrate/create
narkolog-na-dom,Нарколог на дом,metro,Воробьёвы горы,vorobevy-gory,core,/uslugi/narkolog-na-dom/vorobevy-gory/,P0,migrate/create
narkolog-na-dom,Нарколог на дом,metro,Выхино,vyhino,core,/uslugi/narkolog-na-dom/vyhino/,P0,migrate/create
narkolog-na-dom,Нарколог на дом,metro,Выставочная,vystavochnaya,core,/uslugi/narkolog-na-dom/vystavochnaya/,P0,migrate/create
narkolog-na-dom,Нарколог на дом,metro,Выставочный центр,vystavochnyj-centr,core,/uslugi/narkolog-na-dom/vystavochnyj-centr/,P0,migrate/create
narkolog-na-dom,Нарколог на дом,metro,Ясенево,yasenevo,core,/uslugi/narkolog-na-dom/yasenevo/,P0,migrate/create
narkolog-na-dom,Нарколог на дом,metro,Юго-Западная,yugo-zapadnaya,core,/uslugi/narkolog-na-dom/yugo-zapadnaya/,P0,migrate/create
narkolog-na-dom,Нарколог на дом,metro,Южная,yuzhnaya,core,/uslugi/narkolog-na-dom/yuzhnaya/,P0,migrate/create
narkolog-na-dom,Нарколог на дом,metro,Жулебино,zhulebino,core,/uslugi/narkolog-na-dom/zhulebino/,P0,migrate/create
narkolog-na-dom,Нарколог на дом,metro,ЗИЛ,zil,core,/uslugi/narkolog-na-dom/zil/,P0,migrate/create
narkolog-na-dom,Нарколог на дом,metro,Зорге,zorge,core,/uslugi/narkolog-na-dom/zorge/,P0,migrate/create
narkolog-na-dom,Нарколог на дом,metro,Зябликово,zyablikovo,core,/uslugi/narkolog-na-dom/zyablikovo/,P0,migrate/create
narkolog-na-dom,Нарколог на дом,okrug,ЦАО,cao,core,/uslugi/narkolog-na-dom/cao/,P0,migrate/create
narkolog-na-dom,Нарколог на дом,okrug,САО,sao,core,/uslugi/narkolog-na-dom/sao/,P0,migrate/create
narkolog-na-dom,Нарколог на дом,okrug,СВАО,svao,core,/uslugi/narkolog-na-dom/svao/,P0,migrate/create
narkolog-na-dom,Нарколог на дом,okrug,ВАО,vao,core,/uslugi/narkolog-na-dom/vao/,P0,migrate/create
narkolog-na-dom,Нарколог на дом,okrug,ЮВАО,yuvao,core,/uslugi/narkolog-na-dom/yuvao/,P0,migrate/create
narkolog-na-dom,Нарколог на дом,okrug,ЮАО,yuao,core,/uslugi/narkolog-na-dom/yuao/,P0,migrate/create
narkolog-na-dom,Нарколог на дом,okrug,ЮЗАО,yuzao,core,/uslugi/narkolog-na-dom/yuzao/,P0,migrate/create
narkolog-na-dom,Нарколог на дом,okrug,ЗАО,zao,core,/uslugi/narkolog-na-dom/zao/,P0,migrate/create
narkolog-na-dom,Нарколог на дом,okrug,СЗАО,szao,core,/uslugi/narkolog-na-dom/szao/,P0,migrate/create
narkolog-na-dom,Нарколог на дом,okrug,ЗелАО,zelao,core,/uslugi/narkolog-na-dom/zelao/,P0,migrate/create
narkolog-na-dom,Нарколог на дом,okrug,НАО,nao,core,/uslugi/narkolog-na-dom/nao/,P0,migrate/create
narkolog-na-dom,Нарколог на дом,okrug,ТАО,tao,core,/uslugi/narkolog-na-dom/tao/,P0,migrate/create
narkolog-na-dom,Нарколог на дом,mo,Балашиха,balashiha,tier-1,/uslugi/narkolog-na-dom/moskovskaya-oblast/balashiha/,P0,migrate/create
narkolog-na-dom,Нарколог на дом,mo,Подольск,podolsk,tier-1,/uslugi/narkolog-na-dom/moskovskaya-oblast/podolsk/,P0,migrate/create
narkolog-na-dom,Нарколог на дом,mo,Химки,himki,tier-1,/uslugi/narkolog-na-dom/moskovskaya-oblast/himki/,P0,migrate/create
narkolog-na-dom,Нарколог на дом,mo,Мытищи,mytishchi,tier-1,/uslugi/narkolog-na-dom/moskovskaya-oblast/mytishchi/,P0,migrate/create
narkolog-na-dom,Нарколог на дом,mo,Королёв,korolev,tier-1,/uslugi/narkolog-na-dom/moskovskaya-oblast/korolev/,P0,migrate/create
narkolog-na-dom,Нарколог на дом,mo,Люберцы,lyubertsy,tier-1,/uslugi/narkolog-na-dom/moskovskaya-oblast/lyubertsy/,P0,migrate/create
narkolog-na-dom,Нарколог на дом,mo,Красногорск,krasnogorsk,tier-1,/uslugi/narkolog-na-dom/moskovskaya-oblast/krasnogorsk/,P0,migrate/create
narkolog-na-dom,Нарколог на дом,mo,Электросталь,elektrostal,tier-1,/uslugi/narkolog-na-dom/moskovskaya-oblast/elektrostal/,P0,migrate/create
narkolog-na-dom,Нарколог на дом,mo,Коломна,kolomna,tier-1,/uslugi/narkolog-na-dom/moskovskaya-oblast/kolomna/,P0,migrate/create
narkolog-na-dom,Нарколог на дом,mo,Одинцово,odincovo,tier-1,/uslugi/narkolog-na-dom/moskovskaya-oblast/odincovo/,P0,migrate/create
narkolog-na-dom,Нарколог на дом,mo,Домодедово,domodedovo,tier-1,/uslugi/narkolog-na-dom/moskovskaya-oblast/domodedovo/,P0,migrate/create
narkolog-na-dom,Нарколог на дом,mo,Щёлково,shchelkovo,tier-1,/uslugi/narkolog-na-dom/moskovskaya-oblast/shchelkovo/,P0,migrate/create
narkolog-na-dom,Нарколог на дом,mo,Серпухов,serpuhov,tier-1,/uslugi/narkolog-na-dom/moskovskaya-oblast/serpuhov/,P0,migrate/create
narkolog-na-dom,Нарколог на дом,mo,Раменское,ramenskoe,tier-1,/uslugi/narkolog-na-dom/moskovskaya-oblast/ramenskoe/,P0,migrate/create
narkolog-na-dom,Нарколог на дом,mo,Долгопрудный,dolgoprudnyj,tier-1,/uslugi/narkolog-na-dom/moskovskaya-oblast/dolgoprudnyj/,P0,migrate/create
narkolog-na-dom,Нарколог на дом,mo,Пушкино,pushkino,tier-1,/uslugi/narkolog-na-dom/moskovskaya-oblast/pushkino/,P0,migrate/create
narkolog-na-dom,Нарколог на дом,mo,Реутов,reutov,tier-1,/uslugi/narkolog-na-dom/moskovskaya-oblast/reutov/,P0,migrate/create
narkolog-na-dom,Нарколог на дом,mo,Жуковский,zhukovskij,tier-1,/uslugi/narkolog-na-dom/moskovskaya-oblast/zhukovskij/,P0,migrate/create
narkolog-na-dom,Нарколог на дом,mo,Ногинск,noginsk,tier-1,/uslugi/narkolog-na-dom/moskovskaya-oblast/noginsk/,P0,migrate/create
narkolog-na-dom,Нарколог на дом,mo,Сергиев Посад,sergiev-posad,tier-1,/uslugi/narkolog-na-dom/moskovskaya-oblast/sergiev-posad/,P0,migrate/create
narkolog-na-dom,Нарколог на дом,mo,Воскресенск,voskresensk,tier-1,/uslugi/narkolog-na-dom/moskovskaya-oblast/voskresensk/,P0,migrate/create
narkolog-na-dom,Нарколог на дом,mo,Орехово-Зуево,orehovo-zuevo,tier-1,/uslugi/narkolog-na-dom/moskovskaya-oblast/orehovo-zuevo/,P0,migrate/create
narkolog-na-dom,Нарколог на дом,mo,Павловский Посад,pavlovskij-posad,tier-1,/uslugi/narkolog-na-dom/moskovskaya-oblast/pavlovskij-posad/,P0,migrate/create
narkolog-na-dom,Нарколог на дом,mo,Лобня,lobnya,tier-1,/uslugi/narkolog-na-dom/moskovskaya-oblast/lobnya/,P0,migrate/create
narkolog-na-dom,Нарколог на дом,mo,Ивантеевка,ivanteevka,tier-1,/uslugi/narkolog-na-dom/moskovskaya-oblast/ivanteevka/,P0,migrate/create
narkolog-na-dom,Нарколог на дом,mo,Клин,klin,tier-1,/uslugi/narkolog-na-dom/moskovskaya-oblast/klin/,P0,migrate/create
narkolog-na-dom,Нарколог на дом,mo,Егорьевск,egorevsk,tier-1,/uslugi/narkolog-na-dom/moskovskaya-oblast/egorevsk/,P0,migrate/create
narkolog-na-dom,Нарколог на дом,mo,Дмитров,dmitrov,tier-1,/uslugi/narkolog-na-dom/moskovskaya-oblast/dmitrov/,P0,migrate/create
narkolog-na-dom,Нарколог на дом,mo,Чехов,chehov,tier-1,/uslugi/narkolog-na-dom/moskovskaya-oblast/chehov/,P0,migrate/create
narkolog-na-dom,Нарколог на дом,mo,Наро-Фоминск,naro-fominsk,tier-1,/uslugi/narkolog-na-dom/moskovskaya-oblast/naro-fominsk/,P0,migrate/create
narkolog-na-dom,Нарколог на дом,mo,Ступино,stupino,tier-2,/uslugi/narkolog-na-dom/moskovskaya-oblast/stupino/,P1,migrate/create
narkolog-na-dom,Нарколог на дом,mo,Видное,vidnoe,tier-2,/uslugi/narkolog-na-dom/moskovskaya-oblast/vidnoe/,P1,migrate/create
narkolog-na-dom,Нарколог на дом,mo,Фрязино,fryazino,tier-2,/uslugi/narkolog-na-dom/moskovskaya-oblast/fryazino/,P1,migrate/create
narkolog-na-dom,Нарколог на дом,mo,Лыткарино,lytkarino,tier-2,/uslugi/narkolog-na-dom/moskovskaya-oblast/lytkarino/,P1,migrate/create
narkolog-na-dom,Нарколог на дом,mo,Дзержинский,dzerzhinskij,tier-2,/uslugi/narkolog-na-dom/moskovskaya-oblast/dzerzhinskij/,P1,migrate/create
narkolog-na-dom,Нарколог на дом,mo,Котельники,kotelniki,tier-2,/uslugi/narkolog-na-dom/moskovskaya-oblast/kotelniki/,P1,migrate/create
narkolog-na-dom,Нарколог на дом,mo,Истра,istra,tier-2,/uslugi/narkolog-na-dom/moskovskaya-oblast/istra/,P1,migrate/create
narkolog-na-dom,Нарколог на дом,mo,Дедовск,dedovsk,tier-2,/uslugi/narkolog-na-dom/moskovskaya-oblast/dedovsk/,P1,migrate/create
narkolog-na-dom,Нарколог на дом,mo,Солнечногорск,solnechnogorsk,tier-2,/uslugi/narkolog-na-dom/moskovskaya-oblast/solnechnogorsk/,P1,migrate/create
narkolog-na-dom,Нарколог на дом,mo,Апрелевка,aprelevka,tier-2,/uslugi/narkolog-na-dom/moskovskaya-oblast/aprelevka/,P1,migrate/create
narkolog-na-dom,Нарколог на дом,mo,Кубинка,kubinka,tier-2,/uslugi/narkolog-na-dom/moskovskaya-oblast/kubinka/,P1,migrate/create
narkolog-na-dom,Нарколог на дом,mo,Руза,ruza,tier-2,/uslugi/narkolog-na-dom/moskovskaya-oblast/ruza/,P1,migrate/create
narkolog-na-dom,Нарколог на дом,mo,Звенигород,zvenigorod,tier-2,/uslugi/narkolog-na-dom/moskovskaya-oblast/zvenigorod/,P1,migrate/create
narkolog-na-dom,Нарколог на дом,mo,Можайск,mozhajsk,tier-2,/uslugi/narkolog-na-dom/moskovskaya-oblast/mozhajsk/,P1,migrate/create
narkolog-na-dom,Нарколог на дом,mo,Луховицы,luhovicy,tier-2,/uslugi/narkolog-na-dom/moskovskaya-oblast/luhovicy/,P1,migrate/create
narkolog-na-dom,Нарколог на дом,mo,Кашира,kashira,tier-2,/uslugi/narkolog-na-dom/moskovskaya-oblast/kashira/,P1,migrate/create
narkolog-na-dom,Нарколог на дом,mo,Протвино,protvino,tier-2,/uslugi/narkolog-na-dom/moskovskaya-oblast/protvino/,P1,migrate/create
narkolog-na-dom,Нарколог на дом,mo,Дубна,dubna,tier-2,/uslugi/narkolog-na-dom/moskovskaya-oblast/dubna/,P1,migrate/create
narkolog-na-dom,Нарколог на дом,mo,Черноголовка,chernogolovka,tier-2,/uslugi/narkolog-na-dom/moskovskaya-oblast/chernogolovka/,P1,migrate/create
narkolog-na-dom,Нарколог на дом,mo,Волоколамск,volokolamsk,tier-2,/uslugi/narkolog-na-dom/moskovskaya-oblast/volokolamsk/,P1,migrate/create
vyvod-iz-zapoya,Вывод из запоя на дому,metro,Аэропорт,aeroport,core,/uslugi/vyvod-iz-zapoya/na-domu/aeroport/,P0,migrate/create
vyvod-iz-zapoya,Вывод из запоя на дому,metro,Александровский сад,aleksandrovskij-sad,core,/uslugi/vyvod-iz-zapoya/na-domu/aleksandrovskij-sad/,P0,migrate/create
vyvod-iz-zapoya,Вывод из запоя на дому,metro,Алексеевская,alekseevskaya,core,/uslugi/vyvod-iz-zapoya/na-domu/alekseevskaya/,P0,migrate/create
vyvod-iz-zapoya,Вывод из запоя на дому,metro,Алма-Атинская,alma-atinskaya,core,/uslugi/vyvod-iz-zapoya/na-domu/alma-atinskaya/,P0,migrate/create
vyvod-iz-zapoya,Вывод из запоя на дому,metro,Алтуфьево,altufevo,core,/uslugi/vyvod-iz-zapoya/na-domu/altufevo/,P0,migrate/create
vyvod-iz-zapoya,Вывод из запоя на дому,metro,Андроновка,andronovka,core,/uslugi/vyvod-iz-zapoya/na-domu/andronovka/,P0,migrate/create
vyvod-iz-zapoya,Вывод из запоя на дому,metro,Аннино,annino,core,/uslugi/vyvod-iz-zapoya/na-domu/annino/,P0,migrate/create
vyvod-iz-zapoya,Вывод из запоя на дому,metro,Арбатская,arbatskaya,core,/uslugi/vyvod-iz-zapoya/na-domu/arbatskaya/,P0,migrate/create
vyvod-iz-zapoya,Вывод из запоя на дому,metro,Авиамоторная,aviamotornaya,core,/uslugi/vyvod-iz-zapoya/na-domu/aviamotornaya/,P0,migrate/create
vyvod-iz-zapoya,Вывод из запоя на дому,metro,Автозаводская,avtozavodskaya,core,/uslugi/vyvod-iz-zapoya/na-domu/avtozavodskaya/,P0,migrate/create
vyvod-iz-zapoya,Вывод из запоя на дому,metro,Бабушкинская,babushkinskaya,core,/uslugi/vyvod-iz-zapoya/na-domu/babushkinskaya/,P0,migrate/create
vyvod-iz-zapoya,Вывод из запоя на дому,metro,Багратионовская,bagrationovskaya,core,/uslugi/vyvod-iz-zapoya/na-domu/bagrationovskaya/,P0,migrate/create
vyvod-iz-zapoya,Вывод из запоя на дому,metro,Балтийская,baltijskaya,core,/uslugi/vyvod-iz-zapoya/na-domu/baltijskaya/,P0,migrate/create
vyvod-iz-zapoya,Вывод из запоя на дому,metro,Баррикадная,barrikadnaya,core,/uslugi/vyvod-iz-zapoya/na-domu/barrikadnaya/,P0,migrate/create
vyvod-iz-zapoya,Вывод из запоя на дому,metro,Бауманская,baumanskaya,core,/uslugi/vyvod-iz-zapoya/na-domu/baumanskaya/,P0,migrate/create
vyvod-iz-zapoya,Вывод из запоя на дому,metro,Беговая,begovaya,core,/uslugi/vyvod-iz-zapoya/na-domu/begovaya/,P0,migrate/create
vyvod-iz-zapoya,Вывод из запоя на дому,metro,Белокаменная,belokamennaya,core,/uslugi/vyvod-iz-zapoya/na-domu/belokamennaya/,P0,migrate/create
vyvod-iz-zapoya,Вывод из запоя на дому,metro,Белорусская,belorusskaya,core,/uslugi/vyvod-iz-zapoya/na-domu/belorusskaya/,P0,migrate/create
vyvod-iz-zapoya,Вывод из запоя на дому,metro,Беляево,belyaevo,core,/uslugi/vyvod-iz-zapoya/na-domu/belyaevo/,P0,migrate/create
vyvod-iz-zapoya,Вывод из запоя на дому,metro,Бибирево,bibirevo,core,/uslugi/vyvod-iz-zapoya/na-domu/bibirevo/,P0,migrate/create
vyvod-iz-zapoya,Вывод из запоя на дому,metro,Библиотека имени Ленина,biblioteka-imeni-lenina,core,/uslugi/vyvod-iz-zapoya/na-domu/biblioteka-imeni-lenina/,P0,migrate/create
vyvod-iz-zapoya,Вывод из запоя на дому,metro,Битцевский парк,bitcevskij-park,core,/uslugi/vyvod-iz-zapoya/na-domu/bitcevskij-park/,P0,migrate/create
vyvod-iz-zapoya,Вывод из запоя на дому,metro,Борисово,borisovo,core,/uslugi/vyvod-iz-zapoya/na-domu/borisovo/,P0,migrate/create
vyvod-iz-zapoya,Вывод из запоя на дому,metro,Боровицкая,borovickaya,core,/uslugi/vyvod-iz-zapoya/na-domu/borovickaya/,P0,migrate/create
vyvod-iz-zapoya,Вывод из запоя на дому,metro,Ботанический сад,botanicheskij-sad,core,/uslugi/vyvod-iz-zapoya/na-domu/botanicheskij-sad/,P0,migrate/create
vyvod-iz-zapoya,Вывод из запоя на дому,metro,Братиславская,bratislavskaya,core,/uslugi/vyvod-iz-zapoya/na-domu/bratislavskaya/,P0,migrate/create
vyvod-iz-zapoya,Вывод из запоя на дому,metro,Бульвар Адмирала Ушакова,bulvar-admirala-ushakova,core,/uslugi/vyvod-iz-zapoya/na-domu/bulvar-admirala-ushakova/,P0,migrate/create
vyvod-iz-zapoya,Вывод из запоя на дому,metro,Бульвар Рокоссовского,bulvar-rokossovskogo,core,/uslugi/vyvod-iz-zapoya/na-domu/bulvar-rokossovskogo/,P0,migrate/create
vyvod-iz-zapoya,Вывод из запоя на дому,metro,Бунинская аллея,buninskaya-alleya,core,/uslugi/vyvod-iz-zapoya/na-domu/buninskaya-alleya/,P0,migrate/create
vyvod-iz-zapoya,Вывод из запоя на дому,metro,Бутырская,butyrskaya,core,/uslugi/vyvod-iz-zapoya/na-domu/butyrskaya/,P0,migrate/create
vyvod-iz-zapoya,Вывод из запоя на дому,metro,Чеховская,chehovskaya,core,/uslugi/vyvod-iz-zapoya/na-domu/chehovskaya/,P0,migrate/create
vyvod-iz-zapoya,Вывод из запоя на дому,metro,Черкизовская,cherkizovskaya,core,/uslugi/vyvod-iz-zapoya/na-domu/cherkizovskaya/,P0,migrate/create
vyvod-iz-zapoya,Вывод из запоя на дому,metro,Чертановская,chertanovskaya,core,/uslugi/vyvod-iz-zapoya/na-domu/chertanovskaya/,P0,migrate/create
vyvod-iz-zapoya,Вывод из запоя на дому,metro,Чистые пруды,chistye-prudy,core,/uslugi/vyvod-iz-zapoya/na-domu/chistye-prudy/,P0,migrate/create
vyvod-iz-zapoya,Вывод из запоя на дому,metro,Чкаловская,chkalovskaya,core,/uslugi/vyvod-iz-zapoya/na-domu/chkalovskaya/,P0,migrate/create
vyvod-iz-zapoya,Вывод из запоя на дому,metro,Царицыно,caricyno,core,/uslugi/vyvod-iz-zapoya/na-domu/caricyno/,P0,migrate/create
vyvod-iz-zapoya,Вывод из запоя на дому,metro,ЦСКА,cska,core,/uslugi/vyvod-iz-zapoya/na-domu/cska/,P0,migrate/create
vyvod-iz-zapoya,Вывод из запоя на дому,metro,Цветной бульвар,cvetnoj-bulvar,core,/uslugi/vyvod-iz-zapoya/na-domu/cvetnoj-bulvar/,P0,migrate/create
vyvod-iz-zapoya,Вывод из запоя на дому,metro,Деловой центр,delovoj-centr,core,/uslugi/vyvod-iz-zapoya/na-domu/delovoj-centr/,P0,migrate/create
vyvod-iz-zapoya,Вывод из запоя на дому,metro,Динамо,dinamo,core,/uslugi/vyvod-iz-zapoya/na-domu/dinamo/,P0,migrate/create
vyvod-iz-zapoya,Вывод из запоя на дому,metro,Дмитровская,dmitrovskaya,core,/uslugi/vyvod-iz-zapoya/na-domu/dmitrovskaya/,P0,migrate/create
vyvod-iz-zapoya,Вывод из запоя на дому,metro,Добрынинская,dobryninskaya,core,/uslugi/vyvod-iz-zapoya/na-domu/dobryninskaya/,P0,migrate/create
vyvod-iz-zapoya,Вывод из запоя на дому,metro,Домодедовская,domodedovskaya,core,/uslugi/vyvod-iz-zapoya/na-domu/domodedovskaya/,P0,migrate/create
vyvod-iz-zapoya,Вывод из запоя на дому,metro,Достоевская,dostoevskaya,core,/uslugi/vyvod-iz-zapoya/na-domu/dostoevskaya/,P0,migrate/create
vyvod-iz-zapoya,Вывод из запоя на дому,metro,Электрозаводская,elektrozavodskaya,core,/uslugi/vyvod-iz-zapoya/na-domu/elektrozavodskaya/,P0,migrate/create
vyvod-iz-zapoya,Вывод из запоя на дому,metro,Филёвский парк,filevskij-park,core,/uslugi/vyvod-iz-zapoya/na-domu/filevskij-park/,P0,migrate/create
vyvod-iz-zapoya,Вывод из запоя на дому,metro,Фили,fili,core,/uslugi/vyvod-iz-zapoya/na-domu/fili/,P0,migrate/create
vyvod-iz-zapoya,Вывод из запоя на дому,metro,Фонвизинская,fonvizinskaya,core,/uslugi/vyvod-iz-zapoya/na-domu/fonvizinskaya/,P0,migrate/create
vyvod-iz-zapoya,Вывод из запоя на дому,metro,Фрунзенская,frunzenskaya,core,/uslugi/vyvod-iz-zapoya/na-domu/frunzenskaya/,P0,migrate/create
vyvod-iz-zapoya,Вывод из запоя на дому,metro,Хорошёвская,horoshevskaya,core,/uslugi/vyvod-iz-zapoya/na-domu/horoshevskaya/,P0,migrate/create
vyvod-iz-zapoya,Вывод из запоя на дому,metro,Ховрино,hovrino,core,/uslugi/vyvod-iz-zapoya/na-domu/hovrino/,P0,migrate/create
vyvod-iz-zapoya,Вывод из запоя на дому,metro,Измайловская,izmajlovskaya,core,/uslugi/vyvod-iz-zapoya/na-domu/izmajlovskaya/,P0,migrate/create
vyvod-iz-zapoya,Вывод из запоя на дому,metro,Каховская,kahovskaya,core,/uslugi/vyvod-iz-zapoya/na-domu/kahovskaya/,P0,migrate/create
vyvod-iz-zapoya,Вывод из запоя на дому,metro,Калужская,kaluzhskaya,core,/uslugi/vyvod-iz-zapoya/na-domu/kaluzhskaya/,P0,migrate/create
vyvod-iz-zapoya,Вывод из запоя на дому,metro,Кантемировская,kantemirovskaya,core,/uslugi/vyvod-iz-zapoya/na-domu/kantemirovskaya/,P0,migrate/create
vyvod-iz-zapoya,Вывод из запоя на дому,metro,Каширская,kashirskaya,core,/uslugi/vyvod-iz-zapoya/na-domu/kashirskaya/,P0,migrate/create
vyvod-iz-zapoya,Вывод из запоя на дому,metro,Киевская,kievskaya,core,/uslugi/vyvod-iz-zapoya/na-domu/kievskaya/,P0,migrate/create
vyvod-iz-zapoya,Вывод из запоя на дому,metro,Китай-город,kitaj-gorod,core,/uslugi/vyvod-iz-zapoya/na-domu/kitaj-gorod/,P0,migrate/create
vyvod-iz-zapoya,Вывод из запоя на дому,metro,Коломенская,kolomenskaya,core,/uslugi/vyvod-iz-zapoya/na-domu/kolomenskaya/,P0,migrate/create
vyvod-iz-zapoya,Вывод из запоя на дому,metro,Комсомольская,komsomolskaya,core,/uslugi/vyvod-iz-zapoya/na-domu/komsomolskaya/,P0,migrate/create
vyvod-iz-zapoya,Вывод из запоя на дому,metro,Коньково,konkovo,core,/uslugi/vyvod-iz-zapoya/na-domu/konkovo/,P0,migrate/create
vyvod-iz-zapoya,Вывод из запоя на дому,metro,Коптево,koptevo,core,/uslugi/vyvod-iz-zapoya/na-domu/koptevo/,P0,migrate/create
vyvod-iz-zapoya,Вывод из запоя на дому,metro,Котельники,kotelniki,core,/uslugi/vyvod-iz-zapoya/na-domu/kotelniki/,P0,migrate/create
vyvod-iz-zapoya,Вывод из запоя на дому,metro,Кожуховская,kozhuhovskaya,core,/uslugi/vyvod-iz-zapoya/na-domu/kozhuhovskaya/,P0,migrate/create
vyvod-iz-zapoya,Вывод из запоя на дому,metro,Красногвардейская,krasnogvardejskaya,core,/uslugi/vyvod-iz-zapoya/na-domu/krasnogvardejskaya/,P0,migrate/create
vyvod-iz-zapoya,Вывод из запоя на дому,metro,Краснопресненская,krasnopresnenskaya,core,/uslugi/vyvod-iz-zapoya/na-domu/krasnopresnenskaya/,P0,migrate/create
vyvod-iz-zapoya,Вывод из запоя на дому,metro,Красносельская,krasnoselskaya,core,/uslugi/vyvod-iz-zapoya/na-domu/krasnoselskaya/,P0,migrate/create
vyvod-iz-zapoya,Вывод из запоя на дому,metro,Красные ворота,krasnye-vorota,core,/uslugi/vyvod-iz-zapoya/na-domu/krasnye-vorota/,P0,migrate/create
vyvod-iz-zapoya,Вывод из запоя на дому,metro,Крестьянская застава,krestyanskaya-zastava,core,/uslugi/vyvod-iz-zapoya/na-domu/krestyanskaya-zastava/,P0,migrate/create
vyvod-iz-zapoya,Вывод из запоя на дому,metro,Кропоткинская,kropotkinskaya,core,/uslugi/vyvod-iz-zapoya/na-domu/kropotkinskaya/,P0,migrate/create
vyvod-iz-zapoya,Вывод из запоя на дому,metro,Крылатское,krylatskoe,core,/uslugi/vyvod-iz-zapoya/na-domu/krylatskoe/,P0,migrate/create
vyvod-iz-zapoya,Вывод из запоя на дому,metro,Крымская,krymskaya,core,/uslugi/vyvod-iz-zapoya/na-domu/krymskaya/,P0,migrate/create
vyvod-iz-zapoya,Вывод из запоя на дому,metro,Кунцевская,kuncevskaya,core,/uslugi/vyvod-iz-zapoya/na-domu/kuncevskaya/,P0,migrate/create
vyvod-iz-zapoya,Вывод из запоя на дому,metro,Курская,kurskaya,core,/uslugi/vyvod-iz-zapoya/na-domu/kurskaya/,P0,migrate/create
vyvod-iz-zapoya,Вывод из запоя на дому,metro,Кутузовская,kutuzovskaya,core,/uslugi/vyvod-iz-zapoya/na-domu/kutuzovskaya/,P0,migrate/create
vyvod-iz-zapoya,Вывод из запоя на дому,metro,Кузьминки,kuzminki,core,/uslugi/vyvod-iz-zapoya/na-domu/kuzminki/,P0,migrate/create
vyvod-iz-zapoya,Вывод из запоя на дому,metro,Кузнецкий мост,kuzneckij-most,core,/uslugi/vyvod-iz-zapoya/na-domu/kuzneckij-most/,P0,migrate/create
vyvod-iz-zapoya,Вывод из запоя на дому,metro,Ленинский проспект,leninskij-prospekt,core,/uslugi/vyvod-iz-zapoya/na-domu/leninskij-prospekt/,P0,migrate/create
vyvod-iz-zapoya,Вывод из запоя на дому,metro,Лермонтовский проспект,lermontovskij-prospekt,core,/uslugi/vyvod-iz-zapoya/na-domu/lermontovskij-prospekt/,P0,migrate/create
vyvod-iz-zapoya,Вывод из запоя на дому,metro,Лесопарковая,lesoparkovaya,core,/uslugi/vyvod-iz-zapoya/na-domu/lesoparkovaya/,P0,migrate/create
vyvod-iz-zapoya,Вывод из запоя на дому,metro,Лихоборы,lihobory,core,/uslugi/vyvod-iz-zapoya/na-domu/lihobory/,P0,migrate/create
vyvod-iz-zapoya,Вывод из запоя на дому,metro,Локомотив,lokomotiv,core,/uslugi/vyvod-iz-zapoya/na-domu/lokomotiv/,P0,migrate/create
vyvod-iz-zapoya,Вывод из запоя на дому,metro,Ломоносовский проспект,lomonosovskij-prospekt,core,/uslugi/vyvod-iz-zapoya/na-domu/lomonosovskij-prospekt/,P0,migrate/create
vyvod-iz-zapoya,Вывод из запоя на дому,metro,Лубянка,lubyanka,core,/uslugi/vyvod-iz-zapoya/na-domu/lubyanka/,P0,migrate/create
vyvod-iz-zapoya,Вывод из запоя на дому,metro,Лужники,luzhniki,core,/uslugi/vyvod-iz-zapoya/na-domu/luzhniki/,P0,migrate/create
vyvod-iz-zapoya,Вывод из запоя на дому,metro,Люблино,lyublino,core,/uslugi/vyvod-iz-zapoya/na-domu/lyublino/,P0,migrate/create
vyvod-iz-zapoya,Вывод из запоя на дому,metro,Марьино,marino,core,/uslugi/vyvod-iz-zapoya/na-domu/marino/,P0,migrate/create
vyvod-iz-zapoya,Вывод из запоя на дому,metro,Марьина Роща,marina-roshcha,core,/uslugi/vyvod-iz-zapoya/na-domu/marina-roshcha/,P0,migrate/create
vyvod-iz-zapoya,Вывод из запоя на дому,metro,Марксистская,marksistskaya,core,/uslugi/vyvod-iz-zapoya/na-domu/marksistskaya/,P0,migrate/create
vyvod-iz-zapoya,Вывод из запоя на дому,metro,Маяковская,mayakovskaya,core,/uslugi/vyvod-iz-zapoya/na-domu/mayakovskaya/,P0,migrate/create
vyvod-iz-zapoya,Вывод из запоя на дому,metro,Медведково,medvedkovo,core,/uslugi/vyvod-iz-zapoya/na-domu/medvedkovo/,P0,migrate/create
vyvod-iz-zapoya,Вывод из запоя на дому,metro,Менделеевская,mendeleevskaya,core,/uslugi/vyvod-iz-zapoya/na-domu/mendeleevskaya/,P0,migrate/create
vyvod-iz-zapoya,Вывод из запоя на дому,metro,Международная,mezhdunarodnaya,core,/uslugi/vyvod-iz-zapoya/na-domu/mezhdunarodnaya/,P0,migrate/create
vyvod-iz-zapoya,Вывод из запоя на дому,metro,Минская,minskaya,core,/uslugi/vyvod-iz-zapoya/na-domu/minskaya/,P0,migrate/create
vyvod-iz-zapoya,Вывод из запоя на дому,metro,Молодёжная,molodezhnaya,core,/uslugi/vyvod-iz-zapoya/na-domu/molodezhnaya/,P0,migrate/create
vyvod-iz-zapoya,Вывод из запоя на дому,metro,Мякинино,myakinino,core,/uslugi/vyvod-iz-zapoya/na-domu/myakinino/,P0,migrate/create
vyvod-iz-zapoya,Вывод из запоя на дому,metro,Нагатинская,nagatinskaya,core,/uslugi/vyvod-iz-zapoya/na-domu/nagatinskaya/,P0,migrate/create
vyvod-iz-zapoya,Вывод из запоя на дому,metro,Нагорная,nagornaya,core,/uslugi/vyvod-iz-zapoya/na-domu/nagornaya/,P0,migrate/create
vyvod-iz-zapoya,Вывод из запоя на дому,metro,Нахимовский проспект,nahimovskij-prospekt,core,/uslugi/vyvod-iz-zapoya/na-domu/nahimovskij-prospekt/,P0,migrate/create
vyvod-iz-zapoya,Вывод из запоя на дому,metro,Нижегородская,nizhegorodskaya,core,/uslugi/vyvod-iz-zapoya/na-domu/nizhegorodskaya/,P0,migrate/create
vyvod-iz-zapoya,Вывод из запоя на дому,metro,Новогиреево,novogireevo,core,/uslugi/vyvod-iz-zapoya/na-domu/novogireevo/,P0,migrate/create
vyvod-iz-zapoya,Вывод из запоя на дому,metro,Новохохловская,novohohlovskaya,core,/uslugi/vyvod-iz-zapoya/na-domu/novohohlovskaya/,P0,migrate/create
vyvod-iz-zapoya,Вывод из запоя на дому,metro,Новокосино,novokosino,core,/uslugi/vyvod-iz-zapoya/na-domu/novokosino/,P0,migrate/create
vyvod-iz-zapoya,Вывод из запоя на дому,metro,Новокузнецкая,novokuzneckaya,core,/uslugi/vyvod-iz-zapoya/na-domu/novokuzneckaya/,P0,migrate/create
vyvod-iz-zapoya,Вывод из запоя на дому,metro,Новослободская,novoslobodskaya,core,/uslugi/vyvod-iz-zapoya/na-domu/novoslobodskaya/,P0,migrate/create
vyvod-iz-zapoya,Вывод из запоя на дому,metro,Новоясеневская,novoyasenevskaya,core,/uslugi/vyvod-iz-zapoya/na-domu/novoyasenevskaya/,P0,migrate/create
vyvod-iz-zapoya,Вывод из запоя на дому,metro,Новые Черёмушки,novye-cheremushki,core,/uslugi/vyvod-iz-zapoya/na-domu/novye-cheremushki/,P0,migrate/create
vyvod-iz-zapoya,Вывод из запоя на дому,metro,Охотный Ряд,ohotnyj-ryad,core,/uslugi/vyvod-iz-zapoya/na-domu/ohotnyj-ryad/,P0,migrate/create
vyvod-iz-zapoya,Вывод из запоя на дому,metro,Окружная,okruzhnaya,core,/uslugi/vyvod-iz-zapoya/na-domu/okruzhnaya/,P0,migrate/create
vyvod-iz-zapoya,Вывод из запоя на дому,metro,Октябрьское Поле,oktyabrskoe-pole,core,/uslugi/vyvod-iz-zapoya/na-domu/oktyabrskoe-pole/,P0,migrate/create
vyvod-iz-zapoya,Вывод из запоя на дому,metro,Октябрьская,oktyabrskaya,core,/uslugi/vyvod-iz-zapoya/na-domu/oktyabrskaya/,P0,migrate/create
vyvod-iz-zapoya,Вывод из запоя на дому,metro,Орехово,orehovo,core,/uslugi/vyvod-iz-zapoya/na-domu/orehovo/,P0,migrate/create
vyvod-iz-zapoya,Вывод из запоя на дому,metro,Отрадное,otradnoe,core,/uslugi/vyvod-iz-zapoya/na-domu/otradnoe/,P0,migrate/create
vyvod-iz-zapoya,Вывод из запоя на дому,metro,Панфиловская,panfilovskaya,core,/uslugi/vyvod-iz-zapoya/na-domu/panfilovskaya/,P0,migrate/create
vyvod-iz-zapoya,Вывод из запоя на дому,metro,Парк культуры,park-kultury,core,/uslugi/vyvod-iz-zapoya/na-domu/park-kultury/,P0,migrate/create
vyvod-iz-zapoya,Вывод из запоя на дому,metro,Парк Победы,park-pobedy,core,/uslugi/vyvod-iz-zapoya/na-domu/park-pobedy/,P0,migrate/create
vyvod-iz-zapoya,Вывод из запоя на дому,metro,Партизанская,partizanskaya,core,/uslugi/vyvod-iz-zapoya/na-domu/partizanskaya/,P0,migrate/create
vyvod-iz-zapoya,Вывод из запоя на дому,metro,Павелецкая,paveleckaya,core,/uslugi/vyvod-iz-zapoya/na-domu/paveleckaya/,P0,migrate/create
vyvod-iz-zapoya,Вывод из запоя на дому,metro,Печатники,pechatniki,core,/uslugi/vyvod-iz-zapoya/na-domu/pechatniki/,P0,migrate/create
vyvod-iz-zapoya,Вывод из запоя на дому,metro,Перово,perovo,core,/uslugi/vyvod-iz-zapoya/na-domu/perovo/,P0,migrate/create
vyvod-iz-zapoya,Вывод из запоя на дому,metro,Первомайская,pervomajskaya,core,/uslugi/vyvod-iz-zapoya/na-domu/pervomajskaya/,P0,migrate/create
vyvod-iz-zapoya,Вывод из запоя на дому,metro,Петровский парк,petrovskij-park,core,/uslugi/vyvod-iz-zapoya/na-domu/petrovskij-park/,P0,migrate/create
vyvod-iz-zapoya,Вывод из запоя на дому,metro,Петровско-Разумовская,petrovsko-razumovskaya,core,/uslugi/vyvod-iz-zapoya/na-domu/petrovsko-razumovskaya/,P0,migrate/create
vyvod-iz-zapoya,Вывод из запоя на дому,metro,Пионерская,pionerskaya,core,/uslugi/vyvod-iz-zapoya/na-domu/pionerskaya/,P0,migrate/create
vyvod-iz-zapoya,Вывод из запоя на дому,metro,Планерная,planernaya,core,/uslugi/vyvod-iz-zapoya/na-domu/planernaya/,P0,migrate/create
vyvod-iz-zapoya,Вывод из запоя на дому,metro,Площадь Гагарина,ploshchad-gagarina,core,/uslugi/vyvod-iz-zapoya/na-domu/ploshchad-gagarina/,P0,migrate/create
vyvod-iz-zapoya,Вывод из запоя на дому,metro,Площадь Ильича,ploshchad-ilicha,core,/uslugi/vyvod-iz-zapoya/na-domu/ploshchad-ilicha/,P0,migrate/create
vyvod-iz-zapoya,Вывод из запоя на дому,metro,Площадь Революции,ploshchad-revolyucii,core,/uslugi/vyvod-iz-zapoya/na-domu/ploshchad-revolyucii/,P0,migrate/create
vyvod-iz-zapoya,Вывод из запоя на дому,metro,Полежаевская,polezhaevskaya,core,/uslugi/vyvod-iz-zapoya/na-domu/polezhaevskaya/,P0,migrate/create
vyvod-iz-zapoya,Вывод из запоя на дому,metro,Полянка,polyanka,core,/uslugi/vyvod-iz-zapoya/na-domu/polyanka/,P0,migrate/create
vyvod-iz-zapoya,Вывод из запоя на дому,metro,Пражская,prazhskaya,core,/uslugi/vyvod-iz-zapoya/na-domu/prazhskaya/,P0,migrate/create
vyvod-iz-zapoya,Вывод из запоя на дому,metro,Преображенская площадь,preobrazhenskaya-ploshchad,core,/uslugi/vyvod-iz-zapoya/na-domu/preobrazhenskaya-ploshchad/,P0,migrate/create
vyvod-iz-zapoya,Вывод из запоя на дому,metro,Профсоюзная,profsoyuznaya,core,/uslugi/vyvod-iz-zapoya/na-domu/profsoyuznaya/,P0,migrate/create
vyvod-iz-zapoya,Вывод из запоя на дому,metro,Пролетарская,proletarskaya,core,/uslugi/vyvod-iz-zapoya/na-domu/proletarskaya/,P0,migrate/create
vyvod-iz-zapoya,Вывод из запоя на дому,metro,Проспект Мира,prospekt-mira,core,/uslugi/vyvod-iz-zapoya/na-domu/prospekt-mira/,P0,migrate/create
vyvod-iz-zapoya,Вывод из запоя на дому,metro,Проспект Вернадского,prospekt-vernadskogo,core,/uslugi/vyvod-iz-zapoya/na-domu/prospekt-vernadskogo/,P0,migrate/create
vyvod-iz-zapoya,Вывод из запоя на дому,metro,Пушкинская,pushkinskaya,core,/uslugi/vyvod-iz-zapoya/na-domu/pushkinskaya/,P0,migrate/create
vyvod-iz-zapoya,Вывод из запоя на дому,metro,Пятницкое шоссе,pyatnickoe-shosse,core,/uslugi/vyvod-iz-zapoya/na-domu/pyatnickoe-shosse/,P0,migrate/create
vyvod-iz-zapoya,Вывод из запоя на дому,metro,Раменки,ramenki,core,/uslugi/vyvod-iz-zapoya/na-domu/ramenki/,P0,migrate/create
vyvod-iz-zapoya,Вывод из запоя на дому,metro,Речной вокзал,rechnoj-vokzal,core,/uslugi/vyvod-iz-zapoya/na-domu/rechnoj-vokzal/,P0,migrate/create
vyvod-iz-zapoya,Вывод из запоя на дому,metro,Римская,rimskaya,core,/uslugi/vyvod-iz-zapoya/na-domu/rimskaya/,P0,migrate/create
vyvod-iz-zapoya,Вывод из запоя на дому,metro,Рижская,rizhskaya,core,/uslugi/vyvod-iz-zapoya/na-domu/rizhskaya/,P0,migrate/create
vyvod-iz-zapoya,Вывод из запоя на дому,metro,Ростокино,rostokino,core,/uslugi/vyvod-iz-zapoya/na-domu/rostokino/,P0,migrate/create
vyvod-iz-zapoya,Вывод из запоя на дому,metro,Румянцево,rumyancevo,core,/uslugi/vyvod-iz-zapoya/na-domu/rumyancevo/,P0,migrate/create
vyvod-iz-zapoya,Вывод из запоя на дому,metro,Рязанский проспект,ryazanskij-prospekt,core,/uslugi/vyvod-iz-zapoya/na-domu/ryazanskij-prospekt/,P0,migrate/create
vyvod-iz-zapoya,Вывод из запоя на дому,metro,Саларьево,salarevo,core,/uslugi/vyvod-iz-zapoya/na-domu/salarevo/,P0,migrate/create
vyvod-iz-zapoya,Вывод из запоя на дому,metro,Савёловская,savelovskaya,core,/uslugi/vyvod-iz-zapoya/na-domu/savelovskaya/,P0,migrate/create
vyvod-iz-zapoya,Вывод из запоя на дому,metro,Селигерская,seligerskaya,core,/uslugi/vyvod-iz-zapoya/na-domu/seligerskaya/,P0,migrate/create
vyvod-iz-zapoya,Вывод из запоя на дому,metro,Семёновская,semenovskaya,core,/uslugi/vyvod-iz-zapoya/na-domu/semenovskaya/,P0,migrate/create
vyvod-iz-zapoya,Вывод из запоя на дому,metro,Серпуховская,serpuhovskaya,core,/uslugi/vyvod-iz-zapoya/na-domu/serpuhovskaya/,P0,migrate/create
vyvod-iz-zapoya,Вывод из запоя на дому,metro,Севастопольская,sevastopolskaya,core,/uslugi/vyvod-iz-zapoya/na-domu/sevastopolskaya/,P0,migrate/create
vyvod-iz-zapoya,Вывод из запоя на дому,metro,Шаболовская,shabolovskaya,core,/uslugi/vyvod-iz-zapoya/na-domu/shabolovskaya/,P0,migrate/create
vyvod-iz-zapoya,Вывод из запоя на дому,metro,Шелепиха,shelepiha,core,/uslugi/vyvod-iz-zapoya/na-domu/shelepiha/,P0,migrate/create
vyvod-iz-zapoya,Вывод из запоя на дому,metro,Щукинская,shchukinskaya,core,/uslugi/vyvod-iz-zapoya/na-domu/shchukinskaya/,P0,migrate/create
vyvod-iz-zapoya,Вывод из запоя на дому,metro,Щёлковская,shchelkovskaya,core,/uslugi/vyvod-iz-zapoya/na-domu/shchelkovskaya/,P0,migrate/create
vyvod-iz-zapoya,Вывод из запоя на дому,metro,Шипиловская,shipilovskaya,core,/uslugi/vyvod-iz-zapoya/na-domu/shipilovskaya/,P0,migrate/create
vyvod-iz-zapoya,Вывод из запоя на дому,metro,Сходненская,shodnenskaya,core,/uslugi/vyvod-iz-zapoya/na-domu/shodnenskaya/,P0,migrate/create
vyvod-iz-zapoya,Вывод из запоя на дому,metro,Шоссе Энтузиастов,shosse-entuziastov,core,/uslugi/vyvod-iz-zapoya/na-domu/shosse-entuziastov/,P0,migrate/create
vyvod-iz-zapoya,Вывод из запоя на дому,metro,Улица Скобелевская,ulica-skobelevskaya,core,/uslugi/vyvod-iz-zapoya/na-domu/ulica-skobelevskaya/,P0,migrate/create
vyvod-iz-zapoya,Вывод из запоя на дому,metro,Славянский бульвар,slavyanskij-bulvar,core,/uslugi/vyvod-iz-zapoya/na-domu/slavyanskij-bulvar/,P0,migrate/create
vyvod-iz-zapoya,Вывод из запоя на дому,metro,Смоленская,smolenskaya,core,/uslugi/vyvod-iz-zapoya/na-domu/smolenskaya/,P0,migrate/create
vyvod-iz-zapoya,Вывод из запоя на дому,metro,Сокол,sokol,core,/uslugi/vyvod-iz-zapoya/na-domu/sokol/,P0,migrate/create
vyvod-iz-zapoya,Вывод из запоя на дому,metro,Соколиная гора,sokolinaya-gora,core,/uslugi/vyvod-iz-zapoya/na-domu/sokolinaya-gora/,P0,migrate/create
vyvod-iz-zapoya,Вывод из запоя на дому,metro,Спартак,spartak,core,/uslugi/vyvod-iz-zapoya/na-domu/spartak/,P0,migrate/create
vyvod-iz-zapoya,Вывод из запоя на дому,metro,Спортивная,sportivnaya,core,/uslugi/vyvod-iz-zapoya/na-domu/sportivnaya/,P0,migrate/create
vyvod-iz-zapoya,Вывод из запоя на дому,metro,Сретенский бульвар,sretenskij-bulvar,core,/uslugi/vyvod-iz-zapoya/na-domu/sretenskij-bulvar/,P0,migrate/create
vyvod-iz-zapoya,Вывод из запоя на дому,metro,Стрешнево,streshnevo,core,/uslugi/vyvod-iz-zapoya/na-domu/streshnevo/,P0,migrate/create
vyvod-iz-zapoya,Вывод из запоя на дому,metro,Строгино,strogino,core,/uslugi/vyvod-iz-zapoya/na-domu/strogino/,P0,migrate/create
vyvod-iz-zapoya,Вывод из запоя на дому,metro,Студенческая,studencheskaya,core,/uslugi/vyvod-iz-zapoya/na-domu/studencheskaya/,P0,migrate/create
vyvod-iz-zapoya,Вывод из запоя на дому,metro,Сухаревская,suharevskaya,core,/uslugi/vyvod-iz-zapoya/na-domu/suharevskaya/,P0,migrate/create
vyvod-iz-zapoya,Вывод из запоя на дому,metro,Свиблово,sviblovo,core,/uslugi/vyvod-iz-zapoya/na-domu/sviblovo/,P0,migrate/create
vyvod-iz-zapoya,Вывод из запоя на дому,metro,Таганская,taganskaya,core,/uslugi/vyvod-iz-zapoya/na-domu/taganskaya/,P0,migrate/create
vyvod-iz-zapoya,Вывод из запоя на дому,metro,Театральная,teatralnaya,core,/uslugi/vyvod-iz-zapoya/na-domu/teatralnaya/,P0,migrate/create
vyvod-iz-zapoya,Вывод из запоя на дому,metro,Технопарк,tehnopark,core,/uslugi/vyvod-iz-zapoya/na-domu/tehnopark/,P0,migrate/create
vyvod-iz-zapoya,Вывод из запоя на дому,metro,Текстильщики,tekstilshchiki,core,/uslugi/vyvod-iz-zapoya/na-domu/tekstilshchiki/,P0,migrate/create
vyvod-iz-zapoya,Вывод из запоя на дому,metro,Телецентр,telecentr,core,/uslugi/vyvod-iz-zapoya/na-domu/telecentr/,P0,migrate/create
vyvod-iz-zapoya,Вывод из запоя на дому,metro,Тёплый Стан,teplyj-stan,core,/uslugi/vyvod-iz-zapoya/na-domu/teplyj-stan/,P0,migrate/create
vyvod-iz-zapoya,Вывод из запоя на дому,metro,Тимирязевская,timiryazevskaya,core,/uslugi/vyvod-iz-zapoya/na-domu/timiryazevskaya/,P0,migrate/create
vyvod-iz-zapoya,Вывод из запоя на дому,metro,Третьяковская,tretyakovskaya,core,/uslugi/vyvod-iz-zapoya/na-domu/tretyakovskaya/,P0,migrate/create
vyvod-iz-zapoya,Вывод из запоя на дому,metro,Тропарёво,troparevo,core,/uslugi/vyvod-iz-zapoya/na-domu/troparevo/,P0,migrate/create
vyvod-iz-zapoya,Вывод из запоя на дому,metro,Трубная,trubnaya,core,/uslugi/vyvod-iz-zapoya/na-domu/trubnaya/,P0,migrate/create
vyvod-iz-zapoya,Вывод из запоя на дому,metro,Тульская,tulskaya,core,/uslugi/vyvod-iz-zapoya/na-domu/tulskaya/,P0,migrate/create
vyvod-iz-zapoya,Вывод из запоя на дому,metro,Тургеневская,turgenevskaya,core,/uslugi/vyvod-iz-zapoya/na-domu/turgenevskaya/,P0,migrate/create
vyvod-iz-zapoya,Вывод из запоя на дому,metro,Тушинская,tushinskaya,core,/uslugi/vyvod-iz-zapoya/na-domu/tushinskaya/,P0,migrate/create
vyvod-iz-zapoya,Вывод из запоя на дому,metro,Тверская,tverskaya,core,/uslugi/vyvod-iz-zapoya/na-domu/tverskaya/,P0,migrate/create
vyvod-iz-zapoya,Вывод из запоя на дому,metro,Угрешская,ugreshskaya,core,/uslugi/vyvod-iz-zapoya/na-domu/ugreshskaya/,P0,migrate/create
vyvod-iz-zapoya,Вывод из запоя на дому,metro,Улица 1905 года,ulica-1905-goda,core,/uslugi/vyvod-iz-zapoya/na-domu/ulica-1905-goda/,P0,migrate/create
vyvod-iz-zapoya,Вывод из запоя на дому,metro,Улица Академика Королёва,ulica-akademika-koroleva,core,/uslugi/vyvod-iz-zapoya/na-domu/ulica-akademika-koroleva/,P0,migrate/create
vyvod-iz-zapoya,Вывод из запоя на дому,metro,Улица Академика Янгеля,ulica-akademika-yangelya,core,/uslugi/vyvod-iz-zapoya/na-domu/ulica-akademika-yangelya/,P0,migrate/create
vyvod-iz-zapoya,Вывод из запоя на дому,metro,Улица Горчакова,ulica-gorchakova,core,/uslugi/vyvod-iz-zapoya/na-domu/ulica-gorchakova/,P0,migrate/create
vyvod-iz-zapoya,Вывод из запоя на дому,metro,Улица Милашенкова,ulica-milashenkova,core,/uslugi/vyvod-iz-zapoya/na-domu/ulica-milashenkova/,P0,migrate/create
vyvod-iz-zapoya,Вывод из запоя на дому,metro,Улица Сергея Эйзенштейна,ulica-sergeya-ejzenshtejna,core,/uslugi/vyvod-iz-zapoya/na-domu/ulica-sergeya-ejzenshtejna/,P0,migrate/create
vyvod-iz-zapoya,Вывод из запоя на дому,metro,Улица Старокачаловская,ulica-starokachalovskaya,core,/uslugi/vyvod-iz-zapoya/na-domu/ulica-starokachalovskaya/,P0,migrate/create
vyvod-iz-zapoya,Вывод из запоя на дому,metro,Университет,universitet,core,/uslugi/vyvod-iz-zapoya/na-domu/universitet/,P0,migrate/create
vyvod-iz-zapoya,Вывод из запоя на дому,metro,Варшавская,varshavskaya,core,/uslugi/vyvod-iz-zapoya/na-domu/varshavskaya/,P0,migrate/create
vyvod-iz-zapoya,Вывод из запоя на дому,metro,ВДНХ,vdnh,core,/uslugi/vyvod-iz-zapoya/na-domu/vdnh/,P0,migrate/create
vyvod-iz-zapoya,Вывод из запоя на дому,metro,Верхние Котлы,verhnie-kotly,core,/uslugi/vyvod-iz-zapoya/na-domu/verhnie-kotly/,P0,migrate/create
vyvod-iz-zapoya,Вывод из запоя на дому,metro,Верхние Лихоборы,verhnie-lihobory,core,/uslugi/vyvod-iz-zapoya/na-domu/verhnie-lihobory/,P0,migrate/create
vyvod-iz-zapoya,Вывод из запоя на дому,metro,Владыкино,vladykino,core,/uslugi/vyvod-iz-zapoya/na-domu/vladykino/,P0,migrate/create
vyvod-iz-zapoya,Вывод из запоя на дому,metro,Водный стадион,vodnyj-stadion,core,/uslugi/vyvod-iz-zapoya/na-domu/vodnyj-stadion/,P0,migrate/create
vyvod-iz-zapoya,Вывод из запоя на дому,metro,Войковская,vojkovskaya,core,/uslugi/vyvod-iz-zapoya/na-domu/vojkovskaya/,P0,migrate/create
vyvod-iz-zapoya,Вывод из запоя на дому,metro,Волгоградский проспект,volgogradskij-prospekt,core,/uslugi/vyvod-iz-zapoya/na-domu/volgogradskij-prospekt/,P0,migrate/create
vyvod-iz-zapoya,Вывод из запоя на дому,metro,Волоколамская,volokolamskaya,core,/uslugi/vyvod-iz-zapoya/na-domu/volokolamskaya/,P0,migrate/create
vyvod-iz-zapoya,Вывод из запоя на дому,metro,Волжская,volzhskaya,core,/uslugi/vyvod-iz-zapoya/na-domu/volzhskaya/,P0,migrate/create
vyvod-iz-zapoya,Вывод из запоя на дому,metro,Воробьёвы горы,vorobevy-gory,core,/uslugi/vyvod-iz-zapoya/na-domu/vorobevy-gory/,P0,migrate/create
vyvod-iz-zapoya,Вывод из запоя на дому,metro,Выхино,vyhino,core,/uslugi/vyvod-iz-zapoya/na-domu/vyhino/,P0,migrate/create
vyvod-iz-zapoya,Вывод из запоя на дому,metro,Выставочная,vystavochnaya,core,/uslugi/vyvod-iz-zapoya/na-domu/vystavochnaya/,P0,migrate/create
vyvod-iz-zapoya,Вывод из запоя на дому,metro,Выставочный центр,vystavochnyj-centr,core,/uslugi/vyvod-iz-zapoya/na-domu/vystavochnyj-centr/,P0,migrate/create
vyvod-iz-zapoya,Вывод из запоя на дому,metro,Ясенево,yasenevo,core,/uslugi/vyvod-iz-zapoya/na-domu/yasenevo/,P0,migrate/create
vyvod-iz-zapoya,Вывод из запоя на дому,metro,Юго-Западная,yugo-zapadnaya,core,/uslugi/vyvod-iz-zapoya/na-domu/yugo-zapadnaya/,P0,migrate/create
vyvod-iz-zapoya,Вывод из запоя на дому,metro,Южная,yuzhnaya,core,/uslugi/vyvod-iz-zapoya/na-domu/yuzhnaya/,P0,migrate/create
vyvod-iz-zapoya,Вывод из запоя на дому,metro,Жулебино,zhulebino,core,/uslugi/vyvod-iz-zapoya/na-domu/zhulebino/,P0,migrate/create
vyvod-iz-zapoya,Вывод из запоя на дому,metro,ЗИЛ,zil,core,/uslugi/vyvod-iz-zapoya/na-domu/zil/,P0,migrate/create
vyvod-iz-zapoya,Вывод из запоя на дому,metro,Зорге,zorge,core,/uslugi/vyvod-iz-zapoya/na-domu/zorge/,P0,migrate/create
vyvod-iz-zapoya,Вывод из запоя на дому,metro,Зябликово,zyablikovo,core,/uslugi/vyvod-iz-zapoya/na-domu/zyablikovo/,P0,migrate/create
vyvod-iz-zapoya,Вывод из запоя на дому,okrug,ЦАО,cao,core,/uslugi/vyvod-iz-zapoya/na-domu/cao/,P0,migrate/create
vyvod-iz-zapoya,Вывод из запоя на дому,okrug,САО,sao,core,/uslugi/vyvod-iz-zapoya/na-domu/sao/,P0,migrate/create
vyvod-iz-zapoya,Вывод из запоя на дому,okrug,СВАО,svao,core,/uslugi/vyvod-iz-zapoya/na-domu/svao/,P0,migrate/create
vyvod-iz-zapoya,Вывод из запоя на дому,okrug,ВАО,vao,core,/uslugi/vyvod-iz-zapoya/na-domu/vao/,P0,migrate/create
vyvod-iz-zapoya,Вывод из запоя на дому,okrug,ЮВАО,yuvao,core,/uslugi/vyvod-iz-zapoya/na-domu/yuvao/,P0,migrate/create
vyvod-iz-zapoya,Вывод из запоя на дому,okrug,ЮАО,yuao,core,/uslugi/vyvod-iz-zapoya/na-domu/yuao/,P0,migrate/create
vyvod-iz-zapoya,Вывод из запоя на дому,okrug,ЮЗАО,yuzao,core,/uslugi/vyvod-iz-zapoya/na-domu/yuzao/,P0,migrate/create
vyvod-iz-zapoya,Вывод из запоя на дому,okrug,ЗАО,zao,core,/uslugi/vyvod-iz-zapoya/na-domu/zao/,P0,migrate/create
vyvod-iz-zapoya,Вывод из запоя на дому,okrug,СЗАО,szao,core,/uslugi/vyvod-iz-zapoya/na-domu/szao/,P0,migrate/create
vyvod-iz-zapoya,Вывод из запоя на дому,okrug,ЗелАО,zelao,core,/uslugi/vyvod-iz-zapoya/na-domu/zelao/,P0,migrate/create
vyvod-iz-zapoya,Вывод из запоя на дому,okrug,НАО,nao,core,/uslugi/vyvod-iz-zapoya/na-domu/nao/,P0,migrate/create
vyvod-iz-zapoya,Вывод из запоя на дому,okrug,ТАО,tao,core,/uslugi/vyvod-iz-zapoya/na-domu/tao/,P0,migrate/create
vyvod-iz-zapoya,Вывод из запоя на дому,mo,Балашиха,balashiha,tier-1,/uslugi/vyvod-iz-zapoya/na-domu/moskovskaya-oblast/balashiha/,P0,migrate/create
vyvod-iz-zapoya,Вывод из запоя на дому,mo,Подольск,podolsk,tier-1,/uslugi/vyvod-iz-zapoya/na-domu/moskovskaya-oblast/podolsk/,P0,migrate/create
vyvod-iz-zapoya,Вывод из запоя на дому,mo,Химки,himki,tier-1,/uslugi/vyvod-iz-zapoya/na-domu/moskovskaya-oblast/himki/,P0,migrate/create
vyvod-iz-zapoya,Вывод из запоя на дому,mo,Мытищи,mytishchi,tier-1,/uslugi/vyvod-iz-zapoya/na-domu/moskovskaya-oblast/mytishchi/,P0,migrate/create
vyvod-iz-zapoya,Вывод из запоя на дому,mo,Королёв,korolev,tier-1,/uslugi/vyvod-iz-zapoya/na-domu/moskovskaya-oblast/korolev/,P0,migrate/create
vyvod-iz-zapoya,Вывод из запоя на дому,mo,Люберцы,lyubertsy,tier-1,/uslugi/vyvod-iz-zapoya/na-domu/moskovskaya-oblast/lyubertsy/,P0,migrate/create
vyvod-iz-zapoya,Вывод из запоя на дому,mo,Красногорск,krasnogorsk,tier-1,/uslugi/vyvod-iz-zapoya/na-domu/moskovskaya-oblast/krasnogorsk/,P0,migrate/create
vyvod-iz-zapoya,Вывод из запоя на дому,mo,Электросталь,elektrostal,tier-1,/uslugi/vyvod-iz-zapoya/na-domu/moskovskaya-oblast/elektrostal/,P0,migrate/create
vyvod-iz-zapoya,Вывод из запоя на дому,mo,Коломна,kolomna,tier-1,/uslugi/vyvod-iz-zapoya/na-domu/moskovskaya-oblast/kolomna/,P0,migrate/create
vyvod-iz-zapoya,Вывод из запоя на дому,mo,Одинцово,odincovo,tier-1,/uslugi/vyvod-iz-zapoya/na-domu/moskovskaya-oblast/odincovo/,P0,migrate/create
vyvod-iz-zapoya,Вывод из запоя на дому,mo,Домодедово,domodedovo,tier-1,/uslugi/vyvod-iz-zapoya/na-domu/moskovskaya-oblast/domodedovo/,P0,migrate/create
vyvod-iz-zapoya,Вывод из запоя на дому,mo,Щёлково,shchelkovo,tier-1,/uslugi/vyvod-iz-zapoya/na-domu/moskovskaya-oblast/shchelkovo/,P0,migrate/create
vyvod-iz-zapoya,Вывод из запоя на дому,mo,Серпухов,serpuhov,tier-1,/uslugi/vyvod-iz-zapoya/na-domu/moskovskaya-oblast/serpuhov/,P0,migrate/create
vyvod-iz-zapoya,Вывод из запоя на дому,mo,Раменское,ramenskoe,tier-1,/uslugi/vyvod-iz-zapoya/na-domu/moskovskaya-oblast/ramenskoe/,P0,migrate/create
vyvod-iz-zapoya,Вывод из запоя на дому,mo,Долгопрудный,dolgoprudnyj,tier-1,/uslugi/vyvod-iz-zapoya/na-domu/moskovskaya-oblast/dolgoprudnyj/,P0,migrate/create
vyvod-iz-zapoya,Вывод из запоя на дому,mo,Пушкино,pushkino,tier-1,/uslugi/vyvod-iz-zapoya/na-domu/moskovskaya-oblast/pushkino/,P0,migrate/create
vyvod-iz-zapoya,Вывод из запоя на дому,mo,Реутов,reutov,tier-1,/uslugi/vyvod-iz-zapoya/na-domu/moskovskaya-oblast/reutov/,P0,migrate/create
vyvod-iz-zapoya,Вывод из запоя на дому,mo,Жуковский,zhukovskij,tier-1,/uslugi/vyvod-iz-zapoya/na-domu/moskovskaya-oblast/zhukovskij/,P0,migrate/create
vyvod-iz-zapoya,Вывод из запоя на дому,mo,Ногинск,noginsk,tier-1,/uslugi/vyvod-iz-zapoya/na-domu/moskovskaya-oblast/noginsk/,P0,migrate/create
vyvod-iz-zapoya,Вывод из запоя на дому,mo,Сергиев Посад,sergiev-posad,tier-1,/uslugi/vyvod-iz-zapoya/na-domu/moskovskaya-oblast/sergiev-posad/,P0,migrate/create
vyvod-iz-zapoya,Вывод из запоя на дому,mo,Воскресенск,voskresensk,tier-1,/uslugi/vyvod-iz-zapoya/na-domu/moskovskaya-oblast/voskresensk/,P0,migrate/create
vyvod-iz-zapoya,Вывод из запоя на дому,mo,Орехово-Зуево,orehovo-zuevo,tier-1,/uslugi/vyvod-iz-zapoya/na-domu/moskovskaya-oblast/orehovo-zuevo/,P0,migrate/create
vyvod-iz-zapoya,Вывод из запоя на дому,mo,Павловский Посад,pavlovskij-posad,tier-1,/uslugi/vyvod-iz-zapoya/na-domu/moskovskaya-oblast/pavlovskij-posad/,P0,migrate/create
vyvod-iz-zapoya,Вывод из запоя на дому,mo,Лобня,lobnya,tier-1,/uslugi/vyvod-iz-zapoya/na-domu/moskovskaya-oblast/lobnya/,P0,migrate/create
vyvod-iz-zapoya,Вывод из запоя на дому,mo,Ивантеевка,ivanteevka,tier-1,/uslugi/vyvod-iz-zapoya/na-domu/moskovskaya-oblast/ivanteevka/,P0,migrate/create
vyvod-iz-zapoya,Вывод из запоя на дому,mo,Клин,klin,tier-1,/uslugi/vyvod-iz-zapoya/na-domu/moskovskaya-oblast/klin/,P0,migrate/create
vyvod-iz-zapoya,Вывод из запоя на дому,mo,Егорьевск,egorevsk,tier-1,/uslugi/vyvod-iz-zapoya/na-domu/moskovskaya-oblast/egorevsk/,P0,migrate/create
vyvod-iz-zapoya,Вывод из запоя на дому,mo,Дмитров,dmitrov,tier-1,/uslugi/vyvod-iz-zapoya/na-domu/moskovskaya-oblast/dmitrov/,P0,migrate/create
vyvod-iz-zapoya,Вывод из запоя на дому,mo,Чехов,chehov,tier-1,/uslugi/vyvod-iz-zapoya/na-domu/moskovskaya-oblast/chehov/,P0,migrate/create
vyvod-iz-zapoya,Вывод из запоя на дому,mo,Наро-Фоминск,naro-fominsk,tier-1,/uslugi/vyvod-iz-zapoya/na-domu/moskovskaya-oblast/naro-fominsk/,P0,migrate/create
vyvod-iz-zapoya,Вывод из запоя на дому,mo,Ступино,stupino,tier-2,/uslugi/vyvod-iz-zapoya/na-domu/moskovskaya-oblast/stupino/,P1,migrate/create
vyvod-iz-zapoya,Вывод из запоя на дому,mo,Видное,vidnoe,tier-2,/uslugi/vyvod-iz-zapoya/na-domu/moskovskaya-oblast/vidnoe/,P1,migrate/create
vyvod-iz-zapoya,Вывод из запоя на дому,mo,Фрязино,fryazino,tier-2,/uslugi/vyvod-iz-zapoya/na-domu/moskovskaya-oblast/fryazino/,P1,migrate/create
vyvod-iz-zapoya,Вывод из запоя на дому,mo,Лыткарино,lytkarino,tier-2,/uslugi/vyvod-iz-zapoya/na-domu/moskovskaya-oblast/lytkarino/,P1,migrate/create
vyvod-iz-zapoya,Вывод из запоя на дому,mo,Дзержинский,dzerzhinskij,tier-2,/uslugi/vyvod-iz-zapoya/na-domu/moskovskaya-oblast/dzerzhinskij/,P1,migrate/create
vyvod-iz-zapoya,Вывод из запоя на дому,mo,Котельники,kotelniki,tier-2,/uslugi/vyvod-iz-zapoya/na-domu/moskovskaya-oblast/kotelniki/,P1,migrate/create
vyvod-iz-zapoya,Вывод из запоя на дому,mo,Истра,istra,tier-2,/uslugi/vyvod-iz-zapoya/na-domu/moskovskaya-oblast/istra/,P1,migrate/create
vyvod-iz-zapoya,Вывод из запоя на дому,mo,Дедовск,dedovsk,tier-2,/uslugi/vyvod-iz-zapoya/na-domu/moskovskaya-oblast/dedovsk/,P1,migrate/create
vyvod-iz-zapoya,Вывод из запоя на дому,mo,Солнечногорск,solnechnogorsk,tier-2,/uslugi/vyvod-iz-zapoya/na-domu/moskovskaya-oblast/solnechnogorsk/,P1,migrate/create
vyvod-iz-zapoya,Вывод из запоя на дому,mo,Апрелевка,aprelevka,tier-2,/uslugi/vyvod-iz-zapoya/na-domu/moskovskaya-oblast/aprelevka/,P1,migrate/create
vyvod-iz-zapoya,Вывод из запоя на дому,mo,Кубинка,kubinka,tier-2,/uslugi/vyvod-iz-zapoya/na-domu/moskovskaya-oblast/kubinka/,P1,migrate/create
vyvod-iz-zapoya,Вывод из запоя на дому,mo,Руза,ruza,tier-2,/uslugi/vyvod-iz-zapoya/na-domu/moskovskaya-oblast/ruza/,P1,migrate/create
vyvod-iz-zapoya,Вывод из запоя на дому,mo,Звенигород,zvenigorod,tier-2,/uslugi/vyvod-iz-zapoya/na-domu/moskovskaya-oblast/zvenigorod/,P1,migrate/create
vyvod-iz-zapoya,Вывод из запоя на дому,mo,Можайск,mozhajsk,tier-2,/uslugi/vyvod-iz-zapoya/na-domu/moskovskaya-oblast/mozhajsk/,P1,migrate/create
vyvod-iz-zapoya,Вывод из запоя на дому,mo,Луховицы,luhovicy,tier-2,/uslugi/vyvod-iz-zapoya/na-domu/moskovskaya-oblast/luhovicy/,P1,migrate/create
vyvod-iz-zapoya,Вывод из запоя на дому,mo,Кашира,kashira,tier-2,/uslugi/vyvod-iz-zapoya/na-domu/moskovskaya-oblast/kashira/,P1,migrate/create
vyvod-iz-zapoya,Вывод из запоя на дому,mo,Протвино,protvino,tier-2,/uslugi/vyvod-iz-zapoya/na-domu/moskovskaya-oblast/protvino/,P1,migrate/create
vyvod-iz-zapoya,Вывод из запоя на дому,mo,Дубна,dubna,tier-2,/uslugi/vyvod-iz-zapoya/na-domu/moskovskaya-oblast/dubna/,P1,migrate/create
vyvod-iz-zapoya,Вывод из запоя на дому,mo,Черноголовка,chernogolovka,tier-2,/uslugi/vyvod-iz-zapoya/na-domu/moskovskaya-oblast/chernogolovka/,P1,migrate/create
vyvod-iz-zapoya,Вывод из запоя на дому,mo,Волоколамск,volokolamsk,tier-2,/uslugi/vyvod-iz-zapoya/na-domu/moskovskaya-oblast/volokolamsk/,P1,migrate/create
ot-zapoya-i-alkogolya,Капельница от запоя и алкоголя на дому,metro,Аэропорт,aeroport,core,/uslugi/kapelnitsy/ot-zapoya-i-alkogolya/aeroport/,P0,migrate/create
ot-zapoya-i-alkogolya,Капельница от запоя и алкоголя на дому,metro,Александровский сад,aleksandrovskij-sad,core,/uslugi/kapelnitsy/ot-zapoya-i-alkogolya/aleksandrovskij-sad/,P0,migrate/create
ot-zapoya-i-alkogolya,Капельница от запоя и алкоголя на дому,metro,Алексеевская,alekseevskaya,core,/uslugi/kapelnitsy/ot-zapoya-i-alkogolya/alekseevskaya/,P0,migrate/create
ot-zapoya-i-alkogolya,Капельница от запоя и алкоголя на дому,metro,Алма-Атинская,alma-atinskaya,core,/uslugi/kapelnitsy/ot-zapoya-i-alkogolya/alma-atinskaya/,P0,migrate/create
ot-zapoya-i-alkogolya,Капельница от запоя и алкоголя на дому,metro,Алтуфьево,altufevo,core,/uslugi/kapelnitsy/ot-zapoya-i-alkogolya/altufevo/,P0,migrate/create
ot-zapoya-i-alkogolya,Капельница от запоя и алкоголя на дому,metro,Андроновка,andronovka,core,/uslugi/kapelnitsy/ot-zapoya-i-alkogolya/andronovka/,P0,migrate/create
ot-zapoya-i-alkogolya,Капельница от запоя и алкоголя на дому,metro,Аннино,annino,core,/uslugi/kapelnitsy/ot-zapoya-i-alkogolya/annino/,P0,migrate/create
ot-zapoya-i-alkogolya,Капельница от запоя и алкоголя на дому,metro,Арбатская,arbatskaya,core,/uslugi/kapelnitsy/ot-zapoya-i-alkogolya/arbatskaya/,P0,migrate/create
ot-zapoya-i-alkogolya,Капельница от запоя и алкоголя на дому,metro,Авиамоторная,aviamotornaya,core,/uslugi/kapelnitsy/ot-zapoya-i-alkogolya/aviamotornaya/,P0,migrate/create
ot-zapoya-i-alkogolya,Капельница от запоя и алкоголя на дому,metro,Автозаводская,avtozavodskaya,core,/uslugi/kapelnitsy/ot-zapoya-i-alkogolya/avtozavodskaya/,P0,migrate/create
ot-zapoya-i-alkogolya,Капельница от запоя и алкоголя на дому,metro,Бабушкинская,babushkinskaya,core,/uslugi/kapelnitsy/ot-zapoya-i-alkogolya/babushkinskaya/,P0,migrate/create
ot-zapoya-i-alkogolya,Капельница от запоя и алкоголя на дому,metro,Багратионовская,bagrationovskaya,core,/uslugi/kapelnitsy/ot-zapoya-i-alkogolya/bagrationovskaya/,P0,migrate/create
ot-zapoya-i-alkogolya,Капельница от запоя и алкоголя на дому,metro,Балтийская,baltijskaya,core,/uslugi/kapelnitsy/ot-zapoya-i-alkogolya/baltijskaya/,P0,migrate/create
ot-zapoya-i-alkogolya,Капельница от запоя и алкоголя на дому,metro,Баррикадная,barrikadnaya,core,/uslugi/kapelnitsy/ot-zapoya-i-alkogolya/barrikadnaya/,P0,migrate/create
ot-zapoya-i-alkogolya,Капельница от запоя и алкоголя на дому,metro,Бауманская,baumanskaya,core,/uslugi/kapelnitsy/ot-zapoya-i-alkogolya/baumanskaya/,P0,migrate/create
ot-zapoya-i-alkogolya,Капельница от запоя и алкоголя на дому,metro,Беговая,begovaya,core,/uslugi/kapelnitsy/ot-zapoya-i-alkogolya/begovaya/,P0,migrate/create
ot-zapoya-i-alkogolya,Капельница от запоя и алкоголя на дому,metro,Белокаменная,belokamennaya,core,/uslugi/kapelnitsy/ot-zapoya-i-alkogolya/belokamennaya/,P0,migrate/create
ot-zapoya-i-alkogolya,Капельница от запоя и алкоголя на дому,metro,Белорусская,belorusskaya,core,/uslugi/kapelnitsy/ot-zapoya-i-alkogolya/belorusskaya/,P0,migrate/create
ot-zapoya-i-alkogolya,Капельница от запоя и алкоголя на дому,metro,Беляево,belyaevo,core,/uslugi/kapelnitsy/ot-zapoya-i-alkogolya/belyaevo/,P0,migrate/create
ot-zapoya-i-alkogolya,Капельница от запоя и алкоголя на дому,metro,Бибирево,bibirevo,core,/uslugi/kapelnitsy/ot-zapoya-i-alkogolya/bibirevo/,P0,migrate/create
ot-zapoya-i-alkogolya,Капельница от запоя и алкоголя на дому,metro,Библиотека имени Ленина,biblioteka-imeni-lenina,core,/uslugi/kapelnitsy/ot-zapoya-i-alkogolya/biblioteka-imeni-lenina/,P0,migrate/create
ot-zapoya-i-alkogolya,Капельница от запоя и алкоголя на дому,metro,Битцевский парк,bitcevskij-park,core,/uslugi/kapelnitsy/ot-zapoya-i-alkogolya/bitcevskij-park/,P0,migrate/create
ot-zapoya-i-alkogolya,Капельница от запоя и алкоголя на дому,metro,Борисово,borisovo,core,/uslugi/kapelnitsy/ot-zapoya-i-alkogolya/borisovo/,P0,migrate/create
ot-zapoya-i-alkogolya,Капельница от запоя и алкоголя на дому,metro,Боровицкая,borovickaya,core,/uslugi/kapelnitsy/ot-zapoya-i-alkogolya/borovickaya/,P0,migrate/create
ot-zapoya-i-alkogolya,Капельница от запоя и алкоголя на дому,metro,Ботанический сад,botanicheskij-sad,core,/uslugi/kapelnitsy/ot-zapoya-i-alkogolya/botanicheskij-sad/,P0,migrate/create
ot-zapoya-i-alkogolya,Капельница от запоя и алкоголя на дому,metro,Братиславская,bratislavskaya,core,/uslugi/kapelnitsy/ot-zapoya-i-alkogolya/bratislavskaya/,P0,migrate/create
ot-zapoya-i-alkogolya,Капельница от запоя и алкоголя на дому,metro,Бульвар Адмирала Ушакова,bulvar-admirala-ushakova,core,/uslugi/kapelnitsy/ot-zapoya-i-alkogolya/bulvar-admirala-ushakova/,P0,migrate/create
ot-zapoya-i-alkogolya,Капельница от запоя и алкоголя на дому,metro,Бульвар Рокоссовского,bulvar-rokossovskogo,core,/uslugi/kapelnitsy/ot-zapoya-i-alkogolya/bulvar-rokossovskogo/,P0,migrate/create
ot-zapoya-i-alkogolya,Капельница от запоя и алкоголя на дому,metro,Бунинская аллея,buninskaya-alleya,core,/uslugi/kapelnitsy/ot-zapoya-i-alkogolya/buninskaya-alleya/,P0,migrate/create
ot-zapoya-i-alkogolya,Капельница от запоя и алкоголя на дому,metro,Бутырская,butyrskaya,core,/uslugi/kapelnitsy/ot-zapoya-i-alkogolya/butyrskaya/,P0,migrate/create
ot-zapoya-i-alkogolya,Капельница от запоя и алкоголя на дому,metro,Чеховская,chehovskaya,core,/uslugi/kapelnitsy/ot-zapoya-i-alkogolya/chehovskaya/,P0,migrate/create
ot-zapoya-i-alkogolya,Капельница от запоя и алкоголя на дому,metro,Черкизовская,cherkizovskaya,core,/uslugi/kapelnitsy/ot-zapoya-i-alkogolya/cherkizovskaya/,P0,migrate/create
ot-zapoya-i-alkogolya,Капельница от запоя и алкоголя на дому,metro,Чертановская,chertanovskaya,core,/uslugi/kapelnitsy/ot-zapoya-i-alkogolya/chertanovskaya/,P0,migrate/create
ot-zapoya-i-alkogolya,Капельница от запоя и алкоголя на дому,metro,Чистые пруды,chistye-prudy,core,/uslugi/kapelnitsy/ot-zapoya-i-alkogolya/chistye-prudy/,P0,migrate/create
ot-zapoya-i-alkogolya,Капельница от запоя и алкоголя на дому,metro,Чкаловская,chkalovskaya,core,/uslugi/kapelnitsy/ot-zapoya-i-alkogolya/chkalovskaya/,P0,migrate/create
ot-zapoya-i-alkogolya,Капельница от запоя и алкоголя на дому,metro,Царицыно,caricyno,core,/uslugi/kapelnitsy/ot-zapoya-i-alkogolya/caricyno/,P0,migrate/create
ot-zapoya-i-alkogolya,Капельница от запоя и алкоголя на дому,metro,ЦСКА,cska,core,/uslugi/kapelnitsy/ot-zapoya-i-alkogolya/cska/,P0,migrate/create
ot-zapoya-i-alkogolya,Капельница от запоя и алкоголя на дому,metro,Цветной бульвар,cvetnoj-bulvar,core,/uslugi/kapelnitsy/ot-zapoya-i-alkogolya/cvetnoj-bulvar/,P0,migrate/create
ot-zapoya-i-alkogolya,Капельница от запоя и алкоголя на дому,metro,Деловой центр,delovoj-centr,core,/uslugi/kapelnitsy/ot-zapoya-i-alkogolya/delovoj-centr/,P0,migrate/create
ot-zapoya-i-alkogolya,Капельница от запоя и алкоголя на дому,metro,Динамо,dinamo,core,/uslugi/kapelnitsy/ot-zapoya-i-alkogolya/dinamo/,P0,migrate/create
ot-zapoya-i-alkogolya,Капельница от запоя и алкоголя на дому,metro,Дмитровская,dmitrovskaya,core,/uslugi/kapelnitsy/ot-zapoya-i-alkogolya/dmitrovskaya/,P0,migrate/create
ot-zapoya-i-alkogolya,Капельница от запоя и алкоголя на дому,metro,Добрынинская,dobryninskaya,core,/uslugi/kapelnitsy/ot-zapoya-i-alkogolya/dobryninskaya/,P0,migrate/create
ot-zapoya-i-alkogolya,Капельница от запоя и алкоголя на дому,metro,Домодедовская,domodedovskaya,core,/uslugi/kapelnitsy/ot-zapoya-i-alkogolya/domodedovskaya/,P0,migrate/create
ot-zapoya-i-alkogolya,Капельница от запоя и алкоголя на дому,metro,Достоевская,dostoevskaya,core,/uslugi/kapelnitsy/ot-zapoya-i-alkogolya/dostoevskaya/,P0,migrate/create
ot-zapoya-i-alkogolya,Капельница от запоя и алкоголя на дому,metro,Электрозаводская,elektrozavodskaya,core,/uslugi/kapelnitsy/ot-zapoya-i-alkogolya/elektrozavodskaya/,P0,migrate/create
ot-zapoya-i-alkogolya,Капельница от запоя и алкоголя на дому,metro,Филёвский парк,filevskij-park,core,/uslugi/kapelnitsy/ot-zapoya-i-alkogolya/filevskij-park/,P0,migrate/create
ot-zapoya-i-alkogolya,Капельница от запоя и алкоголя на дому,metro,Фили,fili,core,/uslugi/kapelnitsy/ot-zapoya-i-alkogolya/fili/,P0,migrate/create
ot-zapoya-i-alkogolya,Капельница от запоя и алкоголя на дому,metro,Фонвизинская,fonvizinskaya,core,/uslugi/kapelnitsy/ot-zapoya-i-alkogolya/fonvizinskaya/,P0,migrate/create
ot-zapoya-i-alkogolya,Капельница от запоя и алкоголя на дому,metro,Фрунзенская,frunzenskaya,core,/uslugi/kapelnitsy/ot-zapoya-i-alkogolya/frunzenskaya/,P0,migrate/create
ot-zapoya-i-alkogolya,Капельница от запоя и алкоголя на дому,metro,Хорошёвская,horoshevskaya,core,/uslugi/kapelnitsy/ot-zapoya-i-alkogolya/horoshevskaya/,P0,migrate/create
ot-zapoya-i-alkogolya,Капельница от запоя и алкоголя на дому,metro,Ховрино,hovrino,core,/uslugi/kapelnitsy/ot-zapoya-i-alkogolya/hovrino/,P0,migrate/create
ot-zapoya-i-alkogolya,Капельница от запоя и алкоголя на дому,metro,Измайловская,izmajlovskaya,core,/uslugi/kapelnitsy/ot-zapoya-i-alkogolya/izmajlovskaya/,P0,migrate/create
ot-zapoya-i-alkogolya,Капельница от запоя и алкоголя на дому,metro,Каховская,kahovskaya,core,/uslugi/kapelnitsy/ot-zapoya-i-alkogolya/kahovskaya/,P0,migrate/create
ot-zapoya-i-alkogolya,Капельница от запоя и алкоголя на дому,metro,Калужская,kaluzhskaya,core,/uslugi/kapelnitsy/ot-zapoya-i-alkogolya/kaluzhskaya/,P0,migrate/create
ot-zapoya-i-alkogolya,Капельница от запоя и алкоголя на дому,metro,Кантемировская,kantemirovskaya,core,/uslugi/kapelnitsy/ot-zapoya-i-alkogolya/kantemirovskaya/,P0,migrate/create
ot-zapoya-i-alkogolya,Капельница от запоя и алкоголя на дому,metro,Каширская,kashirskaya,core,/uslugi/kapelnitsy/ot-zapoya-i-alkogolya/kashirskaya/,P0,migrate/create
ot-zapoya-i-alkogolya,Капельница от запоя и алкоголя на дому,metro,Киевская,kievskaya,core,/uslugi/kapelnitsy/ot-zapoya-i-alkogolya/kievskaya/,P0,migrate/create
ot-zapoya-i-alkogolya,Капельница от запоя и алкоголя на дому,metro,Китай-город,kitaj-gorod,core,/uslugi/kapelnitsy/ot-zapoya-i-alkogolya/kitaj-gorod/,P0,migrate/create
ot-zapoya-i-alkogolya,Капельница от запоя и алкоголя на дому,metro,Коломенская,kolomenskaya,core,/uslugi/kapelnitsy/ot-zapoya-i-alkogolya/kolomenskaya/,P0,migrate/create
ot-zapoya-i-alkogolya,Капельница от запоя и алкоголя на дому,metro,Комсомольская,komsomolskaya,core,/uslugi/kapelnitsy/ot-zapoya-i-alkogolya/komsomolskaya/,P0,migrate/create
ot-zapoya-i-alkogolya,Капельница от запоя и алкоголя на дому,metro,Коньково,konkovo,core,/uslugi/kapelnitsy/ot-zapoya-i-alkogolya/konkovo/,P0,migrate/create
ot-zapoya-i-alkogolya,Капельница от запоя и алкоголя на дому,metro,Коптево,koptevo,core,/uslugi/kapelnitsy/ot-zapoya-i-alkogolya/koptevo/,P0,migrate/create
ot-zapoya-i-alkogolya,Капельница от запоя и алкоголя на дому,metro,Котельники,kotelniki,core,/uslugi/kapelnitsy/ot-zapoya-i-alkogolya/kotelniki/,P0,migrate/create
ot-zapoya-i-alkogolya,Капельница от запоя и алкоголя на дому,metro,Кожуховская,kozhuhovskaya,core,/uslugi/kapelnitsy/ot-zapoya-i-alkogolya/kozhuhovskaya/,P0,migrate/create
ot-zapoya-i-alkogolya,Капельница от запоя и алкоголя на дому,metro,Красногвардейская,krasnogvardejskaya,core,/uslugi/kapelnitsy/ot-zapoya-i-alkogolya/krasnogvardejskaya/,P0,migrate/create
ot-zapoya-i-alkogolya,Капельница от запоя и алкоголя на дому,metro,Краснопресненская,krasnopresnenskaya,core,/uslugi/kapelnitsy/ot-zapoya-i-alkogolya/krasnopresnenskaya/,P0,migrate/create
ot-zapoya-i-alkogolya,Капельница от запоя и алкоголя на дому,metro,Красносельская,krasnoselskaya,core,/uslugi/kapelnitsy/ot-zapoya-i-alkogolya/krasnoselskaya/,P0,migrate/create
ot-zapoya-i-alkogolya,Капельница от запоя и алкоголя на дому,metro,Красные ворота,krasnye-vorota,core,/uslugi/kapelnitsy/ot-zapoya-i-alkogolya/krasnye-vorota/,P0,migrate/create
ot-zapoya-i-alkogolya,Капельница от запоя и алкоголя на дому,metro,Крестьянская застава,krestyanskaya-zastava,core,/uslugi/kapelnitsy/ot-zapoya-i-alkogolya/krestyanskaya-zastava/,P0,migrate/create
ot-zapoya-i-alkogolya,Капельница от запоя и алкоголя на дому,metro,Кропоткинская,kropotkinskaya,core,/uslugi/kapelnitsy/ot-zapoya-i-alkogolya/kropotkinskaya/,P0,migrate/create
ot-zapoya-i-alkogolya,Капельница от запоя и алкоголя на дому,metro,Крылатское,krylatskoe,core,/uslugi/kapelnitsy/ot-zapoya-i-alkogolya/krylatskoe/,P0,migrate/create
ot-zapoya-i-alkogolya,Капельница от запоя и алкоголя на дому,metro,Крымская,krymskaya,core,/uslugi/kapelnitsy/ot-zapoya-i-alkogolya/krymskaya/,P0,migrate/create
ot-zapoya-i-alkogolya,Капельница от запоя и алкоголя на дому,metro,Кунцевская,kuncevskaya,core,/uslugi/kapelnitsy/ot-zapoya-i-alkogolya/kuncevskaya/,P0,migrate/create
ot-zapoya-i-alkogolya,Капельница от запоя и алкоголя на дому,metro,Курская,kurskaya,core,/uslugi/kapelnitsy/ot-zapoya-i-alkogolya/kurskaya/,P0,migrate/create
ot-zapoya-i-alkogolya,Капельница от запоя и алкоголя на дому,metro,Кутузовская,kutuzovskaya,core,/uslugi/kapelnitsy/ot-zapoya-i-alkogolya/kutuzovskaya/,P0,migrate/create
ot-zapoya-i-alkogolya,Капельница от запоя и алкоголя на дому,metro,Кузьминки,kuzminki,core,/uslugi/kapelnitsy/ot-zapoya-i-alkogolya/kuzminki/,P0,migrate/create
ot-zapoya-i-alkogolya,Капельница от запоя и алкоголя на дому,metro,Кузнецкий мост,kuzneckij-most,core,/uslugi/kapelnitsy/ot-zapoya-i-alkogolya/kuzneckij-most/,P0,migrate/create
ot-zapoya-i-alkogolya,Капельница от запоя и алкоголя на дому,metro,Ленинский проспект,leninskij-prospekt,core,/uslugi/kapelnitsy/ot-zapoya-i-alkogolya/leninskij-prospekt/,P0,migrate/create
ot-zapoya-i-alkogolya,Капельница от запоя и алкоголя на дому,metro,Лермонтовский проспект,lermontovskij-prospekt,core,/uslugi/kapelnitsy/ot-zapoya-i-alkogolya/lermontovskij-prospekt/,P0,migrate/create
ot-zapoya-i-alkogolya,Капельница от запоя и алкоголя на дому,metro,Лесопарковая,lesoparkovaya,core,/uslugi/kapelnitsy/ot-zapoya-i-alkogolya/lesoparkovaya/,P0,migrate/create
ot-zapoya-i-alkogolya,Капельница от запоя и алкоголя на дому,metro,Лихоборы,lihobory,core,/uslugi/kapelnitsy/ot-zapoya-i-alkogolya/lihobory/,P0,migrate/create
ot-zapoya-i-alkogolya,Капельница от запоя и алкоголя на дому,metro,Локомотив,lokomotiv,core,/uslugi/kapelnitsy/ot-zapoya-i-alkogolya/lokomotiv/,P0,migrate/create
ot-zapoya-i-alkogolya,Капельница от запоя и алкоголя на дому,metro,Ломоносовский проспект,lomonosovskij-prospekt,core,/uslugi/kapelnitsy/ot-zapoya-i-alkogolya/lomonosovskij-prospekt/,P0,migrate/create
ot-zapoya-i-alkogolya,Капельница от запоя и алкоголя на дому,metro,Лубянка,lubyanka,core,/uslugi/kapelnitsy/ot-zapoya-i-alkogolya/lubyanka/,P0,migrate/create
ot-zapoya-i-alkogolya,Капельница от запоя и алкоголя на дому,metro,Лужники,luzhniki,core,/uslugi/kapelnitsy/ot-zapoya-i-alkogolya/luzhniki/,P0,migrate/create
ot-zapoya-i-alkogolya,Капельница от запоя и алкоголя на дому,metro,Люблино,lyublino,core,/uslugi/kapelnitsy/ot-zapoya-i-alkogolya/lyublino/,P0,migrate/create
ot-zapoya-i-alkogolya,Капельница от запоя и алкоголя на дому,metro,Марьино,marino,core,/uslugi/kapelnitsy/ot-zapoya-i-alkogolya/marino/,P0,migrate/create
ot-zapoya-i-alkogolya,Капельница от запоя и алкоголя на дому,metro,Марьина Роща,marina-roshcha,core,/uslugi/kapelnitsy/ot-zapoya-i-alkogolya/marina-roshcha/,P0,migrate/create
ot-zapoya-i-alkogolya,Капельница от запоя и алкоголя на дому,metro,Марксистская,marksistskaya,core,/uslugi/kapelnitsy/ot-zapoya-i-alkogolya/marksistskaya/,P0,migrate/create
ot-zapoya-i-alkogolya,Капельница от запоя и алкоголя на дому,metro,Маяковская,mayakovskaya,core,/uslugi/kapelnitsy/ot-zapoya-i-alkogolya/mayakovskaya/,P0,migrate/create
ot-zapoya-i-alkogolya,Капельница от запоя и алкоголя на дому,metro,Медведково,medvedkovo,core,/uslugi/kapelnitsy/ot-zapoya-i-alkogolya/medvedkovo/,P0,migrate/create
ot-zapoya-i-alkogolya,Капельница от запоя и алкоголя на дому,metro,Менделеевская,mendeleevskaya,core,/uslugi/kapelnitsy/ot-zapoya-i-alkogolya/mendeleevskaya/,P0,migrate/create
ot-zapoya-i-alkogolya,Капельница от запоя и алкоголя на дому,metro,Международная,mezhdunarodnaya,core,/uslugi/kapelnitsy/ot-zapoya-i-alkogolya/mezhdunarodnaya/,P0,migrate/create
ot-zapoya-i-alkogolya,Капельница от запоя и алкоголя на дому,metro,Минская,minskaya,core,/uslugi/kapelnitsy/ot-zapoya-i-alkogolya/minskaya/,P0,migrate/create
ot-zapoya-i-alkogolya,Капельница от запоя и алкоголя на дому,metro,Молодёжная,molodezhnaya,core,/uslugi/kapelnitsy/ot-zapoya-i-alkogolya/molodezhnaya/,P0,migrate/create
ot-zapoya-i-alkogolya,Капельница от запоя и алкоголя на дому,metro,Мякинино,myakinino,core,/uslugi/kapelnitsy/ot-zapoya-i-alkogolya/myakinino/,P0,migrate/create
ot-zapoya-i-alkogolya,Капельница от запоя и алкоголя на дому,metro,Нагатинская,nagatinskaya,core,/uslugi/kapelnitsy/ot-zapoya-i-alkogolya/nagatinskaya/,P0,migrate/create
ot-zapoya-i-alkogolya,Капельница от запоя и алкоголя на дому,metro,Нагорная,nagornaya,core,/uslugi/kapelnitsy/ot-zapoya-i-alkogolya/nagornaya/,P0,migrate/create
ot-zapoya-i-alkogolya,Капельница от запоя и алкоголя на дому,metro,Нахимовский проспект,nahimovskij-prospekt,core,/uslugi/kapelnitsy/ot-zapoya-i-alkogolya/nahimovskij-prospekt/,P0,migrate/create
ot-zapoya-i-alkogolya,Капельница от запоя и алкоголя на дому,metro,Нижегородская,nizhegorodskaya,core,/uslugi/kapelnitsy/ot-zapoya-i-alkogolya/nizhegorodskaya/,P0,migrate/create
ot-zapoya-i-alkogolya,Капельница от запоя и алкоголя на дому,metro,Новогиреево,novogireevo,core,/uslugi/kapelnitsy/ot-zapoya-i-alkogolya/novogireevo/,P0,migrate/create
ot-zapoya-i-alkogolya,Капельница от запоя и алкоголя на дому,metro,Новохохловская,novohohlovskaya,core,/uslugi/kapelnitsy/ot-zapoya-i-alkogolya/novohohlovskaya/,P0,migrate/create
ot-zapoya-i-alkogolya,Капельница от запоя и алкоголя на дому,metro,Новокосино,novokosino,core,/uslugi/kapelnitsy/ot-zapoya-i-alkogolya/novokosino/,P0,migrate/create
ot-zapoya-i-alkogolya,Капельница от запоя и алкоголя на дому,metro,Новокузнецкая,novokuzneckaya,core,/uslugi/kapelnitsy/ot-zapoya-i-alkogolya/novokuzneckaya/,P0,migrate/create
ot-zapoya-i-alkogolya,Капельница от запоя и алкоголя на дому,metro,Новослободская,novoslobodskaya,core,/uslugi/kapelnitsy/ot-zapoya-i-alkogolya/novoslobodskaya/,P0,migrate/create
ot-zapoya-i-alkogolya,Капельница от запоя и алкоголя на дому,metro,Новоясеневская,novoyasenevskaya,core,/uslugi/kapelnitsy/ot-zapoya-i-alkogolya/novoyasenevskaya/,P0,migrate/create
ot-zapoya-i-alkogolya,Капельница от запоя и алкоголя на дому,metro,Новые Черёмушки,novye-cheremushki,core,/uslugi/kapelnitsy/ot-zapoya-i-alkogolya/novye-cheremushki/,P0,migrate/create
ot-zapoya-i-alkogolya,Капельница от запоя и алкоголя на дому,metro,Охотный Ряд,ohotnyj-ryad,core,/uslugi/kapelnitsy/ot-zapoya-i-alkogolya/ohotnyj-ryad/,P0,migrate/create
ot-zapoya-i-alkogolya,Капельница от запоя и алкоголя на дому,metro,Окружная,okruzhnaya,core,/uslugi/kapelnitsy/ot-zapoya-i-alkogolya/okruzhnaya/,P0,migrate/create
ot-zapoya-i-alkogolya,Капельница от запоя и алкоголя на дому,metro,Октябрьское Поле,oktyabrskoe-pole,core,/uslugi/kapelnitsy/ot-zapoya-i-alkogolya/oktyabrskoe-pole/,P0,migrate/create
ot-zapoya-i-alkogolya,Капельница от запоя и алкоголя на дому,metro,Октябрьская,oktyabrskaya,core,/uslugi/kapelnitsy/ot-zapoya-i-alkogolya/oktyabrskaya/,P0,migrate/create
ot-zapoya-i-alkogolya,Капельница от запоя и алкоголя на дому,metro,Орехово,orehovo,core,/uslugi/kapelnitsy/ot-zapoya-i-alkogolya/orehovo/,P0,migrate/create
ot-zapoya-i-alkogolya,Капельница от запоя и алкоголя на дому,metro,Отрадное,otradnoe,core,/uslugi/kapelnitsy/ot-zapoya-i-alkogolya/otradnoe/,P0,migrate/create
ot-zapoya-i-alkogolya,Капельница от запоя и алкоголя на дому,metro,Панфиловская,panfilovskaya,core,/uslugi/kapelnitsy/ot-zapoya-i-alkogolya/panfilovskaya/,P0,migrate/create
ot-zapoya-i-alkogolya,Капельница от запоя и алкоголя на дому,metro,Парк культуры,park-kultury,core,/uslugi/kapelnitsy/ot-zapoya-i-alkogolya/park-kultury/,P0,migrate/create
ot-zapoya-i-alkogolya,Капельница от запоя и алкоголя на дому,metro,Парк Победы,park-pobedy,core,/uslugi/kapelnitsy/ot-zapoya-i-alkogolya/park-pobedy/,P0,migrate/create
ot-zapoya-i-alkogolya,Капельница от запоя и алкоголя на дому,metro,Партизанская,partizanskaya,core,/uslugi/kapelnitsy/ot-zapoya-i-alkogolya/partizanskaya/,P0,migrate/create
ot-zapoya-i-alkogolya,Капельница от запоя и алкоголя на дому,metro,Павелецкая,paveleckaya,core,/uslugi/kapelnitsy/ot-zapoya-i-alkogolya/paveleckaya/,P0,migrate/create
ot-zapoya-i-alkogolya,Капельница от запоя и алкоголя на дому,metro,Печатники,pechatniki,core,/uslugi/kapelnitsy/ot-zapoya-i-alkogolya/pechatniki/,P0,migrate/create
ot-zapoya-i-alkogolya,Капельница от запоя и алкоголя на дому,metro,Перово,perovo,core,/uslugi/kapelnitsy/ot-zapoya-i-alkogolya/perovo/,P0,migrate/create
ot-zapoya-i-alkogolya,Капельница от запоя и алкоголя на дому,metro,Первомайская,pervomajskaya,core,/uslugi/kapelnitsy/ot-zapoya-i-alkogolya/pervomajskaya/,P0,migrate/create
ot-zapoya-i-alkogolya,Капельница от запоя и алкоголя на дому,metro,Петровский парк,petrovskij-park,core,/uslugi/kapelnitsy/ot-zapoya-i-alkogolya/petrovskij-park/,P0,migrate/create
ot-zapoya-i-alkogolya,Капельница от запоя и алкоголя на дому,metro,Петровско-Разумовская,petrovsko-razumovskaya,core,/uslugi/kapelnitsy/ot-zapoya-i-alkogolya/petrovsko-razumovskaya/,P0,migrate/create
ot-zapoya-i-alkogolya,Капельница от запоя и алкоголя на дому,metro,Пионерская,pionerskaya,core,/uslugi/kapelnitsy/ot-zapoya-i-alkogolya/pionerskaya/,P0,migrate/create
ot-zapoya-i-alkogolya,Капельница от запоя и алкоголя на дому,metro,Планерная,planernaya,core,/uslugi/kapelnitsy/ot-zapoya-i-alkogolya/planernaya/,P0,migrate/create
ot-zapoya-i-alkogolya,Капельница от запоя и алкоголя на дому,metro,Площадь Гагарина,ploshchad-gagarina,core,/uslugi/kapelnitsy/ot-zapoya-i-alkogolya/ploshchad-gagarina/,P0,migrate/create
ot-zapoya-i-alkogolya,Капельница от запоя и алкоголя на дому,metro,Площадь Ильича,ploshchad-ilicha,core,/uslugi/kapelnitsy/ot-zapoya-i-alkogolya/ploshchad-ilicha/,P0,migrate/create
ot-zapoya-i-alkogolya,Капельница от запоя и алкоголя на дому,metro,Площадь Революции,ploshchad-revolyucii,core,/uslugi/kapelnitsy/ot-zapoya-i-alkogolya/ploshchad-revolyucii/,P0,migrate/create
ot-zapoya-i-alkogolya,Капельница от запоя и алкоголя на дому,metro,Полежаевская,polezhaevskaya,core,/uslugi/kapelnitsy/ot-zapoya-i-alkogolya/polezhaevskaya/,P0,migrate/create
ot-zapoya-i-alkogolya,Капельница от запоя и алкоголя на дому,metro,Полянка,polyanka,core,/uslugi/kapelnitsy/ot-zapoya-i-alkogolya/polyanka/,P0,migrate/create
ot-zapoya-i-alkogolya,Капельница от запоя и алкоголя на дому,metro,Пражская,prazhskaya,core,/uslugi/kapelnitsy/ot-zapoya-i-alkogolya/prazhskaya/,P0,migrate/create
ot-zapoya-i-alkogolya,Капельница от запоя и алкоголя на дому,metro,Преображенская площадь,preobrazhenskaya-ploshchad,core,/uslugi/kapelnitsy/ot-zapoya-i-alkogolya/preobrazhenskaya-ploshchad/,P0,migrate/create
ot-zapoya-i-alkogolya,Капельница от запоя и алкоголя на дому,metro,Профсоюзная,profsoyuznaya,core,/uslugi/kapelnitsy/ot-zapoya-i-alkogolya/profsoyuznaya/,P0,migrate/create
ot-zapoya-i-alkogolya,Капельница от запоя и алкоголя на дому,metro,Пролетарская,proletarskaya,core,/uslugi/kapelnitsy/ot-zapoya-i-alkogolya/proletarskaya/,P0,migrate/create
ot-zapoya-i-alkogolya,Капельница от запоя и алкоголя на дому,metro,Проспект Мира,prospekt-mira,core,/uslugi/kapelnitsy/ot-zapoya-i-alkogolya/prospekt-mira/,P0,migrate/create
ot-zapoya-i-alkogolya,Капельница от запоя и алкоголя на дому,metro,Проспект Вернадского,prospekt-vernadskogo,core,/uslugi/kapelnitsy/ot-zapoya-i-alkogolya/prospekt-vernadskogo/,P0,migrate/create
ot-zapoya-i-alkogolya,Капельница от запоя и алкоголя на дому,metro,Пушкинская,pushkinskaya,core,/uslugi/kapelnitsy/ot-zapoya-i-alkogolya/pushkinskaya/,P0,migrate/create
ot-zapoya-i-alkogolya,Капельница от запоя и алкоголя на дому,metro,Пятницкое шоссе,pyatnickoe-shosse,core,/uslugi/kapelnitsy/ot-zapoya-i-alkogolya/pyatnickoe-shosse/,P0,migrate/create
ot-zapoya-i-alkogolya,Капельница от запоя и алкоголя на дому,metro,Раменки,ramenki,core,/uslugi/kapelnitsy/ot-zapoya-i-alkogolya/ramenki/,P0,migrate/create
ot-zapoya-i-alkogolya,Капельница от запоя и алкоголя на дому,metro,Речной вокзал,rechnoj-vokzal,core,/uslugi/kapelnitsy/ot-zapoya-i-alkogolya/rechnoj-vokzal/,P0,migrate/create
ot-zapoya-i-alkogolya,Капельница от запоя и алкоголя на дому,metro,Римская,rimskaya,core,/uslugi/kapelnitsy/ot-zapoya-i-alkogolya/rimskaya/,P0,migrate/create
ot-zapoya-i-alkogolya,Капельница от запоя и алкоголя на дому,metro,Рижская,rizhskaya,core,/uslugi/kapelnitsy/ot-zapoya-i-alkogolya/rizhskaya/,P0,migrate/create
ot-zapoya-i-alkogolya,Капельница от запоя и алкоголя на дому,metro,Ростокино,rostokino,core,/uslugi/kapelnitsy/ot-zapoya-i-alkogolya/rostokino/,P0,migrate/create
ot-zapoya-i-alkogolya,Капельница от запоя и алкоголя на дому,metro,Румянцево,rumyancevo,core,/uslugi/kapelnitsy/ot-zapoya-i-alkogolya/rumyancevo/,P0,migrate/create
ot-zapoya-i-alkogolya,Капельница от запоя и алкоголя на дому,metro,Рязанский проспект,ryazanskij-prospekt,core,/uslugi/kapelnitsy/ot-zapoya-i-alkogolya/ryazanskij-prospekt/,P0,migrate/create
ot-zapoya-i-alkogolya,Капельница от запоя и алкоголя на дому,metro,Саларьево,salarevo,core,/uslugi/kapelnitsy/ot-zapoya-i-alkogolya/salarevo/,P0,migrate/create
ot-zapoya-i-alkogolya,Капельница от запоя и алкоголя на дому,metro,Савёловская,savelovskaya,core,/uslugi/kapelnitsy/ot-zapoya-i-alkogolya/savelovskaya/,P0,migrate/create
ot-zapoya-i-alkogolya,Капельница от запоя и алкоголя на дому,metro,Селигерская,seligerskaya,core,/uslugi/kapelnitsy/ot-zapoya-i-alkogolya/seligerskaya/,P0,migrate/create
ot-zapoya-i-alkogolya,Капельница от запоя и алкоголя на дому,metro,Семёновская,semenovskaya,core,/uslugi/kapelnitsy/ot-zapoya-i-alkogolya/semenovskaya/,P0,migrate/create
ot-zapoya-i-alkogolya,Капельница от запоя и алкоголя на дому,metro,Серпуховская,serpuhovskaya,core,/uslugi/kapelnitsy/ot-zapoya-i-alkogolya/serpuhovskaya/,P0,migrate/create
ot-zapoya-i-alkogolya,Капельница от запоя и алкоголя на дому,metro,Севастопольская,sevastopolskaya,core,/uslugi/kapelnitsy/ot-zapoya-i-alkogolya/sevastopolskaya/,P0,migrate/create
ot-zapoya-i-alkogolya,Капельница от запоя и алкоголя на дому,metro,Шаболовская,shabolovskaya,core,/uslugi/kapelnitsy/ot-zapoya-i-alkogolya/shabolovskaya/,P0,migrate/create
ot-zapoya-i-alkogolya,Капельница от запоя и алкоголя на дому,metro,Шелепиха,shelepiha,core,/uslugi/kapelnitsy/ot-zapoya-i-alkogolya/shelepiha/,P0,migrate/create
ot-zapoya-i-alkogolya,Капельница от запоя и алкоголя на дому,metro,Щукинская,shchukinskaya,core,/uslugi/kapelnitsy/ot-zapoya-i-alkogolya/shchukinskaya/,P0,migrate/create
ot-zapoya-i-alkogolya,Капельница от запоя и алкоголя на дому,metro,Щёлковская,shchelkovskaya,core,/uslugi/kapelnitsy/ot-zapoya-i-alkogolya/shchelkovskaya/,P0,migrate/create
ot-zapoya-i-alkogolya,Капельница от запоя и алкоголя на дому,metro,Шипиловская,shipilovskaya,core,/uslugi/kapelnitsy/ot-zapoya-i-alkogolya/shipilovskaya/,P0,migrate/create
ot-zapoya-i-alkogolya,Капельница от запоя и алкоголя на дому,metro,Сходненская,shodnenskaya,core,/uslugi/kapelnitsy/ot-zapoya-i-alkogolya/shodnenskaya/,P0,migrate/create
ot-zapoya-i-alkogolya,Капельница от запоя и алкоголя на дому,metro,Шоссе Энтузиастов,shosse-entuziastov,core,/uslugi/kapelnitsy/ot-zapoya-i-alkogolya/shosse-entuziastov/,P0,migrate/create
ot-zapoya-i-alkogolya,Капельница от запоя и алкоголя на дому,metro,Улица Скобелевская,ulica-skobelevskaya,core,/uslugi/kapelnitsy/ot-zapoya-i-alkogolya/ulica-skobelevskaya/,P0,migrate/create
ot-zapoya-i-alkogolya,Капельница от запоя и алкоголя на дому,metro,Славянский бульвар,slavyanskij-bulvar,core,/uslugi/kapelnitsy/ot-zapoya-i-alkogolya/slavyanskij-bulvar/,P0,migrate/create
ot-zapoya-i-alkogolya,Капельница от запоя и алкоголя на дому,metro,Смоленская,smolenskaya,core,/uslugi/kapelnitsy/ot-zapoya-i-alkogolya/smolenskaya/,P0,migrate/create
ot-zapoya-i-alkogolya,Капельница от запоя и алкоголя на дому,metro,Сокол,sokol,core,/uslugi/kapelnitsy/ot-zapoya-i-alkogolya/sokol/,P0,migrate/create
ot-zapoya-i-alkogolya,Капельница от запоя и алкоголя на дому,metro,Соколиная гора,sokolinaya-gora,core,/uslugi/kapelnitsy/ot-zapoya-i-alkogolya/sokolinaya-gora/,P0,migrate/create
ot-zapoya-i-alkogolya,Капельница от запоя и алкоголя на дому,metro,Спартак,spartak,core,/uslugi/kapelnitsy/ot-zapoya-i-alkogolya/spartak/,P0,migrate/create
ot-zapoya-i-alkogolya,Капельница от запоя и алкоголя на дому,metro,Спортивная,sportivnaya,core,/uslugi/kapelnitsy/ot-zapoya-i-alkogolya/sportivnaya/,P0,migrate/create
ot-zapoya-i-alkogolya,Капельница от запоя и алкоголя на дому,metro,Сретенский бульвар,sretenskij-bulvar,core,/uslugi/kapelnitsy/ot-zapoya-i-alkogolya/sretenskij-bulvar/,P0,migrate/create
ot-zapoya-i-alkogolya,Капельница от запоя и алкоголя на дому,metro,Стрешнево,streshnevo,core,/uslugi/kapelnitsy/ot-zapoya-i-alkogolya/streshnevo/,P0,migrate/create
ot-zapoya-i-alkogolya,Капельница от запоя и алкоголя на дому,metro,Строгино,strogino,core,/uslugi/kapelnitsy/ot-zapoya-i-alkogolya/strogino/,P0,migrate/create
ot-zapoya-i-alkogolya,Капельница от запоя и алкоголя на дому,metro,Студенческая,studencheskaya,core,/uslugi/kapelnitsy/ot-zapoya-i-alkogolya/studencheskaya/,P0,migrate/create
ot-zapoya-i-alkogolya,Капельница от запоя и алкоголя на дому,metro,Сухаревская,suharevskaya,core,/uslugi/kapelnitsy/ot-zapoya-i-alkogolya/suharevskaya/,P0,migrate/create
ot-zapoya-i-alkogolya,Капельница от запоя и алкоголя на дому,metro,Свиблово,sviblovo,core,/uslugi/kapelnitsy/ot-zapoya-i-alkogolya/sviblovo/,P0,migrate/create
ot-zapoya-i-alkogolya,Капельница от запоя и алкоголя на дому,metro,Таганская,taganskaya,core,/uslugi/kapelnitsy/ot-zapoya-i-alkogolya/taganskaya/,P0,migrate/create
ot-zapoya-i-alkogolya,Капельница от запоя и алкоголя на дому,metro,Театральная,teatralnaya,core,/uslugi/kapelnitsy/ot-zapoya-i-alkogolya/teatralnaya/,P0,migrate/create
ot-zapoya-i-alkogolya,Капельница от запоя и алкоголя на дому,metro,Технопарк,tehnopark,core,/uslugi/kapelnitsy/ot-zapoya-i-alkogolya/tehnopark/,P0,migrate/create
ot-zapoya-i-alkogolya,Капельница от запоя и алкоголя на дому,metro,Текстильщики,tekstilshchiki,core,/uslugi/kapelnitsy/ot-zapoya-i-alkogolya/tekstilshchiki/,P0,migrate/create
ot-zapoya-i-alkogolya,Капельница от запоя и алкоголя на дому,metro,Телецентр,telecentr,core,/uslugi/kapelnitsy/ot-zapoya-i-alkogolya/telecentr/,P0,migrate/create
ot-zapoya-i-alkogolya,Капельница от запоя и алкоголя на дому,metro,Тёплый Стан,teplyj-stan,core,/uslugi/kapelnitsy/ot-zapoya-i-alkogolya/teplyj-stan/,P0,migrate/create
ot-zapoya-i-alkogolya,Капельница от запоя и алкоголя на дому,metro,Тимирязевская,timiryazevskaya,core,/uslugi/kapelnitsy/ot-zapoya-i-alkogolya/timiryazevskaya/,P0,migrate/create
ot-zapoya-i-alkogolya,Капельница от запоя и алкоголя на дому,metro,Третьяковская,tretyakovskaya,core,/uslugi/kapelnitsy/ot-zapoya-i-alkogolya/tretyakovskaya/,P0,migrate/create
ot-zapoya-i-alkogolya,Капельница от запоя и алкоголя на дому,metro,Тропарёво,troparevo,core,/uslugi/kapelnitsy/ot-zapoya-i-alkogolya/troparevo/,P0,migrate/create
ot-zapoya-i-alkogolya,Капельница от запоя и алкоголя на дому,metro,Трубная,trubnaya,core,/uslugi/kapelnitsy/ot-zapoya-i-alkogolya/trubnaya/,P0,migrate/create
ot-zapoya-i-alkogolya,Капельница от запоя и алкоголя на дому,metro,Тульская,tulskaya,core,/uslugi/kapelnitsy/ot-zapoya-i-alkogolya/tulskaya/,P0,migrate/create
ot-zapoya-i-alkogolya,Капельница от запоя и алкоголя на дому,metro,Тургеневская,turgenevskaya,core,/uslugi/kapelnitsy/ot-zapoya-i-alkogolya/turgenevskaya/,P0,migrate/create
ot-zapoya-i-alkogolya,Капельница от запоя и алкоголя на дому,metro,Тушинская,tushinskaya,core,/uslugi/kapelnitsy/ot-zapoya-i-alkogolya/tushinskaya/,P0,migrate/create
ot-zapoya-i-alkogolya,Капельница от запоя и алкоголя на дому,metro,Тверская,tverskaya,core,/uslugi/kapelnitsy/ot-zapoya-i-alkogolya/tverskaya/,P0,migrate/create
ot-zapoya-i-alkogolya,Капельница от запоя и алкоголя на дому,metro,Угрешская,ugreshskaya,core,/uslugi/kapelnitsy/ot-zapoya-i-alkogolya/ugreshskaya/,P0,migrate/create
ot-zapoya-i-alkogolya,Капельница от запоя и алкоголя на дому,metro,Улица 1905 года,ulica-1905-goda,core,/uslugi/kapelnitsy/ot-zapoya-i-alkogolya/ulica-1905-goda/,P0,migrate/create
ot-zapoya-i-alkogolya,Капельница от запоя и алкоголя на дому,metro,Улица Академика Королёва,ulica-akademika-koroleva,core,/uslugi/kapelnitsy/ot-zapoya-i-alkogolya/ulica-akademika-koroleva/,P0,migrate/create
ot-zapoya-i-alkogolya,Капельница от запоя и алкоголя на дому,metro,Улица Академика Янгеля,ulica-akademika-yangelya,core,/uslugi/kapelnitsy/ot-zapoya-i-alkogolya/ulica-akademika-yangelya/,P0,migrate/create
ot-zapoya-i-alkogolya,Капельница от запоя и алкоголя на дому,metro,Улица Горчакова,ulica-gorchakova,core,/uslugi/kapelnitsy/ot-zapoya-i-alkogolya/ulica-gorchakova/,P0,migrate/create
ot-zapoya-i-alkogolya,Капельница от запоя и алкоголя на дому,metro,Улица Милашенкова,ulica-milashenkova,core,/uslugi/kapelnitsy/ot-zapoya-i-alkogolya/ulica-milashenkova/,P0,migrate/create
ot-zapoya-i-alkogolya,Капельница от запоя и алкоголя на дому,metro,Улица Сергея Эйзенштейна,ulica-sergeya-ejzenshtejna,core,/uslugi/kapelnitsy/ot-zapoya-i-alkogolya/ulica-sergeya-ejzenshtejna/,P0,migrate/create
ot-zapoya-i-alkogolya,Капельница от запоя и алкоголя на дому,metro,Улица Старокачаловская,ulica-starokachalovskaya,core,/uslugi/kapelnitsy/ot-zapoya-i-alkogolya/ulica-starokachalovskaya/,P0,migrate/create
ot-zapoya-i-alkogolya,Капельница от запоя и алкоголя на дому,metro,Университет,universitet,core,/uslugi/kapelnitsy/ot-zapoya-i-alkogolya/universitet/,P0,migrate/create
ot-zapoya-i-alkogolya,Капельница от запоя и алкоголя на дому,metro,Варшавская,varshavskaya,core,/uslugi/kapelnitsy/ot-zapoya-i-alkogolya/varshavskaya/,P0,migrate/create
ot-zapoya-i-alkogolya,Капельница от запоя и алкоголя на дому,metro,ВДНХ,vdnh,core,/uslugi/kapelnitsy/ot-zapoya-i-alkogolya/vdnh/,P0,migrate/create
ot-zapoya-i-alkogolya,Капельница от запоя и алкоголя на дому,metro,Верхние Котлы,verhnie-kotly,core,/uslugi/kapelnitsy/ot-zapoya-i-alkogolya/verhnie-kotly/,P0,migrate/create
ot-zapoya-i-alkogolya,Капельница от запоя и алкоголя на дому,metro,Верхние Лихоборы,verhnie-lihobory,core,/uslugi/kapelnitsy/ot-zapoya-i-alkogolya/verhnie-lihobory/,P0,migrate/create
ot-zapoya-i-alkogolya,Капельница от запоя и алкоголя на дому,metro,Владыкино,vladykino,core,/uslugi/kapelnitsy/ot-zapoya-i-alkogolya/vladykino/,P0,migrate/create
ot-zapoya-i-alkogolya,Капельница от запоя и алкоголя на дому,metro,Водный стадион,vodnyj-stadion,core,/uslugi/kapelnitsy/ot-zapoya-i-alkogolya/vodnyj-stadion/,P0,migrate/create
ot-zapoya-i-alkogolya,Капельница от запоя и алкоголя на дому,metro,Войковская,vojkovskaya,core,/uslugi/kapelnitsy/ot-zapoya-i-alkogolya/vojkovskaya/,P0,migrate/create
ot-zapoya-i-alkogolya,Капельница от запоя и алкоголя на дому,metro,Волгоградский проспект,volgogradskij-prospekt,core,/uslugi/kapelnitsy/ot-zapoya-i-alkogolya/volgogradskij-prospekt/,P0,migrate/create
ot-zapoya-i-alkogolya,Капельница от запоя и алкоголя на дому,metro,Волоколамская,volokolamskaya,core,/uslugi/kapelnitsy/ot-zapoya-i-alkogolya/volokolamskaya/,P0,migrate/create
ot-zapoya-i-alkogolya,Капельница от запоя и алкоголя на дому,metro,Волжская,volzhskaya,core,/uslugi/kapelnitsy/ot-zapoya-i-alkogolya/volzhskaya/,P0,migrate/create
ot-zapoya-i-alkogolya,Капельница от запоя и алкоголя на дому,metro,Воробьёвы горы,vorobevy-gory,core,/uslugi/kapelnitsy/ot-zapoya-i-alkogolya/vorobevy-gory/,P0,migrate/create
ot-zapoya-i-alkogolya,Капельница от запоя и алкоголя на дому,metro,Выхино,vyhino,core,/uslugi/kapelnitsy/ot-zapoya-i-alkogolya/vyhino/,P0,migrate/create
ot-zapoya-i-alkogolya,Капельница от запоя и алкоголя на дому,metro,Выставочная,vystavochnaya,core,/uslugi/kapelnitsy/ot-zapoya-i-alkogolya/vystavochnaya/,P0,migrate/create
ot-zapoya-i-alkogolya,Капельница от запоя и алкоголя на дому,metro,Выставочный центр,vystavochnyj-centr,core,/uslugi/kapelnitsy/ot-zapoya-i-alkogolya/vystavochnyj-centr/,P0,migrate/create
ot-zapoya-i-alkogolya,Капельница от запоя и алкоголя на дому,metro,Ясенево,yasenevo,core,/uslugi/kapelnitsy/ot-zapoya-i-alkogolya/yasenevo/,P0,migrate/create
ot-zapoya-i-alkogolya,Капельница от запоя и алкоголя на дому,metro,Юго-Западная,yugo-zapadnaya,core,/uslugi/kapelnitsy/ot-zapoya-i-alkogolya/yugo-zapadnaya/,P0,migrate/create
ot-zapoya-i-alkogolya,Капельница от запоя и алкоголя на дому,metro,Южная,yuzhnaya,core,/uslugi/kapelnitsy/ot-zapoya-i-alkogolya/yuzhnaya/,P0,migrate/create
ot-zapoya-i-alkogolya,Капельница от запоя и алкоголя на дому,metro,Жулебино,zhulebino,core,/uslugi/kapelnitsy/ot-zapoya-i-alkogolya/zhulebino/,P0,migrate/create
ot-zapoya-i-alkogolya,Капельница от запоя и алкоголя на дому,metro,ЗИЛ,zil,core,/uslugi/kapelnitsy/ot-zapoya-i-alkogolya/zil/,P0,migrate/create
ot-zapoya-i-alkogolya,Капельница от запоя и алкоголя на дому,metro,Зорге,zorge,core,/uslugi/kapelnitsy/ot-zapoya-i-alkogolya/zorge/,P0,migrate/create
ot-zapoya-i-alkogolya,Капельница от запоя и алкоголя на дому,metro,Зябликово,zyablikovo,core,/uslugi/kapelnitsy/ot-zapoya-i-alkogolya/zyablikovo/,P0,migrate/create
ot-zapoya-i-alkogolya,Капельница от запоя и алкоголя на дому,okrug,ЦАО,cao,core,/uslugi/kapelnitsy/ot-zapoya-i-alkogolya/cao/,P0,migrate/create
ot-zapoya-i-alkogolya,Капельница от запоя и алкоголя на дому,okrug,САО,sao,core,/uslugi/kapelnitsy/ot-zapoya-i-alkogolya/sao/,P0,migrate/create
ot-zapoya-i-alkogolya,Капельница от запоя и алкоголя на дому,okrug,СВАО,svao,core,/uslugi/kapelnitsy/ot-zapoya-i-alkogolya/svao/,P0,migrate/create
ot-zapoya-i-alkogolya,Капельница от запоя и алкоголя на дому,okrug,ВАО,vao,core,/uslugi/kapelnitsy/ot-zapoya-i-alkogolya/vao/,P0,migrate/create
ot-zapoya-i-alkogolya,Капельница от запоя и алкоголя на дому,okrug,ЮВАО,yuvao,core,/uslugi/kapelnitsy/ot-zapoya-i-alkogolya/yuvao/,P0,migrate/create
ot-zapoya-i-alkogolya,Капельница от запоя и алкоголя на дому,okrug,ЮАО,yuao,core,/uslugi/kapelnitsy/ot-zapoya-i-alkogolya/yuao/,P0,migrate/create
ot-zapoya-i-alkogolya,Капельница от запоя и алкоголя на дому,okrug,ЮЗАО,yuzao,core,/uslugi/kapelnitsy/ot-zapoya-i-alkogolya/yuzao/,P0,migrate/create
ot-zapoya-i-alkogolya,Капельница от запоя и алкоголя на дому,okrug,ЗАО,zao,core,/uslugi/kapelnitsy/ot-zapoya-i-alkogolya/zao/,P0,migrate/create
ot-zapoya-i-alkogolya,Капельница от запоя и алкоголя на дому,okrug,СЗАО,szao,core,/uslugi/kapelnitsy/ot-zapoya-i-alkogolya/szao/,P0,migrate/create
ot-zapoya-i-alkogolya,Капельница от запоя и алкоголя на дому,okrug,ЗелАО,zelao,core,/uslugi/kapelnitsy/ot-zapoya-i-alkogolya/zelao/,P0,migrate/create
ot-zapoya-i-alkogolya,Капельница от запоя и алкоголя на дому,okrug,НАО,nao,core,/uslugi/kapelnitsy/ot-zapoya-i-alkogolya/nao/,P0,migrate/create
ot-zapoya-i-alkogolya,Капельница от запоя и алкоголя на дому,okrug,ТАО,tao,core,/uslugi/kapelnitsy/ot-zapoya-i-alkogolya/tao/,P0,migrate/create
ot-zapoya-i-alkogolya,Капельница от запоя и алкоголя на дому,mo,Балашиха,balashiha,tier-1,/uslugi/kapelnitsy/ot-zapoya-i-alkogolya/moskovskaya-oblast/balashiha/,P0,migrate/create
ot-zapoya-i-alkogolya,Капельница от запоя и алкоголя на дому,mo,Подольск,podolsk,tier-1,/uslugi/kapelnitsy/ot-zapoya-i-alkogolya/moskovskaya-oblast/podolsk/,P0,migrate/create
ot-zapoya-i-alkogolya,Капельница от запоя и алкоголя на дому,mo,Химки,himki,tier-1,/uslugi/kapelnitsy/ot-zapoya-i-alkogolya/moskovskaya-oblast/himki/,P0,migrate/create
ot-zapoya-i-alkogolya,Капельница от запоя и алкоголя на дому,mo,Мытищи,mytishchi,tier-1,/uslugi/kapelnitsy/ot-zapoya-i-alkogolya/moskovskaya-oblast/mytishchi/,P0,migrate/create
ot-zapoya-i-alkogolya,Капельница от запоя и алкоголя на дому,mo,Королёв,korolev,tier-1,/uslugi/kapelnitsy/ot-zapoya-i-alkogolya/moskovskaya-oblast/korolev/,P0,migrate/create
ot-zapoya-i-alkogolya,Капельница от запоя и алкоголя на дому,mo,Люберцы,lyubertsy,tier-1,/uslugi/kapelnitsy/ot-zapoya-i-alkogolya/moskovskaya-oblast/lyubertsy/,P0,migrate/create
ot-zapoya-i-alkogolya,Капельница от запоя и алкоголя на дому,mo,Красногорск,krasnogorsk,tier-1,/uslugi/kapelnitsy/ot-zapoya-i-alkogolya/moskovskaya-oblast/krasnogorsk/,P0,migrate/create
ot-zapoya-i-alkogolya,Капельница от запоя и алкоголя на дому,mo,Электросталь,elektrostal,tier-1,/uslugi/kapelnitsy/ot-zapoya-i-alkogolya/moskovskaya-oblast/elektrostal/,P0,migrate/create
ot-zapoya-i-alkogolya,Капельница от запоя и алкоголя на дому,mo,Коломна,kolomna,tier-1,/uslugi/kapelnitsy/ot-zapoya-i-alkogolya/moskovskaya-oblast/kolomna/,P0,migrate/create
ot-zapoya-i-alkogolya,Капельница от запоя и алкоголя на дому,mo,Одинцово,odincovo,tier-1,/uslugi/kapelnitsy/ot-zapoya-i-alkogolya/moskovskaya-oblast/odincovo/,P0,migrate/create
ot-zapoya-i-alkogolya,Капельница от запоя и алкоголя на дому,mo,Домодедово,domodedovo,tier-1,/uslugi/kapelnitsy/ot-zapoya-i-alkogolya/moskovskaya-oblast/domodedovo/,P0,migrate/create
ot-zapoya-i-alkogolya,Капельница от запоя и алкоголя на дому,mo,Щёлково,shchelkovo,tier-1,/uslugi/kapelnitsy/ot-zapoya-i-alkogolya/moskovskaya-oblast/shchelkovo/,P0,migrate/create
ot-zapoya-i-alkogolya,Капельница от запоя и алкоголя на дому,mo,Серпухов,serpuhov,tier-1,/uslugi/kapelnitsy/ot-zapoya-i-alkogolya/moskovskaya-oblast/serpuhov/,P0,migrate/create
ot-zapoya-i-alkogolya,Капельница от запоя и алкоголя на дому,mo,Раменское,ramenskoe,tier-1,/uslugi/kapelnitsy/ot-zapoya-i-alkogolya/moskovskaya-oblast/ramenskoe/,P0,migrate/create
ot-zapoya-i-alkogolya,Капельница от запоя и алкоголя на дому,mo,Долгопрудный,dolgoprudnyj,tier-1,/uslugi/kapelnitsy/ot-zapoya-i-alkogolya/moskovskaya-oblast/dolgoprudnyj/,P0,migrate/create
ot-zapoya-i-alkogolya,Капельница от запоя и алкоголя на дому,mo,Пушкино,pushkino,tier-1,/uslugi/kapelnitsy/ot-zapoya-i-alkogolya/moskovskaya-oblast/pushkino/,P0,migrate/create
ot-zapoya-i-alkogolya,Капельница от запоя и алкоголя на дому,mo,Реутов,reutov,tier-1,/uslugi/kapelnitsy/ot-zapoya-i-alkogolya/moskovskaya-oblast/reutov/,P0,migrate/create
ot-zapoya-i-alkogolya,Капельница от запоя и алкоголя на дому,mo,Жуковский,zhukovskij,tier-1,/uslugi/kapelnitsy/ot-zapoya-i-alkogolya/moskovskaya-oblast/zhukovskij/,P0,migrate/create
ot-zapoya-i-alkogolya,Капельница от запоя и алкоголя на дому,mo,Ногинск,noginsk,tier-1,/uslugi/kapelnitsy/ot-zapoya-i-alkogolya/moskovskaya-oblast/noginsk/,P0,migrate/create
ot-zapoya-i-alkogolya,Капельница от запоя и алкоголя на дому,mo,Сергиев Посад,sergiev-posad,tier-1,/uslugi/kapelnitsy/ot-zapoya-i-alkogolya/moskovskaya-oblast/sergiev-posad/,P0,migrate/create
ot-zapoya-i-alkogolya,Капельница от запоя и алкоголя на дому,mo,Воскресенск,voskresensk,tier-1,/uslugi/kapelnitsy/ot-zapoya-i-alkogolya/moskovskaya-oblast/voskresensk/,P0,migrate/create
ot-zapoya-i-alkogolya,Капельница от запоя и алкоголя на дому,mo,Орехово-Зуево,orehovo-zuevo,tier-1,/uslugi/kapelnitsy/ot-zapoya-i-alkogolya/moskovskaya-oblast/orehovo-zuevo/,P0,migrate/create
ot-zapoya-i-alkogolya,Капельница от запоя и алкоголя на дому,mo,Павловский Посад,pavlovskij-posad,tier-1,/uslugi/kapelnitsy/ot-zapoya-i-alkogolya/moskovskaya-oblast/pavlovskij-posad/,P0,migrate/create
ot-zapoya-i-alkogolya,Капельница от запоя и алкоголя на дому,mo,Лобня,lobnya,tier-1,/uslugi/kapelnitsy/ot-zapoya-i-alkogolya/moskovskaya-oblast/lobnya/,P0,migrate/create
ot-zapoya-i-alkogolya,Капельница от запоя и алкоголя на дому,mo,Ивантеевка,ivanteevka,tier-1,/uslugi/kapelnitsy/ot-zapoya-i-alkogolya/moskovskaya-oblast/ivanteevka/,P0,migrate/create
ot-zapoya-i-alkogolya,Капельница от запоя и алкоголя на дому,mo,Клин,klin,tier-1,/uslugi/kapelnitsy/ot-zapoya-i-alkogolya/moskovskaya-oblast/klin/,P0,migrate/create
ot-zapoya-i-alkogolya,Капельница от запоя и алкоголя на дому,mo,Егорьевск,egorevsk,tier-1,/uslugi/kapelnitsy/ot-zapoya-i-alkogolya/moskovskaya-oblast/egorevsk/,P0,migrate/create
ot-zapoya-i-alkogolya,Капельница от запоя и алкоголя на дому,mo,Дмитров,dmitrov,tier-1,/uslugi/kapelnitsy/ot-zapoya-i-alkogolya/moskovskaya-oblast/dmitrov/,P0,migrate/create
ot-zapoya-i-alkogolya,Капельница от запоя и алкоголя на дому,mo,Чехов,chehov,tier-1,/uslugi/kapelnitsy/ot-zapoya-i-alkogolya/moskovskaya-oblast/chehov/,P0,migrate/create
ot-zapoya-i-alkogolya,Капельница от запоя и алкоголя на дому,mo,Наро-Фоминск,naro-fominsk,tier-1,/uslugi/kapelnitsy/ot-zapoya-i-alkogolya/moskovskaya-oblast/naro-fominsk/,P0,migrate/create
ot-zapoya-i-alkogolya,Капельница от запоя и алкоголя на дому,mo,Ступино,stupino,tier-2,/uslugi/kapelnitsy/ot-zapoya-i-alkogolya/moskovskaya-oblast/stupino/,P1,migrate/create
ot-zapoya-i-alkogolya,Капельница от запоя и алкоголя на дому,mo,Видное,vidnoe,tier-2,/uslugi/kapelnitsy/ot-zapoya-i-alkogolya/moskovskaya-oblast/vidnoe/,P1,migrate/create
ot-zapoya-i-alkogolya,Капельница от запоя и алкоголя на дому,mo,Фрязино,fryazino,tier-2,/uslugi/kapelnitsy/ot-zapoya-i-alkogolya/moskovskaya-oblast/fryazino/,P1,migrate/create
ot-zapoya-i-alkogolya,Капельница от запоя и алкоголя на дому,mo,Лыткарино,lytkarino,tier-2,/uslugi/kapelnitsy/ot-zapoya-i-alkogolya/moskovskaya-oblast/lytkarino/,P1,migrate/create
ot-zapoya-i-alkogolya,Капельница от запоя и алкоголя на дому,mo,Дзержинский,dzerzhinskij,tier-2,/uslugi/kapelnitsy/ot-zapoya-i-alkogolya/moskovskaya-oblast/dzerzhinskij/,P1,migrate/create
ot-zapoya-i-alkogolya,Капельница от запоя и алкоголя на дому,mo,Котельники,kotelniki,tier-2,/uslugi/kapelnitsy/ot-zapoya-i-alkogolya/moskovskaya-oblast/kotelniki/,P1,migrate/create
ot-zapoya-i-alkogolya,Капельница от запоя и алкоголя на дому,mo,Истра,istra,tier-2,/uslugi/kapelnitsy/ot-zapoya-i-alkogolya/moskovskaya-oblast/istra/,P1,migrate/create
ot-zapoya-i-alkogolya,Капельница от запоя и алкоголя на дому,mo,Дедовск,dedovsk,tier-2,/uslugi/kapelnitsy/ot-zapoya-i-alkogolya/moskovskaya-oblast/dedovsk/,P1,migrate/create
ot-zapoya-i-alkogolya,Капельница от запоя и алкоголя на дому,mo,Солнечногорск,solnechnogorsk,tier-2,/uslugi/kapelnitsy/ot-zapoya-i-alkogolya/moskovskaya-oblast/solnechnogorsk/,P1,migrate/create
ot-zapoya-i-alkogolya,Капельница от запоя и алкоголя на дому,mo,Апрелевка,aprelevka,tier-2,/uslugi/kapelnitsy/ot-zapoya-i-alkogolya/moskovskaya-oblast/aprelevka/,P1,migrate/create
ot-zapoya-i-alkogolya,Капельница от запоя и алкоголя на дому,mo,Кубинка,kubinka,tier-2,/uslugi/kapelnitsy/ot-zapoya-i-alkogolya/moskovskaya-oblast/kubinka/,P1,migrate/create
ot-zapoya-i-alkogolya,Капельница от запоя и алкоголя на дому,mo,Руза,ruza,tier-2,/uslugi/kapelnitsy/ot-zapoya-i-alkogolya/moskovskaya-oblast/ruza/,P1,migrate/create
ot-zapoya-i-alkogolya,Капельница от запоя и алкоголя на дому,mo,Звенигород,zvenigorod,tier-2,/uslugi/kapelnitsy/ot-zapoya-i-alkogolya/moskovskaya-oblast/zvenigorod/,P1,migrate/create
ot-zapoya-i-alkogolya,Капельница от запоя и алкоголя на дому,mo,Можайск,mozhajsk,tier-2,/uslugi/kapelnitsy/ot-zapoya-i-alkogolya/moskovskaya-oblast/mozhajsk/,P1,migrate/create
ot-zapoya-i-alkogolya,Капельница от запоя и алкоголя на дому,mo,Луховицы,luhovicy,tier-2,/uslugi/kapelnitsy/ot-zapoya-i-alkogolya/moskovskaya-oblast/luhovicy/,P1,migrate/create
ot-zapoya-i-alkogolya,Капельница от запоя и алкоголя на дому,mo,Кашира,kashira,tier-2,/uslugi/kapelnitsy/ot-zapoya-i-alkogolya/moskovskaya-oblast/kashira/,P1,migrate/create
ot-zapoya-i-alkogolya,Капельница от запоя и алкоголя на дому,mo,Протвино,protvino,tier-2,/uslugi/kapelnitsy/ot-zapoya-i-alkogolya/moskovskaya-oblast/protvino/,P1,migrate/create
ot-zapoya-i-alkogolya,Капельница от запоя и алкоголя на дому,mo,Дубна,dubna,tier-2,/uslugi/kapelnitsy/ot-zapoya-i-alkogolya/moskovskaya-oblast/dubna/,P1,migrate/create
ot-zapoya-i-alkogolya,Капельница от запоя и алкоголя на дому,mo,Черноголовка,chernogolovka,tier-2,/uslugi/kapelnitsy/ot-zapoya-i-alkogolya/moskovskaya-oblast/chernogolovka/,P1,migrate/create
ot-zapoya-i-alkogolya,Капельница от запоя и алкоголя на дому,mo,Волоколамск,volokolamsk,tier-2,/uslugi/kapelnitsy/ot-zapoya-i-alkogolya/moskovskaya-oblast/volokolamsk/,P1,migrate/create
kodirovanie,Кодирование от алкоголизма,metro,Аэропорт,aeroport,core,/uslugi/kodirovanie/aeroport/,P0,migrate/create
kodirovanie,Кодирование от алкоголизма,metro,Александровский сад,aleksandrovskij-sad,core,/uslugi/kodirovanie/aleksandrovskij-sad/,P0,migrate/create
kodirovanie,Кодирование от алкоголизма,metro,Алексеевская,alekseevskaya,core,/uslugi/kodirovanie/alekseevskaya/,P0,migrate/create
kodirovanie,Кодирование от алкоголизма,metro,Алма-Атинская,alma-atinskaya,core,/uslugi/kodirovanie/alma-atinskaya/,P0,migrate/create
kodirovanie,Кодирование от алкоголизма,metro,Алтуфьево,altufevo,core,/uslugi/kodirovanie/altufevo/,P0,migrate/create
kodirovanie,Кодирование от алкоголизма,metro,Андроновка,andronovka,core,/uslugi/kodirovanie/andronovka/,P0,migrate/create
kodirovanie,Кодирование от алкоголизма,metro,Аннино,annino,core,/uslugi/kodirovanie/annino/,P0,migrate/create
kodirovanie,Кодирование от алкоголизма,metro,Арбатская,arbatskaya,core,/uslugi/kodirovanie/arbatskaya/,P0,migrate/create
kodirovanie,Кодирование от алкоголизма,metro,Авиамоторная,aviamotornaya,core,/uslugi/kodirovanie/aviamotornaya/,P0,migrate/create
kodirovanie,Кодирование от алкоголизма,metro,Автозаводская,avtozavodskaya,core,/uslugi/kodirovanie/avtozavodskaya/,P0,migrate/create
kodirovanie,Кодирование от алкоголизма,metro,Бабушкинская,babushkinskaya,core,/uslugi/kodirovanie/babushkinskaya/,P0,migrate/create
kodirovanie,Кодирование от алкоголизма,metro,Багратионовская,bagrationovskaya,core,/uslugi/kodirovanie/bagrationovskaya/,P0,migrate/create
kodirovanie,Кодирование от алкоголизма,metro,Балтийская,baltijskaya,core,/uslugi/kodirovanie/baltijskaya/,P0,migrate/create
kodirovanie,Кодирование от алкоголизма,metro,Баррикадная,barrikadnaya,core,/uslugi/kodirovanie/barrikadnaya/,P0,migrate/create
kodirovanie,Кодирование от алкоголизма,metro,Бауманская,baumanskaya,core,/uslugi/kodirovanie/baumanskaya/,P0,migrate/create
kodirovanie,Кодирование от алкоголизма,metro,Беговая,begovaya,core,/uslugi/kodirovanie/begovaya/,P0,migrate/create
kodirovanie,Кодирование от алкоголизма,metro,Белокаменная,belokamennaya,core,/uslugi/kodirovanie/belokamennaya/,P0,migrate/create
kodirovanie,Кодирование от алкоголизма,metro,Белорусская,belorusskaya,core,/uslugi/kodirovanie/belorusskaya/,P0,migrate/create
kodirovanie,Кодирование от алкоголизма,metro,Беляево,belyaevo,core,/uslugi/kodirovanie/belyaevo/,P0,migrate/create
kodirovanie,Кодирование от алкоголизма,metro,Бибирево,bibirevo,core,/uslugi/kodirovanie/bibirevo/,P0,migrate/create
kodirovanie,Кодирование от алкоголизма,metro,Библиотека имени Ленина,biblioteka-imeni-lenina,core,/uslugi/kodirovanie/biblioteka-imeni-lenina/,P0,migrate/create
kodirovanie,Кодирование от алкоголизма,metro,Битцевский парк,bitcevskij-park,core,/uslugi/kodirovanie/bitcevskij-park/,P0,migrate/create
kodirovanie,Кодирование от алкоголизма,metro,Борисово,borisovo,core,/uslugi/kodirovanie/borisovo/,P0,migrate/create
kodirovanie,Кодирование от алкоголизма,metro,Боровицкая,borovickaya,core,/uslugi/kodirovanie/borovickaya/,P0,migrate/create
kodirovanie,Кодирование от алкоголизма,metro,Ботанический сад,botanicheskij-sad,core,/uslugi/kodirovanie/botanicheskij-sad/,P0,migrate/create
kodirovanie,Кодирование от алкоголизма,metro,Братиславская,bratislavskaya,core,/uslugi/kodirovanie/bratislavskaya/,P0,migrate/create
kodirovanie,Кодирование от алкоголизма,metro,Бульвар Адмирала Ушакова,bulvar-admirala-ushakova,core,/uslugi/kodirovanie/bulvar-admirala-ushakova/,P0,migrate/create
kodirovanie,Кодирование от алкоголизма,metro,Бульвар Рокоссовского,bulvar-rokossovskogo,core,/uslugi/kodirovanie/bulvar-rokossovskogo/,P0,migrate/create
kodirovanie,Кодирование от алкоголизма,metro,Бунинская аллея,buninskaya-alleya,core,/uslugi/kodirovanie/buninskaya-alleya/,P0,migrate/create
kodirovanie,Кодирование от алкоголизма,metro,Бутырская,butyrskaya,core,/uslugi/kodirovanie/butyrskaya/,P0,migrate/create
kodirovanie,Кодирование от алкоголизма,metro,Чеховская,chehovskaya,core,/uslugi/kodirovanie/chehovskaya/,P0,migrate/create
kodirovanie,Кодирование от алкоголизма,metro,Черкизовская,cherkizovskaya,core,/uslugi/kodirovanie/cherkizovskaya/,P0,migrate/create
kodirovanie,Кодирование от алкоголизма,metro,Чертановская,chertanovskaya,core,/uslugi/kodirovanie/chertanovskaya/,P0,migrate/create
kodirovanie,Кодирование от алкоголизма,metro,Чистые пруды,chistye-prudy,core,/uslugi/kodirovanie/chistye-prudy/,P0,migrate/create
kodirovanie,Кодирование от алкоголизма,metro,Чкаловская,chkalovskaya,core,/uslugi/kodirovanie/chkalovskaya/,P0,migrate/create
kodirovanie,Кодирование от алкоголизма,metro,Царицыно,caricyno,core,/uslugi/kodirovanie/caricyno/,P0,migrate/create
kodirovanie,Кодирование от алкоголизма,metro,ЦСКА,cska,core,/uslugi/kodirovanie/cska/,P0,migrate/create
kodirovanie,Кодирование от алкоголизма,metro,Цветной бульвар,cvetnoj-bulvar,core,/uslugi/kodirovanie/cvetnoj-bulvar/,P0,migrate/create
kodirovanie,Кодирование от алкоголизма,metro,Деловой центр,delovoj-centr,core,/uslugi/kodirovanie/delovoj-centr/,P0,migrate/create
kodirovanie,Кодирование от алкоголизма,metro,Динамо,dinamo,core,/uslugi/kodirovanie/dinamo/,P0,migrate/create
kodirovanie,Кодирование от алкоголизма,metro,Дмитровская,dmitrovskaya,core,/uslugi/kodirovanie/dmitrovskaya/,P0,migrate/create
kodirovanie,Кодирование от алкоголизма,metro,Добрынинская,dobryninskaya,core,/uslugi/kodirovanie/dobryninskaya/,P0,migrate/create
kodirovanie,Кодирование от алкоголизма,metro,Домодедовская,domodedovskaya,core,/uslugi/kodirovanie/domodedovskaya/,P0,migrate/create
kodirovanie,Кодирование от алкоголизма,metro,Достоевская,dostoevskaya,core,/uslugi/kodirovanie/dostoevskaya/,P0,migrate/create
kodirovanie,Кодирование от алкоголизма,metro,Электрозаводская,elektrozavodskaya,core,/uslugi/kodirovanie/elektrozavodskaya/,P0,migrate/create
kodirovanie,Кодирование от алкоголизма,metro,Филёвский парк,filevskij-park,core,/uslugi/kodirovanie/filevskij-park/,P0,migrate/create
kodirovanie,Кодирование от алкоголизма,metro,Фили,fili,core,/uslugi/kodirovanie/fili/,P0,migrate/create
kodirovanie,Кодирование от алкоголизма,metro,Фонвизинская,fonvizinskaya,core,/uslugi/kodirovanie/fonvizinskaya/,P0,migrate/create
kodirovanie,Кодирование от алкоголизма,metro,Фрунзенская,frunzenskaya,core,/uslugi/kodirovanie/frunzenskaya/,P0,migrate/create
kodirovanie,Кодирование от алкоголизма,metro,Хорошёвская,horoshevskaya,core,/uslugi/kodirovanie/horoshevskaya/,P0,migrate/create
kodirovanie,Кодирование от алкоголизма,metro,Ховрино,hovrino,core,/uslugi/kodirovanie/hovrino/,P0,migrate/create
kodirovanie,Кодирование от алкоголизма,metro,Измайловская,izmajlovskaya,core,/uslugi/kodirovanie/izmajlovskaya/,P0,migrate/create
kodirovanie,Кодирование от алкоголизма,metro,Каховская,kahovskaya,core,/uslugi/kodirovanie/kahovskaya/,P0,migrate/create
kodirovanie,Кодирование от алкоголизма,metro,Калужская,kaluzhskaya,core,/uslugi/kodirovanie/kaluzhskaya/,P0,migrate/create
kodirovanie,Кодирование от алкоголизма,metro,Кантемировская,kantemirovskaya,core,/uslugi/kodirovanie/kantemirovskaya/,P0,migrate/create
kodirovanie,Кодирование от алкоголизма,metro,Каширская,kashirskaya,core,/uslugi/kodirovanie/kashirskaya/,P0,migrate/create
kodirovanie,Кодирование от алкоголизма,metro,Киевская,kievskaya,core,/uslugi/kodirovanie/kievskaya/,P0,migrate/create
kodirovanie,Кодирование от алкоголизма,metro,Китай-город,kitaj-gorod,core,/uslugi/kodirovanie/kitaj-gorod/,P0,migrate/create
kodirovanie,Кодирование от алкоголизма,metro,Коломенская,kolomenskaya,core,/uslugi/kodirovanie/kolomenskaya/,P0,migrate/create
kodirovanie,Кодирование от алкоголизма,metro,Комсомольская,komsomolskaya,core,/uslugi/kodirovanie/komsomolskaya/,P0,migrate/create
kodirovanie,Кодирование от алкоголизма,metro,Коньково,konkovo,core,/uslugi/kodirovanie/konkovo/,P0,migrate/create
kodirovanie,Кодирование от алкоголизма,metro,Коптево,koptevo,core,/uslugi/kodirovanie/koptevo/,P0,migrate/create
kodirovanie,Кодирование от алкоголизма,metro,Котельники,kotelniki,core,/uslugi/kodirovanie/kotelniki/,P0,migrate/create
kodirovanie,Кодирование от алкоголизма,metro,Кожуховская,kozhuhovskaya,core,/uslugi/kodirovanie/kozhuhovskaya/,P0,migrate/create
kodirovanie,Кодирование от алкоголизма,metro,Красногвардейская,krasnogvardejskaya,core,/uslugi/kodirovanie/krasnogvardejskaya/,P0,migrate/create
kodirovanie,Кодирование от алкоголизма,metro,Краснопресненская,krasnopresnenskaya,core,/uslugi/kodirovanie/krasnopresnenskaya/,P0,migrate/create
kodirovanie,Кодирование от алкоголизма,metro,Красносельская,krasnoselskaya,core,/uslugi/kodirovanie/krasnoselskaya/,P0,migrate/create
kodirovanie,Кодирование от алкоголизма,metro,Красные ворота,krasnye-vorota,core,/uslugi/kodirovanie/krasnye-vorota/,P0,migrate/create
kodirovanie,Кодирование от алкоголизма,metro,Крестьянская застава,krestyanskaya-zastava,core,/uslugi/kodirovanie/krestyanskaya-zastava/,P0,migrate/create
kodirovanie,Кодирование от алкоголизма,metro,Кропоткинская,kropotkinskaya,core,/uslugi/kodirovanie/kropotkinskaya/,P0,migrate/create
kodirovanie,Кодирование от алкоголизма,metro,Крылатское,krylatskoe,core,/uslugi/kodirovanie/krylatskoe/,P0,migrate/create
kodirovanie,Кодирование от алкоголизма,metro,Крымская,krymskaya,core,/uslugi/kodirovanie/krymskaya/,P0,migrate/create
kodirovanie,Кодирование от алкоголизма,metro,Кунцевская,kuncevskaya,core,/uslugi/kodirovanie/kuncevskaya/,P0,migrate/create
kodirovanie,Кодирование от алкоголизма,metro,Курская,kurskaya,core,/uslugi/kodirovanie/kurskaya/,P0,migrate/create
kodirovanie,Кодирование от алкоголизма,metro,Кутузовская,kutuzovskaya,core,/uslugi/kodirovanie/kutuzovskaya/,P0,migrate/create
kodirovanie,Кодирование от алкоголизма,metro,Кузьминки,kuzminki,core,/uslugi/kodirovanie/kuzminki/,P0,migrate/create
kodirovanie,Кодирование от алкоголизма,metro,Кузнецкий мост,kuzneckij-most,core,/uslugi/kodirovanie/kuzneckij-most/,P0,migrate/create
kodirovanie,Кодирование от алкоголизма,metro,Ленинский проспект,leninskij-prospekt,core,/uslugi/kodirovanie/leninskij-prospekt/,P0,migrate/create
kodirovanie,Кодирование от алкоголизма,metro,Лермонтовский проспект,lermontovskij-prospekt,core,/uslugi/kodirovanie/lermontovskij-prospekt/,P0,migrate/create
kodirovanie,Кодирование от алкоголизма,metro,Лесопарковая,lesoparkovaya,core,/uslugi/kodirovanie/lesoparkovaya/,P0,migrate/create
kodirovanie,Кодирование от алкоголизма,metro,Лихоборы,lihobory,core,/uslugi/kodirovanie/lihobory/,P0,migrate/create
kodirovanie,Кодирование от алкоголизма,metro,Локомотив,lokomotiv,core,/uslugi/kodirovanie/lokomotiv/,P0,migrate/create
kodirovanie,Кодирование от алкоголизма,metro,Ломоносовский проспект,lomonosovskij-prospekt,core,/uslugi/kodirovanie/lomonosovskij-prospekt/,P0,migrate/create
kodirovanie,Кодирование от алкоголизма,metro,Лубянка,lubyanka,core,/uslugi/kodirovanie/lubyanka/,P0,migrate/create
kodirovanie,Кодирование от алкоголизма,metro,Лужники,luzhniki,core,/uslugi/kodirovanie/luzhniki/,P0,migrate/create
kodirovanie,Кодирование от алкоголизма,metro,Люблино,lyublino,core,/uslugi/kodirovanie/lyublino/,P0,migrate/create
kodirovanie,Кодирование от алкоголизма,metro,Марьино,marino,core,/uslugi/kodirovanie/marino/,P0,migrate/create
kodirovanie,Кодирование от алкоголизма,metro,Марьина Роща,marina-roshcha,core,/uslugi/kodirovanie/marina-roshcha/,P0,migrate/create
kodirovanie,Кодирование от алкоголизма,metro,Марксистская,marksistskaya,core,/uslugi/kodirovanie/marksistskaya/,P0,migrate/create
kodirovanie,Кодирование от алкоголизма,metro,Маяковская,mayakovskaya,core,/uslugi/kodirovanie/mayakovskaya/,P0,migrate/create
kodirovanie,Кодирование от алкоголизма,metro,Медведково,medvedkovo,core,/uslugi/kodirovanie/medvedkovo/,P0,migrate/create
kodirovanie,Кодирование от алкоголизма,metro,Менделеевская,mendeleevskaya,core,/uslugi/kodirovanie/mendeleevskaya/,P0,migrate/create
kodirovanie,Кодирование от алкоголизма,metro,Международная,mezhdunarodnaya,core,/uslugi/kodirovanie/mezhdunarodnaya/,P0,migrate/create
kodirovanie,Кодирование от алкоголизма,metro,Минская,minskaya,core,/uslugi/kodirovanie/minskaya/,P0,migrate/create
kodirovanie,Кодирование от алкоголизма,metro,Молодёжная,molodezhnaya,core,/uslugi/kodirovanie/molodezhnaya/,P0,migrate/create
kodirovanie,Кодирование от алкоголизма,metro,Мякинино,myakinino,core,/uslugi/kodirovanie/myakinino/,P0,migrate/create
kodirovanie,Кодирование от алкоголизма,metro,Нагатинская,nagatinskaya,core,/uslugi/kodirovanie/nagatinskaya/,P0,migrate/create
kodirovanie,Кодирование от алкоголизма,metro,Нагорная,nagornaya,core,/uslugi/kodirovanie/nagornaya/,P0,migrate/create
kodirovanie,Кодирование от алкоголизма,metro,Нахимовский проспект,nahimovskij-prospekt,core,/uslugi/kodirovanie/nahimovskij-prospekt/,P0,migrate/create
kodirovanie,Кодирование от алкоголизма,metro,Нижегородская,nizhegorodskaya,core,/uslugi/kodirovanie/nizhegorodskaya/,P0,migrate/create
kodirovanie,Кодирование от алкоголизма,metro,Новогиреево,novogireevo,core,/uslugi/kodirovanie/novogireevo/,P0,migrate/create
kodirovanie,Кодирование от алкоголизма,metro,Новохохловская,novohohlovskaya,core,/uslugi/kodirovanie/novohohlovskaya/,P0,migrate/create
kodirovanie,Кодирование от алкоголизма,metro,Новокосино,novokosino,core,/uslugi/kodirovanie/novokosino/,P0,migrate/create
kodirovanie,Кодирование от алкоголизма,metro,Новокузнецкая,novokuzneckaya,core,/uslugi/kodirovanie/novokuzneckaya/,P0,migrate/create
kodirovanie,Кодирование от алкоголизма,metro,Новослободская,novoslobodskaya,core,/uslugi/kodirovanie/novoslobodskaya/,P0,migrate/create
kodirovanie,Кодирование от алкоголизма,metro,Новоясеневская,novoyasenevskaya,core,/uslugi/kodirovanie/novoyasenevskaya/,P0,migrate/create
kodirovanie,Кодирование от алкоголизма,metro,Новые Черёмушки,novye-cheremushki,core,/uslugi/kodirovanie/novye-cheremushki/,P0,migrate/create
kodirovanie,Кодирование от алкоголизма,metro,Охотный Ряд,ohotnyj-ryad,core,/uslugi/kodirovanie/ohotnyj-ryad/,P0,migrate/create
kodirovanie,Кодирование от алкоголизма,metro,Окружная,okruzhnaya,core,/uslugi/kodirovanie/okruzhnaya/,P0,migrate/create
kodirovanie,Кодирование от алкоголизма,metro,Октябрьское Поле,oktyabrskoe-pole,core,/uslugi/kodirovanie/oktyabrskoe-pole/,P0,migrate/create
kodirovanie,Кодирование от алкоголизма,metro,Октябрьская,oktyabrskaya,core,/uslugi/kodirovanie/oktyabrskaya/,P0,migrate/create
kodirovanie,Кодирование от алкоголизма,metro,Орехово,orehovo,core,/uslugi/kodirovanie/orehovo/,P0,migrate/create
kodirovanie,Кодирование от алкоголизма,metro,Отрадное,otradnoe,core,/uslugi/kodirovanie/otradnoe/,P0,migrate/create
kodirovanie,Кодирование от алкоголизма,metro,Панфиловская,panfilovskaya,core,/uslugi/kodirovanie/panfilovskaya/,P0,migrate/create
kodirovanie,Кодирование от алкоголизма,metro,Парк культуры,park-kultury,core,/uslugi/kodirovanie/park-kultury/,P0,migrate/create
kodirovanie,Кодирование от алкоголизма,metro,Парк Победы,park-pobedy,core,/uslugi/kodirovanie/park-pobedy/,P0,migrate/create
kodirovanie,Кодирование от алкоголизма,metro,Партизанская,partizanskaya,core,/uslugi/kodirovanie/partizanskaya/,P0,migrate/create
kodirovanie,Кодирование от алкоголизма,metro,Павелецкая,paveleckaya,core,/uslugi/kodirovanie/paveleckaya/,P0,migrate/create
kodirovanie,Кодирование от алкоголизма,metro,Печатники,pechatniki,core,/uslugi/kodirovanie/pechatniki/,P0,migrate/create
kodirovanie,Кодирование от алкоголизма,metro,Перово,perovo,core,/uslugi/kodirovanie/perovo/,P0,migrate/create
kodirovanie,Кодирование от алкоголизма,metro,Первомайская,pervomajskaya,core,/uslugi/kodirovanie/pervomajskaya/,P0,migrate/create
kodirovanie,Кодирование от алкоголизма,metro,Петровский парк,petrovskij-park,core,/uslugi/kodirovanie/petrovskij-park/,P0,migrate/create
kodirovanie,Кодирование от алкоголизма,metro,Петровско-Разумовская,petrovsko-razumovskaya,core,/uslugi/kodirovanie/petrovsko-razumovskaya/,P0,migrate/create
kodirovanie,Кодирование от алкоголизма,metro,Пионерская,pionerskaya,core,/uslugi/kodirovanie/pionerskaya/,P0,migrate/create
kodirovanie,Кодирование от алкоголизма,metro,Планерная,planernaya,core,/uslugi/kodirovanie/planernaya/,P0,migrate/create
kodirovanie,Кодирование от алкоголизма,metro,Площадь Гагарина,ploshchad-gagarina,core,/uslugi/kodirovanie/ploshchad-gagarina/,P0,migrate/create
kodirovanie,Кодирование от алкоголизма,metro,Площадь Ильича,ploshchad-ilicha,core,/uslugi/kodirovanie/ploshchad-ilicha/,P0,migrate/create
kodirovanie,Кодирование от алкоголизма,metro,Площадь Революции,ploshchad-revolyucii,core,/uslugi/kodirovanie/ploshchad-revolyucii/,P0,migrate/create
kodirovanie,Кодирование от алкоголизма,metro,Полежаевская,polezhaevskaya,core,/uslugi/kodirovanie/polezhaevskaya/,P0,migrate/create
kodirovanie,Кодирование от алкоголизма,metro,Полянка,polyanka,core,/uslugi/kodirovanie/polyanka/,P0,migrate/create
kodirovanie,Кодирование от алкоголизма,metro,Пражская,prazhskaya,core,/uslugi/kodirovanie/prazhskaya/,P0,migrate/create
kodirovanie,Кодирование от алкоголизма,metro,Преображенская площадь,preobrazhenskaya-ploshchad,core,/uslugi/kodirovanie/preobrazhenskaya-ploshchad/,P0,migrate/create
kodirovanie,Кодирование от алкоголизма,metro,Профсоюзная,profsoyuznaya,core,/uslugi/kodirovanie/profsoyuznaya/,P0,migrate/create
kodirovanie,Кодирование от алкоголизма,metro,Пролетарская,proletarskaya,core,/uslugi/kodirovanie/proletarskaya/,P0,migrate/create
kodirovanie,Кодирование от алкоголизма,metro,Проспект Мира,prospekt-mira,core,/uslugi/kodirovanie/prospekt-mira/,P0,migrate/create
kodirovanie,Кодирование от алкоголизма,metro,Проспект Вернадского,prospekt-vernadskogo,core,/uslugi/kodirovanie/prospekt-vernadskogo/,P0,migrate/create
kodirovanie,Кодирование от алкоголизма,metro,Пушкинская,pushkinskaya,core,/uslugi/kodirovanie/pushkinskaya/,P0,migrate/create
kodirovanie,Кодирование от алкоголизма,metro,Пятницкое шоссе,pyatnickoe-shosse,core,/uslugi/kodirovanie/pyatnickoe-shosse/,P0,migrate/create
kodirovanie,Кодирование от алкоголизма,metro,Раменки,ramenki,core,/uslugi/kodirovanie/ramenki/,P0,migrate/create
kodirovanie,Кодирование от алкоголизма,metro,Речной вокзал,rechnoj-vokzal,core,/uslugi/kodirovanie/rechnoj-vokzal/,P0,migrate/create
kodirovanie,Кодирование от алкоголизма,metro,Римская,rimskaya,core,/uslugi/kodirovanie/rimskaya/,P0,migrate/create
kodirovanie,Кодирование от алкоголизма,metro,Рижская,rizhskaya,core,/uslugi/kodirovanie/rizhskaya/,P0,migrate/create
kodirovanie,Кодирование от алкоголизма,metro,Ростокино,rostokino,core,/uslugi/kodirovanie/rostokino/,P0,migrate/create
kodirovanie,Кодирование от алкоголизма,metro,Румянцево,rumyancevo,core,/uslugi/kodirovanie/rumyancevo/,P0,migrate/create
kodirovanie,Кодирование от алкоголизма,metro,Рязанский проспект,ryazanskij-prospekt,core,/uslugi/kodirovanie/ryazanskij-prospekt/,P0,migrate/create
kodirovanie,Кодирование от алкоголизма,metro,Саларьево,salarevo,core,/uslugi/kodirovanie/salarevo/,P0,migrate/create
kodirovanie,Кодирование от алкоголизма,metro,Савёловская,savelovskaya,core,/uslugi/kodirovanie/savelovskaya/,P0,migrate/create
kodirovanie,Кодирование от алкоголизма,metro,Селигерская,seligerskaya,core,/uslugi/kodirovanie/seligerskaya/,P0,migrate/create
kodirovanie,Кодирование от алкоголизма,metro,Семёновская,semenovskaya,core,/uslugi/kodirovanie/semenovskaya/,P0,migrate/create
kodirovanie,Кодирование от алкоголизма,metro,Серпуховская,serpuhovskaya,core,/uslugi/kodirovanie/serpuhovskaya/,P0,migrate/create
kodirovanie,Кодирование от алкоголизма,metro,Севастопольская,sevastopolskaya,core,/uslugi/kodirovanie/sevastopolskaya/,P0,migrate/create
kodirovanie,Кодирование от алкоголизма,metro,Шаболовская,shabolovskaya,core,/uslugi/kodirovanie/shabolovskaya/,P0,migrate/create
kodirovanie,Кодирование от алкоголизма,metro,Шелепиха,shelepiha,core,/uslugi/kodirovanie/shelepiha/,P0,migrate/create
kodirovanie,Кодирование от алкоголизма,metro,Щукинская,shchukinskaya,core,/uslugi/kodirovanie/shchukinskaya/,P0,migrate/create
kodirovanie,Кодирование от алкоголизма,metro,Щёлковская,shchelkovskaya,core,/uslugi/kodirovanie/shchelkovskaya/,P0,migrate/create
kodirovanie,Кодирование от алкоголизма,metro,Шипиловская,shipilovskaya,core,/uslugi/kodirovanie/shipilovskaya/,P0,migrate/create
kodirovanie,Кодирование от алкоголизма,metro,Сходненская,shodnenskaya,core,/uslugi/kodirovanie/shodnenskaya/,P0,migrate/create
kodirovanie,Кодирование от алкоголизма,metro,Шоссе Энтузиастов,shosse-entuziastov,core,/uslugi/kodirovanie/shosse-entuziastov/,P0,migrate/create
kodirovanie,Кодирование от алкоголизма,metro,Улица Скобелевская,ulica-skobelevskaya,core,/uslugi/kodirovanie/ulica-skobelevskaya/,P0,migrate/create
kodirovanie,Кодирование от алкоголизма,metro,Славянский бульвар,slavyanskij-bulvar,core,/uslugi/kodirovanie/slavyanskij-bulvar/,P0,migrate/create
kodirovanie,Кодирование от алкоголизма,metro,Смоленская,smolenskaya,core,/uslugi/kodirovanie/smolenskaya/,P0,migrate/create
kodirovanie,Кодирование от алкоголизма,metro,Сокол,sokol,core,/uslugi/kodirovanie/sokol/,P0,migrate/create
kodirovanie,Кодирование от алкоголизма,metro,Соколиная гора,sokolinaya-gora,core,/uslugi/kodirovanie/sokolinaya-gora/,P0,migrate/create
kodirovanie,Кодирование от алкоголизма,metro,Спартак,spartak,core,/uslugi/kodirovanie/spartak/,P0,migrate/create
kodirovanie,Кодирование от алкоголизма,metro,Спортивная,sportivnaya,core,/uslugi/kodirovanie/sportivnaya/,P0,migrate/create
kodirovanie,Кодирование от алкоголизма,metro,Сретенский бульвар,sretenskij-bulvar,core,/uslugi/kodirovanie/sretenskij-bulvar/,P0,migrate/create
kodirovanie,Кодирование от алкоголизма,metro,Стрешнево,streshnevo,core,/uslugi/kodirovanie/streshnevo/,P0,migrate/create
kodirovanie,Кодирование от алкоголизма,metro,Строгино,strogino,core,/uslugi/kodirovanie/strogino/,P0,migrate/create
kodirovanie,Кодирование от алкоголизма,metro,Студенческая,studencheskaya,core,/uslugi/kodirovanie/studencheskaya/,P0,migrate/create
kodirovanie,Кодирование от алкоголизма,metro,Сухаревская,suharevskaya,core,/uslugi/kodirovanie/suharevskaya/,P0,migrate/create
kodirovanie,Кодирование от алкоголизма,metro,Свиблово,sviblovo,core,/uslugi/kodirovanie/sviblovo/,P0,migrate/create
kodirovanie,Кодирование от алкоголизма,metro,Таганская,taganskaya,core,/uslugi/kodirovanie/taganskaya/,P0,migrate/create
kodirovanie,Кодирование от алкоголизма,metro,Театральная,teatralnaya,core,/uslugi/kodirovanie/teatralnaya/,P0,migrate/create
kodirovanie,Кодирование от алкоголизма,metro,Технопарк,tehnopark,core,/uslugi/kodirovanie/tehnopark/,P0,migrate/create
kodirovanie,Кодирование от алкоголизма,metro,Текстильщики,tekstilshchiki,core,/uslugi/kodirovanie/tekstilshchiki/,P0,migrate/create
kodirovanie,Кодирование от алкоголизма,metro,Телецентр,telecentr,core,/uslugi/kodirovanie/telecentr/,P0,migrate/create
kodirovanie,Кодирование от алкоголизма,metro,Тёплый Стан,teplyj-stan,core,/uslugi/kodirovanie/teplyj-stan/,P0,migrate/create
kodirovanie,Кодирование от алкоголизма,metro,Тимирязевская,timiryazevskaya,core,/uslugi/kodirovanie/timiryazevskaya/,P0,migrate/create
kodirovanie,Кодирование от алкоголизма,metro,Третьяковская,tretyakovskaya,core,/uslugi/kodirovanie/tretyakovskaya/,P0,migrate/create
kodirovanie,Кодирование от алкоголизма,metro,Тропарёво,troparevo,core,/uslugi/kodirovanie/troparevo/,P0,migrate/create
kodirovanie,Кодирование от алкоголизма,metro,Трубная,trubnaya,core,/uslugi/kodirovanie/trubnaya/,P0,migrate/create
kodirovanie,Кодирование от алкоголизма,metro,Тульская,tulskaya,core,/uslugi/kodirovanie/tulskaya/,P0,migrate/create
kodirovanie,Кодирование от алкоголизма,metro,Тургеневская,turgenevskaya,core,/uslugi/kodirovanie/turgenevskaya/,P0,migrate/create
kodirovanie,Кодирование от алкоголизма,metro,Тушинская,tushinskaya,core,/uslugi/kodirovanie/tushinskaya/,P0,migrate/create
kodirovanie,Кодирование от алкоголизма,metro,Тверская,tverskaya,core,/uslugi/kodirovanie/tverskaya/,P0,migrate/create
kodirovanie,Кодирование от алкоголизма,metro,Угрешская,ugreshskaya,core,/uslugi/kodirovanie/ugreshskaya/,P0,migrate/create
kodirovanie,Кодирование от алкоголизма,metro,Улица 1905 года,ulica-1905-goda,core,/uslugi/kodirovanie/ulica-1905-goda/,P0,migrate/create
kodirovanie,Кодирование от алкоголизма,metro,Улица Академика Королёва,ulica-akademika-koroleva,core,/uslugi/kodirovanie/ulica-akademika-koroleva/,P0,migrate/create
kodirovanie,Кодирование от алкоголизма,metro,Улица Академика Янгеля,ulica-akademika-yangelya,core,/uslugi/kodirovanie/ulica-akademika-yangelya/,P0,migrate/create
kodirovanie,Кодирование от алкоголизма,metro,Улица Горчакова,ulica-gorchakova,core,/uslugi/kodirovanie/ulica-gorchakova/,P0,migrate/create
kodirovanie,Кодирование от алкоголизма,metro,Улица Милашенкова,ulica-milashenkova,core,/uslugi/kodirovanie/ulica-milashenkova/,P0,migrate/create
kodirovanie,Кодирование от алкоголизма,metro,Улица Сергея Эйзенштейна,ulica-sergeya-ejzenshtejna,core,/uslugi/kodirovanie/ulica-sergeya-ejzenshtejna/,P0,migrate/create
kodirovanie,Кодирование от алкоголизма,metro,Улица Старокачаловская,ulica-starokachalovskaya,core,/uslugi/kodirovanie/ulica-starokachalovskaya/,P0,migrate/create
kodirovanie,Кодирование от алкоголизма,metro,Университет,universitet,core,/uslugi/kodirovanie/universitet/,P0,migrate/create
kodirovanie,Кодирование от алкоголизма,metro,Варшавская,varshavskaya,core,/uslugi/kodirovanie/varshavskaya/,P0,migrate/create
kodirovanie,Кодирование от алкоголизма,metro,ВДНХ,vdnh,core,/uslugi/kodirovanie/vdnh/,P0,migrate/create
kodirovanie,Кодирование от алкоголизма,metro,Верхние Котлы,verhnie-kotly,core,/uslugi/kodirovanie/verhnie-kotly/,P0,migrate/create
kodirovanie,Кодирование от алкоголизма,metro,Верхние Лихоборы,verhnie-lihobory,core,/uslugi/kodirovanie/verhnie-lihobory/,P0,migrate/create
kodirovanie,Кодирование от алкоголизма,metro,Владыкино,vladykino,core,/uslugi/kodirovanie/vladykino/,P0,migrate/create
kodirovanie,Кодирование от алкоголизма,metro,Водный стадион,vodnyj-stadion,core,/uslugi/kodirovanie/vodnyj-stadion/,P0,migrate/create
kodirovanie,Кодирование от алкоголизма,metro,Войковская,vojkovskaya,core,/uslugi/kodirovanie/vojkovskaya/,P0,migrate/create
kodirovanie,Кодирование от алкоголизма,metro,Волгоградский проспект,volgogradskij-prospekt,core,/uslugi/kodirovanie/volgogradskij-prospekt/,P0,migrate/create
kodirovanie,Кодирование от алкоголизма,metro,Волоколамская,volokolamskaya,core,/uslugi/kodirovanie/volokolamskaya/,P0,migrate/create
kodirovanie,Кодирование от алкоголизма,metro,Волжская,volzhskaya,core,/uslugi/kodirovanie/volzhskaya/,P0,migrate/create
kodirovanie,Кодирование от алкоголизма,metro,Воробьёвы горы,vorobevy-gory,core,/uslugi/kodirovanie/vorobevy-gory/,P0,migrate/create
kodirovanie,Кодирование от алкоголизма,metro,Выхино,vyhino,core,/uslugi/kodirovanie/vyhino/,P0,migrate/create
kodirovanie,Кодирование от алкоголизма,metro,Выставочная,vystavochnaya,core,/uslugi/kodirovanie/vystavochnaya/,P0,migrate/create
kodirovanie,Кодирование от алкоголизма,metro,Выставочный центр,vystavochnyj-centr,core,/uslugi/kodirovanie/vystavochnyj-centr/,P0,migrate/create
kodirovanie,Кодирование от алкоголизма,metro,Ясенево,yasenevo,core,/uslugi/kodirovanie/yasenevo/,P0,migrate/create
kodirovanie,Кодирование от алкоголизма,metro,Юго-Западная,yugo-zapadnaya,core,/uslugi/kodirovanie/yugo-zapadnaya/,P0,migrate/create
kodirovanie,Кодирование от алкоголизма,metro,Южная,yuzhnaya,core,/uslugi/kodirovanie/yuzhnaya/,P0,migrate/create
kodirovanie,Кодирование от алкоголизма,metro,Жулебино,zhulebino,core,/uslugi/kodirovanie/zhulebino/,P0,migrate/create
kodirovanie,Кодирование от алкоголизма,metro,ЗИЛ,zil,core,/uslugi/kodirovanie/zil/,P0,migrate/create
kodirovanie,Кодирование от алкоголизма,metro,Зорге,zorge,core,/uslugi/kodirovanie/zorge/,P0,migrate/create
kodirovanie,Кодирование от алкоголизма,metro,Зябликово,zyablikovo,core,/uslugi/kodirovanie/zyablikovo/,P0,migrate/create
kodirovanie,Кодирование от алкоголизма,okrug,ЦАО,cao,core,/uslugi/kodirovanie/cao/,P0,migrate/create
kodirovanie,Кодирование от алкоголизма,okrug,САО,sao,core,/uslugi/kodirovanie/sao/,P0,migrate/create
kodirovanie,Кодирование от алкоголизма,okrug,СВАО,svao,core,/uslugi/kodirovanie/svao/,P0,migrate/create
kodirovanie,Кодирование от алкоголизма,okrug,ВАО,vao,core,/uslugi/kodirovanie/vao/,P0,migrate/create
kodirovanie,Кодирование от алкоголизма,okrug,ЮВАО,yuvao,core,/uslugi/kodirovanie/yuvao/,P0,migrate/create
kodirovanie,Кодирование от алкоголизма,okrug,ЮАО,yuao,core,/uslugi/kodirovanie/yuao/,P0,migrate/create
kodirovanie,Кодирование от алкоголизма,okrug,ЮЗАО,yuzao,core,/uslugi/kodirovanie/yuzao/,P0,migrate/create
kodirovanie,Кодирование от алкоголизма,okrug,ЗАО,zao,core,/uslugi/kodirovanie/zao/,P0,migrate/create
kodirovanie,Кодирование от алкоголизма,okrug,СЗАО,szao,core,/uslugi/kodirovanie/szao/,P0,migrate/create
kodirovanie,Кодирование от алкоголизма,okrug,ЗелАО,zelao,core,/uslugi/kodirovanie/zelao/,P0,migrate/create
kodirovanie,Кодирование от алкоголизма,okrug,НАО,nao,core,/uslugi/kodirovanie/nao/,P0,migrate/create
kodirovanie,Кодирование от алкоголизма,okrug,ТАО,tao,core,/uslugi/kodirovanie/tao/,P0,migrate/create
kodirovanie,Кодирование от алкоголизма,mo,Балашиха,balashiha,tier-1,/uslugi/kodirovanie/moskovskaya-oblast/balashiha/,P0,migrate/create
kodirovanie,Кодирование от алкоголизма,mo,Подольск,podolsk,tier-1,/uslugi/kodirovanie/moskovskaya-oblast/podolsk/,P0,migrate/create
kodirovanie,Кодирование от алкоголизма,mo,Химки,himki,tier-1,/uslugi/kodirovanie/moskovskaya-oblast/himki/,P0,migrate/create
kodirovanie,Кодирование от алкоголизма,mo,Мытищи,mytishchi,tier-1,/uslugi/kodirovanie/moskovskaya-oblast/mytishchi/,P0,migrate/create
kodirovanie,Кодирование от алкоголизма,mo,Королёв,korolev,tier-1,/uslugi/kodirovanie/moskovskaya-oblast/korolev/,P0,migrate/create
kodirovanie,Кодирование от алкоголизма,mo,Люберцы,lyubertsy,tier-1,/uslugi/kodirovanie/moskovskaya-oblast/lyubertsy/,P0,migrate/create
kodirovanie,Кодирование от алкоголизма,mo,Красногорск,krasnogorsk,tier-1,/uslugi/kodirovanie/moskovskaya-oblast/krasnogorsk/,P0,migrate/create
kodirovanie,Кодирование от алкоголизма,mo,Электросталь,elektrostal,tier-1,/uslugi/kodirovanie/moskovskaya-oblast/elektrostal/,P0,migrate/create
kodirovanie,Кодирование от алкоголизма,mo,Коломна,kolomna,tier-1,/uslugi/kodirovanie/moskovskaya-oblast/kolomna/,P0,migrate/create
kodirovanie,Кодирование от алкоголизма,mo,Одинцово,odincovo,tier-1,/uslugi/kodirovanie/moskovskaya-oblast/odincovo/,P0,migrate/create
kodirovanie,Кодирование от алкоголизма,mo,Домодедово,domodedovo,tier-1,/uslugi/kodirovanie/moskovskaya-oblast/domodedovo/,P0,migrate/create
kodirovanie,Кодирование от алкоголизма,mo,Щёлково,shchelkovo,tier-1,/uslugi/kodirovanie/moskovskaya-oblast/shchelkovo/,P0,migrate/create
kodirovanie,Кодирование от алкоголизма,mo,Серпухов,serpuhov,tier-1,/uslugi/kodirovanie/moskovskaya-oblast/serpuhov/,P0,migrate/create
kodirovanie,Кодирование от алкоголизма,mo,Раменское,ramenskoe,tier-1,/uslugi/kodirovanie/moskovskaya-oblast/ramenskoe/,P0,migrate/create
kodirovanie,Кодирование от алкоголизма,mo,Долгопрудный,dolgoprudnyj,tier-1,/uslugi/kodirovanie/moskovskaya-oblast/dolgoprudnyj/,P0,migrate/create
kodirovanie,Кодирование от алкоголизма,mo,Пушкино,pushkino,tier-1,/uslugi/kodirovanie/moskovskaya-oblast/pushkino/,P0,migrate/create
kodirovanie,Кодирование от алкоголизма,mo,Реутов,reutov,tier-1,/uslugi/kodirovanie/moskovskaya-oblast/reutov/,P0,migrate/create
kodirovanie,Кодирование от алкоголизма,mo,Жуковский,zhukovskij,tier-1,/uslugi/kodirovanie/moskovskaya-oblast/zhukovskij/,P0,migrate/create
kodirovanie,Кодирование от алкоголизма,mo,Ногинск,noginsk,tier-1,/uslugi/kodirovanie/moskovskaya-oblast/noginsk/,P0,migrate/create
kodirovanie,Кодирование от алкоголизма,mo,Сергиев Посад,sergiev-posad,tier-1,/uslugi/kodirovanie/moskovskaya-oblast/sergiev-posad/,P0,migrate/create
kodirovanie,Кодирование от алкоголизма,mo,Воскресенск,voskresensk,tier-1,/uslugi/kodirovanie/moskovskaya-oblast/voskresensk/,P0,migrate/create
kodirovanie,Кодирование от алкоголизма,mo,Орехово-Зуево,orehovo-zuevo,tier-1,/uslugi/kodirovanie/moskovskaya-oblast/orehovo-zuevo/,P0,migrate/create
kodirovanie,Кодирование от алкоголизма,mo,Павловский Посад,pavlovskij-posad,tier-1,/uslugi/kodirovanie/moskovskaya-oblast/pavlovskij-posad/,P0,migrate/create
kodirovanie,Кодирование от алкоголизма,mo,Лобня,lobnya,tier-1,/uslugi/kodirovanie/moskovskaya-oblast/lobnya/,P0,migrate/create
kodirovanie,Кодирование от алкоголизма,mo,Ивантеевка,ivanteevka,tier-1,/uslugi/kodirovanie/moskovskaya-oblast/ivanteevka/,P0,migrate/create
kodirovanie,Кодирование от алкоголизма,mo,Клин,klin,tier-1,/uslugi/kodirovanie/moskovskaya-oblast/klin/,P0,migrate/create
kodirovanie,Кодирование от алкоголизма,mo,Егорьевск,egorevsk,tier-1,/uslugi/kodirovanie/moskovskaya-oblast/egorevsk/,P0,migrate/create
kodirovanie,Кодирование от алкоголизма,mo,Дмитров,dmitrov,tier-1,/uslugi/kodirovanie/moskovskaya-oblast/dmitrov/,P0,migrate/create
kodirovanie,Кодирование от алкоголизма,mo,Чехов,chehov,tier-1,/uslugi/kodirovanie/moskovskaya-oblast/chehov/,P0,migrate/create
kodirovanie,Кодирование от алкоголизма,mo,Наро-Фоминск,naro-fominsk,tier-1,/uslugi/kodirovanie/moskovskaya-oblast/naro-fominsk/,P0,migrate/create
kodirovanie,Кодирование от алкоголизма,mo,Ступино,stupino,tier-2,/uslugi/kodirovanie/moskovskaya-oblast/stupino/,P1,migrate/create
kodirovanie,Кодирование от алкоголизма,mo,Видное,vidnoe,tier-2,/uslugi/kodirovanie/moskovskaya-oblast/vidnoe/,P1,migrate/create
kodirovanie,Кодирование от алкоголизма,mo,Фрязино,fryazino,tier-2,/uslugi/kodirovanie/moskovskaya-oblast/fryazino/,P1,migrate/create
kodirovanie,Кодирование от алкоголизма,mo,Лыткарино,lytkarino,tier-2,/uslugi/kodirovanie/moskovskaya-oblast/lytkarino/,P1,migrate/create
kodirovanie,Кодирование от алкоголизма,mo,Дзержинский,dzerzhinskij,tier-2,/uslugi/kodirovanie/moskovskaya-oblast/dzerzhinskij/,P1,migrate/create
kodirovanie,Кодирование от алкоголизма,mo,Котельники,kotelniki,tier-2,/uslugi/kodirovanie/moskovskaya-oblast/kotelniki/,P1,migrate/create
kodirovanie,Кодирование от алкоголизма,mo,Истра,istra,tier-2,/uslugi/kodirovanie/moskovskaya-oblast/istra/,P1,migrate/create
kodirovanie,Кодирование от алкоголизма,mo,Дедовск,dedovsk,tier-2,/uslugi/kodirovanie/moskovskaya-oblast/dedovsk/,P1,migrate/create
kodirovanie,Кодирование от алкоголизма,mo,Солнечногорск,solnechnogorsk,tier-2,/uslugi/kodirovanie/moskovskaya-oblast/solnechnogorsk/,P1,migrate/create
kodirovanie,Кодирование от алкоголизма,mo,Апрелевка,aprelevka,tier-2,/uslugi/kodirovanie/moskovskaya-oblast/aprelevka/,P1,migrate/create
kodirovanie,Кодирование от алкоголизма,mo,Кубинка,kubinka,tier-2,/uslugi/kodirovanie/moskovskaya-oblast/kubinka/,P1,migrate/create
kodirovanie,Кодирование от алкоголизма,mo,Руза,ruza,tier-2,/uslugi/kodirovanie/moskovskaya-oblast/ruza/,P1,migrate/create
kodirovanie,Кодирование от алкоголизма,mo,Звенигород,zvenigorod,tier-2,/uslugi/kodirovanie/moskovskaya-oblast/zvenigorod/,P1,migrate/create
kodirovanie,Кодирование от алкоголизма,mo,Можайск,mozhajsk,tier-2,/uslugi/kodirovanie/moskovskaya-oblast/mozhajsk/,P1,migrate/create
kodirovanie,Кодирование от алкоголизма,mo,Луховицы,luhovicy,tier-2,/uslugi/kodirovanie/moskovskaya-oblast/luhovicy/,P1,migrate/create
kodirovanie,Кодирование от алкоголизма,mo,Кашира,kashira,tier-2,/uslugi/kodirovanie/moskovskaya-oblast/kashira/,P1,migrate/create
kodirovanie,Кодирование от алкоголизма,mo,Протвино,protvino,tier-2,/uslugi/kodirovanie/moskovskaya-oblast/protvino/,P1,migrate/create
kodirovanie,Кодирование от алкоголизма,mo,Дубна,dubna,tier-2,/uslugi/kodirovanie/moskovskaya-oblast/dubna/,P1,migrate/create
kodirovanie,Кодирование от алкоголизма,mo,Черноголовка,chernogolovka,tier-2,/uslugi/kodirovanie/moskovskaya-oblast/chernogolovka/,P1,migrate/create
kodirovanie,Кодирование от алкоголизма,mo,Волоколамск,volokolamsk,tier-2,/uslugi/kodirovanie/moskovskaya-oblast/volokolamsk/,P1,migrate/create
psihiatr-na-dom,Психиатр на дом,okrug,ЦАО,cao,core,/uslugi/psihiatriya/psihiatr-na-dom/cao/,P1,create
psihiatr-na-dom,Психиатр на дом,okrug,САО,sao,core,/uslugi/psihiatriya/psihiatr-na-dom/sao/,P1,create
psihiatr-na-dom,Психиатр на дом,okrug,СВАО,svao,core,/uslugi/psihiatriya/psihiatr-na-dom/svao/,P1,create
psihiatr-na-dom,Психиатр на дом,okrug,ВАО,vao,core,/uslugi/psihiatriya/psihiatr-na-dom/vao/,P1,create
psihiatr-na-dom,Психиатр на дом,okrug,ЮВАО,yuvao,core,/uslugi/psihiatriya/psihiatr-na-dom/yuvao/,P1,create
psihiatr-na-dom,Психиатр на дом,okrug,ЮАО,yuao,core,/uslugi/psihiatriya/psihiatr-na-dom/yuao/,P1,create
psihiatr-na-dom,Психиатр на дом,okrug,ЮЗАО,yuzao,core,/uslugi/psihiatriya/psihiatr-na-dom/yuzao/,P1,create
psihiatr-na-dom,Психиатр на дом,okrug,ЗАО,zao,core,/uslugi/psihiatriya/psihiatr-na-dom/zao/,P1,create
psihiatr-na-dom,Психиатр на дом,okrug,СЗАО,szao,core,/uslugi/psihiatriya/psihiatr-na-dom/szao/,P1,create
psihiatr-na-dom,Психиатр на дом,okrug,ЗелАО,zelao,core,/uslugi/psihiatriya/psihiatr-na-dom/zelao/,P1,create
psihiatr-na-dom,Психиатр на дом,okrug,НАО,nao,core,/uslugi/psihiatriya/psihiatr-na-dom/nao/,P1,create
psihiatr-na-dom,Психиатр на дом,okrug,ТАО,tao,core,/uslugi/psihiatriya/psihiatr-na-dom/tao/,P1,create
psihiatr-na-dom,Психиатр на дом,mo,Балашиха,balashiha,tier-1,/uslugi/psihiatriya/psihiatr-na-dom/moskovskaya-oblast/balashiha/,P1,create
psihiatr-na-dom,Психиатр на дом,mo,Подольск,podolsk,tier-1,/uslugi/psihiatriya/psihiatr-na-dom/moskovskaya-oblast/podolsk/,P1,create
psihiatr-na-dom,Психиатр на дом,mo,Химки,himki,tier-1,/uslugi/psihiatriya/psihiatr-na-dom/moskovskaya-oblast/himki/,P1,create
psihiatr-na-dom,Психиатр на дом,mo,Мытищи,mytishchi,tier-1,/uslugi/psihiatriya/psihiatr-na-dom/moskovskaya-oblast/mytishchi/,P1,create
psihiatr-na-dom,Психиатр на дом,mo,Королёв,korolev,tier-1,/uslugi/psihiatriya/psihiatr-na-dom/moskovskaya-oblast/korolev/,P1,create
psihiatr-na-dom,Психиатр на дом,mo,Люберцы,lyubertsy,tier-1,/uslugi/psihiatriya/psihiatr-na-dom/moskovskaya-oblast/lyubertsy/,P1,create
psihiatr-na-dom,Психиатр на дом,mo,Красногорск,krasnogorsk,tier-1,/uslugi/psihiatriya/psihiatr-na-dom/moskovskaya-oblast/krasnogorsk/,P1,create
psihiatr-na-dom,Психиатр на дом,mo,Электросталь,elektrostal,tier-1,/uslugi/psihiatriya/psihiatr-na-dom/moskovskaya-oblast/elektrostal/,P1,create
psihiatr-na-dom,Психиатр на дом,mo,Коломна,kolomna,tier-1,/uslugi/psihiatriya/psihiatr-na-dom/moskovskaya-oblast/kolomna/,P1,create
psihiatr-na-dom,Психиатр на дом,mo,Одинцово,odincovo,tier-1,/uslugi/psihiatriya/psihiatr-na-dom/moskovskaya-oblast/odincovo/,P1,create
psihiatr-na-dom,Психиатр на дом,mo,Домодедово,domodedovo,tier-1,/uslugi/psihiatriya/psihiatr-na-dom/moskovskaya-oblast/domodedovo/,P1,create
psihiatr-na-dom,Психиатр на дом,mo,Щёлково,shchelkovo,tier-1,/uslugi/psihiatriya/psihiatr-na-dom/moskovskaya-oblast/shchelkovo/,P1,create
psihiatr-na-dom,Психиатр на дом,mo,Серпухов,serpuhov,tier-1,/uslugi/psihiatriya/psihiatr-na-dom/moskovskaya-oblast/serpuhov/,P1,create
psihiatr-na-dom,Психиатр на дом,mo,Раменское,ramenskoe,tier-1,/uslugi/psihiatriya/psihiatr-na-dom/moskovskaya-oblast/ramenskoe/,P1,create
psihiatr-na-dom,Психиатр на дом,mo,Долгопрудный,dolgoprudnyj,tier-1,/uslugi/psihiatriya/psihiatr-na-dom/moskovskaya-oblast/dolgoprudnyj/,P1,create
psihiatr-na-dom,Психиатр на дом,mo,Пушкино,pushkino,tier-1,/uslugi/psihiatriya/psihiatr-na-dom/moskovskaya-oblast/pushkino/,P1,create
psihiatr-na-dom,Психиатр на дом,mo,Реутов,reutov,tier-1,/uslugi/psihiatriya/psihiatr-na-dom/moskovskaya-oblast/reutov/,P1,create
psihiatr-na-dom,Психиатр на дом,mo,Жуковский,zhukovskij,tier-1,/uslugi/psihiatriya/psihiatr-na-dom/moskovskaya-oblast/zhukovskij/,P1,create
psihiatr-na-dom,Психиатр на дом,mo,Ногинск,noginsk,tier-1,/uslugi/psihiatriya/psihiatr-na-dom/moskovskaya-oblast/noginsk/,P1,create
psihiatr-na-dom,Психиатр на дом,mo,Сергиев Посад,sergiev-posad,tier-1,/uslugi/psihiatriya/psihiatr-na-dom/moskovskaya-oblast/sergiev-posad/,P1,create
psihiatr-na-dom,Психиатр на дом,mo,Воскресенск,voskresensk,tier-1,/uslugi/psihiatriya/psihiatr-na-dom/moskovskaya-oblast/voskresensk/,P1,create
psihiatr-na-dom,Психиатр на дом,mo,Орехово-Зуево,orehovo-zuevo,tier-1,/uslugi/psihiatriya/psihiatr-na-dom/moskovskaya-oblast/orehovo-zuevo/,P1,create
psihiatr-na-dom,Психиатр на дом,mo,Павловский Посад,pavlovskij-posad,tier-1,/uslugi/psihiatriya/psihiatr-na-dom/moskovskaya-oblast/pavlovskij-posad/,P1,create
psihiatr-na-dom,Психиатр на дом,mo,Лобня,lobnya,tier-1,/uslugi/psihiatriya/psihiatr-na-dom/moskovskaya-oblast/lobnya/,P1,create
psihiatr-na-dom,Психиатр на дом,mo,Ивантеевка,ivanteevka,tier-1,/uslugi/psihiatriya/psihiatr-na-dom/moskovskaya-oblast/ivanteevka/,P1,create
psihiatr-na-dom,Психиатр на дом,mo,Клин,klin,tier-1,/uslugi/psihiatriya/psihiatr-na-dom/moskovskaya-oblast/klin/,P1,create
psihiatr-na-dom,Психиатр на дом,mo,Егорьевск,egorevsk,tier-1,/uslugi/psihiatriya/psihiatr-na-dom/moskovskaya-oblast/egorevsk/,P1,create
psihiatr-na-dom,Психиатр на дом,mo,Дмитров,dmitrov,tier-1,/uslugi/psihiatriya/psihiatr-na-dom/moskovskaya-oblast/dmitrov/,P1,create
psihiatr-na-dom,Психиатр на дом,mo,Чехов,chehov,tier-1,/uslugi/psihiatriya/psihiatr-na-dom/moskovskaya-oblast/chehov/,P1,create
psihiatr-na-dom,Психиатр на дом,mo,Наро-Фоминск,naro-fominsk,tier-1,/uslugi/psihiatriya/psihiatr-na-dom/moskovskaya-oblast/naro-fominsk/,P1,create
psihiatr-na-dom,Психиатр на дом,mo,Ступино,stupino,tier-2,/uslugi/psihiatriya/psihiatr-na-dom/moskovskaya-oblast/stupino/,P1,create
psihiatr-na-dom,Психиатр на дом,mo,Видное,vidnoe,tier-2,/uslugi/psihiatriya/psihiatr-na-dom/moskovskaya-oblast/vidnoe/,P1,create
psihiatr-na-dom,Психиатр на дом,mo,Фрязино,fryazino,tier-2,/uslugi/psihiatriya/psihiatr-na-dom/moskovskaya-oblast/fryazino/,P1,create
psihiatr-na-dom,Психиатр на дом,mo,Лыткарино,lytkarino,tier-2,/uslugi/psihiatriya/psihiatr-na-dom/moskovskaya-oblast/lytkarino/,P1,create
psihiatr-na-dom,Психиатр на дом,mo,Дзержинский,dzerzhinskij,tier-2,/uslugi/psihiatriya/psihiatr-na-dom/moskovskaya-oblast/dzerzhinskij/,P1,create
psihiatr-na-dom,Психиатр на дом,mo,Котельники,kotelniki,tier-2,/uslugi/psihiatriya/psihiatr-na-dom/moskovskaya-oblast/kotelniki/,P1,create
psihiatr-na-dom,Психиатр на дом,mo,Истра,istra,tier-2,/uslugi/psihiatriya/psihiatr-na-dom/moskovskaya-oblast/istra/,P1,create
psihiatr-na-dom,Психиатр на дом,mo,Дедовск,dedovsk,tier-2,/uslugi/psihiatriya/psihiatr-na-dom/moskovskaya-oblast/dedovsk/,P1,create
psihiatr-na-dom,Психиатр на дом,mo,Солнечногорск,solnechnogorsk,tier-2,/uslugi/psihiatriya/psihiatr-na-dom/moskovskaya-oblast/solnechnogorsk/,P1,create
psihiatr-na-dom,Психиатр на дом,mo,Апрелевка,aprelevka,tier-2,/uslugi/psihiatriya/psihiatr-na-dom/moskovskaya-oblast/aprelevka/,P1,create
psihiatr-na-dom,Психиатр на дом,mo,Кубинка,kubinka,tier-2,/uslugi/psihiatriya/psihiatr-na-dom/moskovskaya-oblast/kubinka/,P1,create
psihiatr-na-dom,Психиатр на дом,mo,Руза,ruza,tier-2,/uslugi/psihiatriya/psihiatr-na-dom/moskovskaya-oblast/ruza/,P1,create
psihiatr-na-dom,Психиатр на дом,mo,Звенигород,zvenigorod,tier-2,/uslugi/psihiatriya/psihiatr-na-dom/moskovskaya-oblast/zvenigorod/,P1,create
psihiatr-na-dom,Психиатр на дом,mo,Можайск,mozhajsk,tier-2,/uslugi/psihiatriya/psihiatr-na-dom/moskovskaya-oblast/mozhajsk/,P1,create
psihiatr-na-dom,Психиатр на дом,mo,Луховицы,luhovicy,tier-2,/uslugi/psihiatriya/psihiatr-na-dom/moskovskaya-oblast/luhovicy/,P1,create
psihiatr-na-dom,Психиатр на дом,mo,Кашира,kashira,tier-2,/uslugi/psihiatriya/psihiatr-na-dom/moskovskaya-oblast/kashira/,P1,create
psihiatr-na-dom,Психиатр на дом,mo,Протвино,protvino,tier-2,/uslugi/psihiatriya/psihiatr-na-dom/moskovskaya-oblast/protvino/,P1,create
psihiatr-na-dom,Психиатр на дом,mo,Дубна,dubna,tier-2,/uslugi/psihiatriya/psihiatr-na-dom/moskovskaya-oblast/dubna/,P1,create
psihiatr-na-dom,Психиатр на дом,mo,Черноголовка,chernogolovka,tier-2,/uslugi/psihiatriya/psihiatr-na-dom/moskovskaya-oblast/chernogolovka/,P1,create
psihiatr-na-dom,Психиатр на дом,mo,Волоколамск,volokolamsk,tier-2,/uslugi/psihiatriya/psihiatr-na-dom/moskovskaya-oblast/volokolamsk/,P1,create
lechenie-alkogolizma,Лечение алкоголизма на дому,mo,Балашиха,balashiha,tier-1,/uslugi/lechenie-alkogolizma/na-domu/moskovskaya-oblast/balashiha/,P1,create
lechenie-alkogolizma,Лечение алкоголизма на дому,mo,Подольск,podolsk,tier-1,/uslugi/lechenie-alkogolizma/na-domu/moskovskaya-oblast/podolsk/,P1,create
lechenie-alkogolizma,Лечение алкоголизма на дому,mo,Химки,himki,tier-1,/uslugi/lechenie-alkogolizma/na-domu/moskovskaya-oblast/himki/,P1,create
lechenie-alkogolizma,Лечение алкоголизма на дому,mo,Мытищи,mytishchi,tier-1,/uslugi/lechenie-alkogolizma/na-domu/moskovskaya-oblast/mytishchi/,P1,create
lechenie-alkogolizma,Лечение алкоголизма на дому,mo,Королёв,korolev,tier-1,/uslugi/lechenie-alkogolizma/na-domu/moskovskaya-oblast/korolev/,P1,create
lechenie-alkogolizma,Лечение алкоголизма на дому,mo,Люберцы,lyubertsy,tier-1,/uslugi/lechenie-alkogolizma/na-domu/moskovskaya-oblast/lyubertsy/,P1,create
lechenie-alkogolizma,Лечение алкоголизма на дому,mo,Красногорск,krasnogorsk,tier-1,/uslugi/lechenie-alkogolizma/na-domu/moskovskaya-oblast/krasnogorsk/,P1,create
lechenie-alkogolizma,Лечение алкоголизма на дому,mo,Электросталь,elektrostal,tier-1,/uslugi/lechenie-alkogolizma/na-domu/moskovskaya-oblast/elektrostal/,P1,create
lechenie-alkogolizma,Лечение алкоголизма на дому,mo,Коломна,kolomna,tier-1,/uslugi/lechenie-alkogolizma/na-domu/moskovskaya-oblast/kolomna/,P1,create
lechenie-alkogolizma,Лечение алкоголизма на дому,mo,Одинцово,odincovo,tier-1,/uslugi/lechenie-alkogolizma/na-domu/moskovskaya-oblast/odincovo/,P1,create
lechenie-alkogolizma,Лечение алкоголизма на дому,mo,Домодедово,domodedovo,tier-1,/uslugi/lechenie-alkogolizma/na-domu/moskovskaya-oblast/domodedovo/,P1,create
lechenie-alkogolizma,Лечение алкоголизма на дому,mo,Щёлково,shchelkovo,tier-1,/uslugi/lechenie-alkogolizma/na-domu/moskovskaya-oblast/shchelkovo/,P1,create
lechenie-alkogolizma,Лечение алкоголизма на дому,mo,Серпухов,serpuhov,tier-1,/uslugi/lechenie-alkogolizma/na-domu/moskovskaya-oblast/serpuhov/,P1,create
lechenie-alkogolizma,Лечение алкоголизма на дому,mo,Раменское,ramenskoe,tier-1,/uslugi/lechenie-alkogolizma/na-domu/moskovskaya-oblast/ramenskoe/,P1,create
lechenie-alkogolizma,Лечение алкоголизма на дому,mo,Долгопрудный,dolgoprudnyj,tier-1,/uslugi/lechenie-alkogolizma/na-domu/moskovskaya-oblast/dolgoprudnyj/,P1,create
lechenie-alkogolizma,Лечение алкоголизма на дому,mo,Пушкино,pushkino,tier-1,/uslugi/lechenie-alkogolizma/na-domu/moskovskaya-oblast/pushkino/,P1,create
lechenie-alkogolizma,Лечение алкоголизма на дому,mo,Реутов,reutov,tier-1,/uslugi/lechenie-alkogolizma/na-domu/moskovskaya-oblast/reutov/,P1,create
lechenie-alkogolizma,Лечение алкоголизма на дому,mo,Жуковский,zhukovskij,tier-1,/uslugi/lechenie-alkogolizma/na-domu/moskovskaya-oblast/zhukovskij/,P1,create
lechenie-alkogolizma,Лечение алкоголизма на дому,mo,Ногинск,noginsk,tier-1,/uslugi/lechenie-alkogolizma/na-domu/moskovskaya-oblast/noginsk/,P1,create
lechenie-alkogolizma,Лечение алкоголизма на дому,mo,Сергиев Посад,sergiev-posad,tier-1,/uslugi/lechenie-alkogolizma/na-domu/moskovskaya-oblast/sergiev-posad/,P1,create
lechenie-alkogolizma,Лечение алкоголизма на дому,mo,Воскресенск,voskresensk,tier-1,/uslugi/lechenie-alkogolizma/na-domu/moskovskaya-oblast/voskresensk/,P1,create
lechenie-alkogolizma,Лечение алкоголизма на дому,mo,Орехово-Зуево,orehovo-zuevo,tier-1,/uslugi/lechenie-alkogolizma/na-domu/moskovskaya-oblast/orehovo-zuevo/,P1,create
lechenie-alkogolizma,Лечение алкоголизма на дому,mo,Павловский Посад,pavlovskij-posad,tier-1,/uslugi/lechenie-alkogolizma/na-domu/moskovskaya-oblast/pavlovskij-posad/,P1,create
lechenie-alkogolizma,Лечение алкоголизма на дому,mo,Лобня,lobnya,tier-1,/uslugi/lechenie-alkogolizma/na-domu/moskovskaya-oblast/lobnya/,P1,create
lechenie-alkogolizma,Лечение алкоголизма на дому,mo,Ивантеевка,ivanteevka,tier-1,/uslugi/lechenie-alkogolizma/na-domu/moskovskaya-oblast/ivanteevka/,P1,create
lechenie-alkogolizma,Лечение алкоголизма на дому,mo,Клин,klin,tier-1,/uslugi/lechenie-alkogolizma/na-domu/moskovskaya-oblast/klin/,P1,create
lechenie-alkogolizma,Лечение алкоголизма на дому,mo,Егорьевск,egorevsk,tier-1,/uslugi/lechenie-alkogolizma/na-domu/moskovskaya-oblast/egorevsk/,P1,create
lechenie-alkogolizma,Лечение алкоголизма на дому,mo,Дмитров,dmitrov,tier-1,/uslugi/lechenie-alkogolizma/na-domu/moskovskaya-oblast/dmitrov/,P1,create
lechenie-alkogolizma,Лечение алкоголизма на дому,mo,Чехов,chehov,tier-1,/uslugi/lechenie-alkogolizma/na-domu/moskovskaya-oblast/chehov/,P1,create
lechenie-alkogolizma,Лечение алкоголизма на дому,mo,Наро-Фоминск,naro-fominsk,tier-1,/uslugi/lechenie-alkogolizma/na-domu/moskovskaya-oblast/naro-fominsk/,P1,create
lechenie-narkomanii,Лечение наркомании,mo,Балашиха,balashiha,tier-1,/uslugi/lechenie-narkomanii/moskovskaya-oblast/balashiha/,P1,create
lechenie-narkomanii,Лечение наркомании,mo,Подольск,podolsk,tier-1,/uslugi/lechenie-narkomanii/moskovskaya-oblast/podolsk/,P1,create
lechenie-narkomanii,Лечение наркомании,mo,Химки,himki,tier-1,/uslugi/lechenie-narkomanii/moskovskaya-oblast/himki/,P1,create
lechenie-narkomanii,Лечение наркомании,mo,Мытищи,mytishchi,tier-1,/uslugi/lechenie-narkomanii/moskovskaya-oblast/mytishchi/,P1,create
lechenie-narkomanii,Лечение наркомании,mo,Королёв,korolev,tier-1,/uslugi/lechenie-narkomanii/moskovskaya-oblast/korolev/,P1,create
lechenie-narkomanii,Лечение наркомании,mo,Люберцы,lyubertsy,tier-1,/uslugi/lechenie-narkomanii/moskovskaya-oblast/lyubertsy/,P1,create
lechenie-narkomanii,Лечение наркомании,mo,Красногорск,krasnogorsk,tier-1,/uslugi/lechenie-narkomanii/moskovskaya-oblast/krasnogorsk/,P1,create
lechenie-narkomanii,Лечение наркомании,mo,Электросталь,elektrostal,tier-1,/uslugi/lechenie-narkomanii/moskovskaya-oblast/elektrostal/,P1,create
lechenie-narkomanii,Лечение наркомании,mo,Коломна,kolomna,tier-1,/uslugi/lechenie-narkomanii/moskovskaya-oblast/kolomna/,P1,create
lechenie-narkomanii,Лечение наркомании,mo,Одинцово,odincovo,tier-1,/uslugi/lechenie-narkomanii/moskovskaya-oblast/odincovo/,P1,create
lechenie-narkomanii,Лечение наркомании,mo,Домодедово,domodedovo,tier-1,/uslugi/lechenie-narkomanii/moskovskaya-oblast/domodedovo/,P1,create
lechenie-narkomanii,Лечение наркомании,mo,Щёлково,shchelkovo,tier-1,/uslugi/lechenie-narkomanii/moskovskaya-oblast/shchelkovo/,P1,create
lechenie-narkomanii,Лечение наркомании,mo,Серпухов,serpuhov,tier-1,/uslugi/lechenie-narkomanii/moskovskaya-oblast/serpuhov/,P1,create
lechenie-narkomanii,Лечение наркомании,mo,Раменское,ramenskoe,tier-1,/uslugi/lechenie-narkomanii/moskovskaya-oblast/ramenskoe/,P1,create
lechenie-narkomanii,Лечение наркомании,mo,Долгопрудный,dolgoprudnyj,tier-1,/uslugi/lechenie-narkomanii/moskovskaya-oblast/dolgoprudnyj/,P1,create
lechenie-narkomanii,Лечение наркомании,mo,Пушкино,pushkino,tier-1,/uslugi/lechenie-narkomanii/moskovskaya-oblast/pushkino/,P1,create
lechenie-narkomanii,Лечение наркомании,mo,Реутов,reutov,tier-1,/uslugi/lechenie-narkomanii/moskovskaya-oblast/reutov/,P1,create
lechenie-narkomanii,Лечение наркомании,mo,Жуковский,zhukovskij,tier-1,/uslugi/lechenie-narkomanii/moskovskaya-oblast/zhukovskij/,P1,create
lechenie-narkomanii,Лечение наркомании,mo,Ногинск,noginsk,tier-1,/uslugi/lechenie-narkomanii/moskovskaya-oblast/noginsk/,P1,create
lechenie-narkomanii,Лечение наркомании,mo,Сергиев Посад,sergiev-posad,tier-1,/uslugi/lechenie-narkomanii/moskovskaya-oblast/sergiev-posad/,P1,create
lechenie-narkomanii,Лечение наркомании,mo,Воскресенск,voskresensk,tier-1,/uslugi/lechenie-narkomanii/moskovskaya-oblast/voskresensk/,P1,create
lechenie-narkomanii,Лечение наркомании,mo,Орехово-Зуево,orehovo-zuevo,tier-1,/uslugi/lechenie-narkomanii/moskovskaya-oblast/orehovo-zuevo/,P1,create
lechenie-narkomanii,Лечение наркомании,mo,Павловский Посад,pavlovskij-posad,tier-1,/uslugi/lechenie-narkomanii/moskovskaya-oblast/pavlovskij-posad/,P1,create
lechenie-narkomanii,Лечение наркомании,mo,Лобня,lobnya,tier-1,/uslugi/lechenie-narkomanii/moskovskaya-oblast/lobnya/,P1,create
lechenie-narkomanii,Лечение наркомании,mo,Ивантеевка,ivanteevka,tier-1,/uslugi/lechenie-narkomanii/moskovskaya-oblast/ivanteevka/,P1,create
lechenie-narkomanii,Лечение наркомании,mo,Клин,klin,tier-1,/uslugi/lechenie-narkomanii/moskovskaya-oblast/klin/,P1,create
lechenie-narkomanii,Лечение наркомании,mo,Егорьевск,egorevsk,tier-1,/uslugi/lechenie-narkomanii/moskovskaya-oblast/egorevsk/,P1,create
lechenie-narkomanii,Лечение наркомании,mo,Дмитров,dmitrov,tier-1,/uslugi/lechenie-narkomanii/moskovskaya-oblast/dmitrov/,P1,create
lechenie-narkomanii,Лечение наркомании,mo,Чехов,chehov,tier-1,/uslugi/lechenie-narkomanii/moskovskaya-oblast/chehov/,P1,create
lechenie-narkomanii,Лечение наркомании,mo,Наро-Фоминск,naro-fominsk,tier-1,/uslugi/lechenie-narkomanii/moskovskaya-oblast/naro-fominsk/,P1,create
reabilitaciya,Реабилитация зависимых,mo,Балашиха,balashiha,tier-1,/uslugi/reabilitaciya/moskovskaya-oblast/balashiha/,P1,create
reabilitaciya,Реабилитация зависимых,mo,Подольск,podolsk,tier-1,/uslugi/reabilitaciya/moskovskaya-oblast/podolsk/,P1,create
reabilitaciya,Реабилитация зависимых,mo,Химки,himki,tier-1,/uslugi/reabilitaciya/moskovskaya-oblast/himki/,P1,create
reabilitaciya,Реабилитация зависимых,mo,Мытищи,mytishchi,tier-1,/uslugi/reabilitaciya/moskovskaya-oblast/mytishchi/,P1,create
reabilitaciya,Реабилитация зависимых,mo,Королёв,korolev,tier-1,/uslugi/reabilitaciya/moskovskaya-oblast/korolev/,P1,create
reabilitaciya,Реабилитация зависимых,mo,Люберцы,lyubertsy,tier-1,/uslugi/reabilitaciya/moskovskaya-oblast/lyubertsy/,P1,create
reabilitaciya,Реабилитация зависимых,mo,Красногорск,krasnogorsk,tier-1,/uslugi/reabilitaciya/moskovskaya-oblast/krasnogorsk/,P1,create
reabilitaciya,Реабилитация зависимых,mo,Электросталь,elektrostal,tier-1,/uslugi/reabilitaciya/moskovskaya-oblast/elektrostal/,P1,create
reabilitaciya,Реабилитация зависимых,mo,Коломна,kolomna,tier-1,/uslugi/reabilitaciya/moskovskaya-oblast/kolomna/,P1,create
reabilitaciya,Реабилитация зависимых,mo,Одинцово,odincovo,tier-1,/uslugi/reabilitaciya/moskovskaya-oblast/odincovo/,P1,create
reabilitaciya,Реабилитация зависимых,mo,Домодедово,domodedovo,tier-1,/uslugi/reabilitaciya/moskovskaya-oblast/domodedovo/,P1,create
reabilitaciya,Реабилитация зависимых,mo,Щёлково,shchelkovo,tier-1,/uslugi/reabilitaciya/moskovskaya-oblast/shchelkovo/,P1,create
reabilitaciya,Реабилитация зависимых,mo,Серпухов,serpuhov,tier-1,/uslugi/reabilitaciya/moskovskaya-oblast/serpuhov/,P1,create
reabilitaciya,Реабилитация зависимых,mo,Раменское,ramenskoe,tier-1,/uslugi/reabilitaciya/moskovskaya-oblast/ramenskoe/,P1,create
reabilitaciya,Реабилитация зависимых,mo,Долгопрудный,dolgoprudnyj,tier-1,/uslugi/reabilitaciya/moskovskaya-oblast/dolgoprudnyj/,P1,create
reabilitaciya,Реабилитация зависимых,mo,Пушкино,pushkino,tier-1,/uslugi/reabilitaciya/moskovskaya-oblast/pushkino/,P1,create
reabilitaciya,Реабилитация зависимых,mo,Реутов,reutov,tier-1,/uslugi/reabilitaciya/moskovskaya-oblast/reutov/,P1,create
reabilitaciya,Реабилитация зависимых,mo,Жуковский,zhukovskij,tier-1,/uslugi/reabilitaciya/moskovskaya-oblast/zhukovskij/,P1,create
reabilitaciya,Реабилитация зависимых,mo,Ногинск,noginsk,tier-1,/uslugi/reabilitaciya/moskovskaya-oblast/noginsk/,P1,create
reabilitaciya,Реабилитация зависимых,mo,Сергиев Посад,sergiev-posad,tier-1,/uslugi/reabilitaciya/moskovskaya-oblast/sergiev-posad/,P1,create
reabilitaciya,Реабилитация зависимых,mo,Воскресенск,voskresensk,tier-1,/uslugi/reabilitaciya/moskovskaya-oblast/voskresensk/,P1,create
reabilitaciya,Реабилитация зависимых,mo,Орехово-Зуево,orehovo-zuevo,tier-1,/uslugi/reabilitaciya/moskovskaya-oblast/orehovo-zuevo/,P1,create
reabilitaciya,Реабилитация зависимых,mo,Павловский Посад,pavlovskij-posad,tier-1,/uslugi/reabilitaciya/moskovskaya-oblast/pavlovskij-posad/,P1,create
reabilitaciya,Реабилитация зависимых,mo,Лобня,lobnya,tier-1,/uslugi/reabilitaciya/moskovskaya-oblast/lobnya/,P1,create
reabilitaciya,Реабилитация зависимых,mo,Ивантеевка,ivanteevka,tier-1,/uslugi/reabilitaciya/moskovskaya-oblast/ivanteevka/,P1,create
reabilitaciya,Реабилитация зависимых,mo,Клин,klin,tier-1,/uslugi/reabilitaciya/moskovskaya-oblast/klin/,P1,create
reabilitaciya,Реабилитация зависимых,mo,Егорьевск,egorevsk,tier-1,/uslugi/reabilitaciya/moskovskaya-oblast/egorevsk/,P1,create
reabilitaciya,Реабилитация зависимых,mo,Дмитров,dmitrov,tier-1,/uslugi/reabilitaciya/moskovskaya-oblast/dmitrov/,P1,create
reabilitaciya,Реабилитация зависимых,mo,Чехов,chehov,tier-1,/uslugi/reabilitaciya/moskovskaya-oblast/chehov/,P1,create
reabilitaciya,Реабилитация зависимых,mo,Наро-Фоминск,naro-fominsk,tier-1,/uslugi/reabilitaciya/moskovskaya-oblast/naro-fominsk/,P1,create
